,k,rhoa,r
0,2.5132741228718345,1.0,0.3978873577297384
1,-15.70796326794897,1.0,-0.06366197723675812
2,-4.886921905584123,1.0,-0.204627783975294
3,-13.962634015954636,1.0,-0.0716197243913529
4,-28.274333882308145,1.0,-0.03536776513153229
5,-48.869219055841214,1.0,-0.020462778397529406
6,-76.79448708775051,1.0,-0.013021768071155071
7,-113.09733552923261,1.0,-0.00884194128288307
8,-158.82496193148398,1.0,-0.006296239506932123
9,-215.0245638457016,1.0,-0.00465063145398395
10,-282.74333882308133,1.0,-0.0035367765131532306
11,-363.0284844148207,1.0,-0.0027546047842828027
12,-456.92719817211463,1.0,-0.00218853244893363
13,-565.4866776461632,1.0,-0.0017683882565766135
14,-689.7541203881602,1.0,-0.001449791991727789
15,-830.7767239493037,1.0,-0.00120369284691349
16,-989.6016858807833,1.0,-0.0010105075751866387
17,-1167.2762037338007,1.0,-0.0008566952678391546
18,-1364.8474750595656,1.0,-0.0007326826024690834
19,-1583.3626974092565,1.0,-0.0006315672344916479
20,-1823.86906833408,1.0,-0.000548284971417054
21,-2087.4137853852153,1.0,-0.0004790617016144013
22,-2375.044046113875,1.0,-0.00042104482299443365
23,-2687.807048071285,1.0,-0.000372050516318714
24,-3026.7499888085767,1.0,-0.00033038738042372347
25,-3392.9200658769864,1.0,-0.00029473137609610164
26,-3787.3644768276736,1.0,-0.00026403585029070344
27,-4211.130419211901,1.0,-0.000237465929679553
28,-4665.265090580819,1.0,-0.00021435009170625745
29,-5150.815688485627,1.0,-0.00019414400756669406
30,-5668.829410477594,1.0,-0.00017640326204766688
31,-6220.353454107875,1.0,-0.00016076256877969007
32,-6806.435016927535,1.0,-0.00014691978950992848
33,-7428.121296487948,1.0,-0.00013462354208900774
34,-8086.459490339976,1.0,-0.00012366351444591944
35,-8782.496796035577,1.0,-0.00011386283687019395
36,-9517.28041112493,1.0,-0.00010507203284996006
37,-10291.857533160337,1.0,-9.716418992179038e-05
38,-11107.275359691725,1.0,-9.003108031596999e-05
39,-11964.581088271543,1.0,-8.358002613064863e-05
40,-12864.821916449962,1.0,-7.773135193743508e-05
41,-13809.045041779282,1.0,-7.241630373240864e-05
42,-14798.297661809585,1.0,-6.757534027584337e-05
43,-15833.626974093131,1.0,-6.315672344916253e-05
44,-16916.080176179392,1.0,-5.9115349985640504e-05
45,-18046.704465621136,1.0,-5.541177902619251e-05
46,-19226.547039968704,1.0,-5.201141931107915e-05
47,-20456.65509677482,1.0,-4.8883847103511034e-05
48,-21738.075833590116,1.0,-4.600223164438408e-05
49,-23071.856447964212,1.0,-4.3342849425895974e-05
50,-24459.044137448964,1.0,-4.0884672122935145e-05
51,-25900.68609959503,1.0,-3.860901584439632e-05
52,-27397.829531956027,1.0,-3.64992416218091e-05
53,-28951.521632081847,1.0,-3.454049886248041e-05
54,-30562.8095975234,1.0,-3.2719504952876885e-05
55,-32232.74062583175,1.0,-3.102435537853665e-05
56,-33962.36191455721,1.0,-2.9444359686049172e-05
57,-35752.72066125325,1.0,-2.796989939520163e-05
58,-37604.8640634688,1.0,-2.6592304610175387e-05
59,-6.27289624827045,1.0,-0.15941599548625054
60,6.29317447300976,1.0,0.1589023161980987
61,2.5132741228718345,1.0,0.3978873577297384
62,-15.70796326794897,1.0,-0.06366197723675812
63,-4.886921905584123,1.0,-0.204627783975294
64,-13.962634015954636,1.0,-0.0716197243913529
65,-28.274333882308145,1.0,-0.03536776513153229
66,-48.869219055841214,1.0,-0.020462778397529406
67,-76.79448708775051,1.0,-0.013021768071155071
68,-113.09733552923261,1.0,-0.00884194128288307
69,-158.82496193148398,1.0,-0.006296239506932123
70,-215.0245638457016,1.0,-0.00465063145398395
71,-282.74333882308133,1.0,-0.0035367765131532306
72,-363.0284844148207,1.0,-0.0027546047842828027
73,-456.92719817211463,1.0,-0.00218853244893363
74,-565.4866776461632,1.0,-0.0017683882565766135
75,-689.7541203881602,1.0,-0.001449791991727789
76,-830.7767239493037,1.0,-0.00120369284691349
77,-989.6016858807833,1.0,-0.0010105075751866387
78,-1167.2762037338007,1.0,-0.0008566952678391546
79,-1364.8474750595656,1.0,-0.0007326826024690834
80,-1583.3626974092565,1.0,-0.0006315672344916479
81,-1823.86906833408,1.0,-0.000548284971417054
82,-2087.4137853852153,1.0,-0.0004790617016144013
83,-2375.044046113875,1.0,-0.00042104482299443365
84,-2687.807048071285,1.0,-0.000372050516318714
85,-3026.7499888085767,1.0,-0.00033038738042372347
86,-3392.9200658769864,1.0,-0.00029473137609610164
87,-3787.3644768276736,1.0,-0.00026403585029070344
88,-4211.130419211901,1.0,-0.000237465929679553
89,-4665.265090580819,1.0,-0.00021435009170625745
90,-5150.815688485627,1.0,-0.00019414400756669406
91,-5668.829410477594,1.0,-0.00017640326204766688
92,-6220.353454107875,1.0,-0.00016076256877969007
93,-6806.435016927535,1.0,-0.00014691978950992848
94,-7428.121296487948,1.0,-0.00013462354208900774
95,-8086.459490339976,1.0,-0.00012366351444591944
96,-8782.496796035577,1.0,-0.00011386283687019395
97,-9517.28041112493,1.0,-0.00010507203284996006
98,-10291.857533160337,1.0,-9.716418992179038e-05
99,-11107.275359691725,1.0,-9.003108031596999e-05
100,-11964.581088271543,1.0,-8.358002613064863e-05
101,-12864.821916449962,1.0,-7.773135193743508e-05
102,-13809.045041779282,1.0,-7.241630373240864e-05
103,-14798.297661809585,1.0,-6.757534027584337e-05
104,-15833.626974093131,1.0,-6.315672344916253e-05
105,-16916.080176179392,1.0,-5.9115349985640504e-05
106,-18046.704465621136,1.0,-5.541177902619251e-05
107,-19226.547039968704,1.0,-5.201141931107915e-05
108,-20456.65509677482,1.0,-4.8883847103511034e-05
109,-21738.075833590116,1.0,-4.600223164438408e-05
110,-23071.856447964212,1.0,-4.3342849425895974e-05
111,-24459.044137448964,1.0,-4.0884672122935145e-05
112,-25900.68609959503,1.0,-3.860901584439632e-05
113,-27397.829531956027,1.0,-3.64992416218091e-05
114,-28951.521632081847,1.0,-3.454049886248041e-05
115,-30562.8095975234,1.0,-3.2719504952876885e-05
116,-32232.74062583175,1.0,-3.102435537853665e-05
117,-33962.36191455721,1.0,-2.9444359686049172e-05
118,-35752.72066125325,1.0,-2.796989939520163e-05
119,-4.1838967582854725,1.0,-0.23901163383624982
120,-6.27289624827045,1.0,-0.15941599548625054
121,2.5132741228718345,1.0,0.3978873577297384
122,-15.70796326794897,1.0,-0.06366197723675812
123,-4.886921905584123,1.0,-0.204627783975294
124,-13.962634015954636,1.0,-0.0716197243913529
125,-28.274333882308145,1.0,-0.03536776513153229
126,-48.869219055841214,1.0,-0.020462778397529406
127,-76.79448708775051,1.0,-0.013021768071155071
128,-113.09733552923261,1.0,-0.00884194128288307
129,-158.82496193148398,1.0,-0.006296239506932123
130,-215.0245638457016,1.0,-0.00465063145398395
131,-282.74333882308133,1.0,-0.0035367765131532306
132,-363.0284844148207,1.0,-0.0027546047842828027
133,-456.92719817211463,1.0,-0.00218853244893363
134,-565.4866776461632,1.0,-0.0017683882565766135
135,-689.7541203881602,1.0,-0.001449791991727789
136,-830.7767239493037,1.0,-0.00120369284691349
137,-989.6016858807833,1.0,-0.0010105075751866387
138,-1167.2762037338007,1.0,-0.0008566952678391546
139,-1364.8474750595656,1.0,-0.0007326826024690834
140,-1583.3626974092565,1.0,-0.0006315672344916479
141,-1823.86906833408,1.0,-0.000548284971417054
142,-2087.4137853852153,1.0,-0.0004790617016144013
143,-2375.044046113875,1.0,-0.00042104482299443365
144,-2687.807048071285,1.0,-0.000372050516318714
145,-3026.7499888085767,1.0,-0.00033038738042372347
146,-3392.9200658769864,1.0,-0.00029473137609610164
147,-3787.3644768276736,1.0,-0.00026403585029070344
148,-4211.130419211901,1.0,-0.000237465929679553
149,-4665.265090580819,1.0,-0.00021435009170625745
150,-5150.815688485627,1.0,-0.00019414400756669406
151,-5668.829410477594,1.0,-0.00017640326204766688
152,-6220.353454107875,1.0,-0.00016076256877969007
153,-6806.435016927535,1.0,-0.00014691978950992848
154,-7428.121296487948,1.0,-0.00013462354208900774
155,-8086.459490339976,1.0,-0.00012366351444591944
156,-8782.496796035577,1.0,-0.00011386283687019395
157,-9517.28041112493,1.0,-0.00010507203284996006
158,-10291.857533160337,1.0,-9.716418992179038e-05
159,-11107.275359691725,1.0,-9.003108031596999e-05
160,-11964.581088271543,1.0,-8.358002613064863e-05
161,-12864.821916449962,1.0,-7.773135193743508e-05
162,-13809.045041779282,1.0,-7.241630373240864e-05
163,-14798.297661809585,1.0,-6.757534027584337e-05
164,-15833.626974093131,1.0,-6.315672344916253e-05
165,-16916.080176179392,1.0,-5.9115349985640504e-05
166,-18046.704465621136,1.0,-5.541177902619251e-05
167,-19226.547039968704,1.0,-5.201141931107915e-05
168,-20456.65509677482,1.0,-4.8883847103511034e-05
169,-21738.075833590116,1.0,-4.600223164438408e-05
170,-23071.856447964212,1.0,-4.3342849425895974e-05
171,-24459.044137448964,1.0,-4.0884672122935145e-05
172,-25900.68609959503,1.0,-3.860901584439632e-05
173,-27397.829531956027,1.0,-3.64992416218091e-05
174,-28951.521632081847,1.0,-3.454049886248041e-05
175,-30562.8095975234,1.0,-3.2719504952876885e-05
176,-32232.74062583175,1.0,-3.102435537853665e-05
177,-33962.36191455721,1.0,-2.9444359686049172e-05
178,-10.440376310059019,1.0,-0.09578198814888762
179,-4.1838967582854725,1.0,-0.23901163383624982
180,2.5132741228718345,1.0,0.3978873577297384
181,-15.70796326794897,1.0,-0.06366197723675812
182,-4.886921905584123,1.0,-0.204627783975294
183,-13.962634015954636,1.0,-0.0716197243913529
184,-28.274333882308145,1.0,-0.03536776513153229
185,-48.869219055841214,1.0,-0.020462778397529406
186,-76.79448708775051,1.0,-0.013021768071155071
187,-113.09733552923261,1.0,-0.00884194128288307
188,-158.82496193148398,1.0,-0.006296239506932123
189,-215.0245638457016,1.0,-0.00465063145398395
190,-282.74333882308133,1.0,-0.0035367765131532306
191,-363.0284844148207,1.0,-0.0027546047842828027
192,-456.92719817211463,1.0,-0.00218853244893363
193,-565.4866776461632,1.0,-0.0017683882565766135
194,-689.7541203881602,1.0,-0.001449791991727789
195,-830.7767239493037,1.0,-0.00120369284691349
196,-989.6016858807833,1.0,-0.0010105075751866387
197,-1167.2762037338007,1.0,-0.0008566952678391546
198,-1364.8474750595656,1.0,-0.0007326826024690834
199,-1583.3626974092565,1.0,-0.0006315672344916479
200,-1823.86906833408,1.0,-0.000548284971417054
201,-2087.4137853852153,1.0,-0.0004790617016144013
202,-2375.044046113875,1.0,-0.00042104482299443365
203,-2687.807048071285,1.0,-0.000372050516318714
204,-3026.7499888085767,1.0,-0.00033038738042372347
205,-3392.9200658769864,1.0,-0.00029473137609610164
206,-3787.3644768276736,1.0,-0.00026403585029070344
207,-4211.130419211901,1.0,-0.000237465929679553
208,-4665.265090580819,1.0,-0.00021435009170625745
209,-5150.815688485627,1.0,-0.00019414400756669406
210,-5668.829410477594,1.0,-0.00017640326204766688
211,-6220.353454107875,1.0,-0.00016076256877969007
212,-6806.435016927535,1.0,-0.00014691978950992848
213,-7428.121296487948,1.0,-0.00013462354208900774
214,-8086.459490339976,1.0,-0.00012366351444591944
215,-8782.496796035577,1.0,-0.00011386283687019395
216,-9517.28041112493,1.0,-0.00010507203284996006
217,-10291.857533160337,1.0,-9.716418992179038e-05
218,-11107.275359691725,1.0,-9.003108031596999e-05
219,-11964.581088271543,1.0,-8.358002613064863e-05
220,-12864.821916449962,1.0,-7.773135193743508e-05
221,-13809.045041779282,1.0,-7.241630373240864e-05
222,-14798.297661809585,1.0,-6.757534027584337e-05
223,-15833.626974093131,1.0,-6.315672344916253e-05
224,-16916.080176179392,1.0,-5.9115349985640504e-05
225,-18046.704465621136,1.0,-5.541177902619251e-05
226,-19226.547039968704,1.0,-5.201141931107915e-05
227,-20456.65509677482,1.0,-4.8883847103511034e-05
228,-21738.075833590116,1.0,-4.600223164438408e-05
229,-23071.856447964212,1.0,-4.3342849425895974e-05
230,-24459.044137448964,1.0,-4.0884672122935145e-05
231,-25900.68609959503,1.0,-3.860901584439632e-05
232,-27397.829531956027,1.0,-3.64992416218091e-05
233,-28951.521632081847,1.0,-3.454049886248041e-05
234,-30562.8095975234,1.0,-3.2719504952876885e-05
235,-32232.74062583175,1.0,-3.102435537853665e-05
236,-18.743791580333117,1.0,-0.05335099868743994
237,-10.440376310059019,1.0,-0.09578198814888762
238,-4.1838967582854725,1.0,-0.23901163383624982
239,2.5132741228718345,1.0,0.3978873577297384
240,-15.70796326794897,1.0,-0.06366197723675812
241,-4.886921905584123,1.0,-0.204627783975294
242,-13.962634015954636,1.0,-0.0716197243913529
243,-28.274333882308145,1.0,-0.03536776513153229
244,-48.869219055841214,1.0,-0.020462778397529406
245,-76.79448708775051,1.0,-0.013021768071155071
246,-113.09733552923261,1.0,-0.00884194128288307
247,-158.82496193148398,1.0,-0.006296239506932123
248,-215.0245638457016,1.0,-0.00465063145398395
249,-282.74333882308133,1.0,-0.0035367765131532306
250,-363.0284844148207,1.0,-0.0027546047842828027
251,-456.92719817211463,1.0,-0.00218853244893363
252,-565.4866776461632,1.0,-0.0017683882565766135
253,-689.7541203881602,1.0,-0.001449791991727789
254,-830.7767239493037,1.0,-0.00120369284691349
255,-989.6016858807833,1.0,-0.0010105075751866387
256,-1167.2762037338007,1.0,-0.0008566952678391546
257,-1364.8474750595656,1.0,-0.0007326826024690834
258,-1583.3626974092565,1.0,-0.0006315672344916479
259,-1823.86906833408,1.0,-0.000548284971417054
260,-2087.4137853852153,1.0,-0.0004790617016144013
261,-2375.044046113875,1.0,-0.00042104482299443365
262,-2687.807048071285,1.0,-0.000372050516318714
263,-3026.7499888085767,1.0,-0.00033038738042372347
264,-3392.9200658769864,1.0,-0.00029473137609610164
265,-3787.3644768276736,1.0,-0.00026403585029070344
266,-4211.130419211901,1.0,-0.000237465929679553
267,-4665.265090580819,1.0,-0.00021435009170625745
268,-5150.815688485627,1.0,-0.00019414400756669406
269,-5668.829410477594,1.0,-0.00017640326204766688
270,-6220.353454107875,1.0,-0.00016076256877969007
271,-6806.435016927535,1.0,-0.00014691978950992848
272,-7428.121296487948,1.0,-0.00013462354208900774
273,-8086.459490339976,1.0,-0.00012366351444591944
274,-8782.496796035577,1.0,-0.00011386283687019395
275,-9517.28041112493,1.0,-0.00010507203284996006
276,-10291.857533160337,1.0,-9.716418992179038e-05
277,-11107.275359691725,1.0,-9.003108031596999e-05
278,-11964.581088271543,1.0,-8.358002613064863e-05
279,-12864.821916449962,1.0,-7.773135193743508e-05
280,-13809.045041779282,1.0,-7.241630373240864e-05
281,-14798.297661809585,1.0,-6.757534027584337e-05
282,-15833.626974093131,1.0,-6.315672344916253e-05
283,-16916.080176179392,1.0,-5.9115349985640504e-05
284,-18046.704465621136,1.0,-5.541177902619251e-05
285,-19226.547039968704,1.0,-5.201141931107915e-05
286,-20456.65509677482,1.0,-4.8883847103511034e-05
287,-21738.075833590116,1.0,-4.600223164438408e-05
288,-23071.856447964212,1.0,-4.3342849425895974e-05
289,-24459.044137448964,1.0,-4.0884672122935145e-05
290,-25900.68609959503,1.0,-3.860901584439632e-05
291,-27397.829531956027,1.0,-3.64992416218091e-05
292,-28951.521632081847,1.0,-3.454049886248041e-05
293,-30562.8095975234,1.0,-3.2719504952876885e-05
294,-29.05720339740102,1.0,-0.03441487421633437
295,-18.743791580333117,1.0,-0.05335099868743994
296,-10.440376310059019,1.0,-0.09578198814888762
297,2.5132741228718345,1.0,0.3978873577297384
298,-15.70796326794897,1.0,-0.06366197723675812
299,-4.886921905584123,1.0,-0.204627783975294
300,-13.962634015954636,1.0,-0.0716197243913529
301,-28.274333882308145,1.0,-0.03536776513153229
302,-48.869219055841214,1.0,-0.020462778397529406
303,-76.79448708775051,1.0,-0.013021768071155071
304,-113.09733552923261,1.0,-0.00884194128288307
305,-158.82496193148398,1.0,-0.006296239506932123
306,-215.0245638457016,1.0,-0.00465063145398395
307,-282.74333882308133,1.0,-0.0035367765131532306
308,-363.0284844148207,1.0,-0.0027546047842828027
309,-456.92719817211463,1.0,-0.00218853244893363
310,-565.4866776461632,1.0,-0.0017683882565766135
311,-689.7541203881602,1.0,-0.001449791991727789
312,-830.7767239493037,1.0,-0.00120369284691349
313,-989.6016858807833,1.0,-0.0010105075751866387
314,-1167.2762037338007,1.0,-0.0008566952678391546
315,-1364.8474750595656,1.0,-0.0007326826024690834
316,-1583.3626974092565,1.0,-0.0006315672344916479
317,-1823.86906833408,1.0,-0.000548284971417054
318,-2087.4137853852153,1.0,-0.0004790617016144013
319,-2375.044046113875,1.0,-0.00042104482299443365
320,-2687.807048071285,1.0,-0.000372050516318714
321,-3026.7499888085767,1.0,-0.00033038738042372347
322,-3392.9200658769864,1.0,-0.00029473137609610164
323,-3787.3644768276736,1.0,-0.00026403585029070344
324,-4211.130419211901,1.0,-0.000237465929679553
325,-4665.265090580819,1.0,-0.00021435009170625745
326,-5150.815688485627,1.0,-0.00019414400756669406
327,-5668.829410477594,1.0,-0.00017640326204766688
328,-6220.353454107875,1.0,-0.00016076256877969007
329,-6806.435016927535,1.0,-0.00014691978950992848
330,-7428.121296487948,1.0,-0.00013462354208900774
331,-8086.459490339976,1.0,-0.00012366351444591944
332,-8782.496796035577,1.0,-0.00011386283687019395
333,-9517.28041112493,1.0,-0.00010507203284996006
334,-10291.857533160337,1.0,-9.716418992179038e-05
335,-11107.275359691725,1.0,-9.003108031596999e-05
336,-11964.581088271543,1.0,-8.358002613064863e-05
337,-12864.821916449962,1.0,-7.773135193743508e-05
338,-13809.045041779282,1.0,-7.241630373240864e-05
339,-14798.297661809585,1.0,-6.757534027584337e-05
340,-15833.626974093131,1.0,-6.315672344916253e-05
341,-16916.080176179392,1.0,-5.9115349985640504e-05
342,-18046.704465621136,1.0,-5.541177902619251e-05
343,-19226.547039968704,1.0,-5.201141931107915e-05
344,-20456.65509677482,1.0,-4.8883847103511034e-05
345,-21738.075833590116,1.0,-4.600223164438408e-05
346,-23071.856447964212,1.0,-4.3342849425895974e-05
347,-24459.044137448964,1.0,-4.0884672122935145e-05
348,-25900.68609959503,1.0,-3.860901584439632e-05
349,-27397.829531956027,1.0,-3.64992416218091e-05
350,-28951.521632081847,1.0,-3.454049886248041e-05
351,-41.33088207382316,1.0,-0.024194983262487594
352,-29.05720339740102,1.0,-0.03441487421633437
353,-18.743791580333117,1.0,-0.05335099868743994
354,2.5132741228718345,1.0,0.3978873577297384
355,-15.70796326794897,1.0,-0.06366197723675812
356,-4.886921905584123,1.0,-0.204627783975294
357,-13.962634015954636,1.0,-0.0716197243913529
358,-28.274333882308145,1.0,-0.03536776513153229
359,-48.869219055841214,1.0,-0.020462778397529406
360,-76.79448708775051,1.0,-0.013021768071155071
361,-113.09733552923261,1.0,-0.00884194128288307
362,-158.82496193148398,1.0,-0.006296239506932123
363,-215.0245638457016,1.0,-0.00465063145398395
364,-282.74333882308133,1.0,-0.0035367765131532306
365,-363.0284844148207,1.0,-0.0027546047842828027
366,-456.92719817211463,1.0,-0.00218853244893363
367,-565.4866776461632,1.0,-0.0017683882565766135
368,-689.7541203881602,1.0,-0.001449791991727789
369,-830.7767239493037,1.0,-0.00120369284691349
370,-989.6016858807833,1.0,-0.0010105075751866387
371,-1167.2762037338007,1.0,-0.0008566952678391546
372,-1364.8474750595656,1.0,-0.0007326826024690834
373,-1583.3626974092565,1.0,-0.0006315672344916479
374,-1823.86906833408,1.0,-0.000548284971417054
375,-2087.4137853852153,1.0,-0.0004790617016144013
376,-2375.044046113875,1.0,-0.00042104482299443365
377,-2687.807048071285,1.0,-0.000372050516318714
378,-3026.7499888085767,1.0,-0.00033038738042372347
379,-3392.9200658769864,1.0,-0.00029473137609610164
380,-3787.3644768276736,1.0,-0.00026403585029070344
381,-4211.130419211901,1.0,-0.000237465929679553
382,-4665.265090580819,1.0,-0.00021435009170625745
383,-5150.815688485627,1.0,-0.00019414400756669406
384,-5668.829410477594,1.0,-0.00017640326204766688
385,-6220.353454107875,1.0,-0.00016076256877969007
386,-6806.435016927535,1.0,-0.00014691978950992848
387,-7428.121296487948,1.0,-0.00013462354208900774
388,-8086.459490339976,1.0,-0.00012366351444591944
389,-8782.496796035577,1.0,-0.00011386283687019395
390,-9517.28041112493,1.0,-0.00010507203284996006
391,-10291.857533160337,1.0,-9.716418992179038e-05
392,-11107.275359691725,1.0,-9.003108031596999e-05
393,-11964.581088271543,1.0,-8.358002613064863e-05
394,-12864.821916449962,1.0,-7.773135193743508e-05
395,-13809.045041779282,1.0,-7.241630373240864e-05
396,-14798.297661809585,1.0,-6.757534027584337e-05
397,-15833.626974093131,1.0,-6.315672344916253e-05
398,-16916.080176179392,1.0,-5.9115349985640504e-05
399,-18046.704465621136,1.0,-5.541177902619251e-05
400,-19226.547039968704,1.0,-5.201141931107915e-05
401,-20456.65509677482,1.0,-4.8883847103511034e-05
402,-21738.075833590116,1.0,-4.600223164438408e-05
403,-23071.856447964212,1.0,-4.3342849425895974e-05
404,-24459.044137448964,1.0,-4.0884672122935145e-05
405,-25900.68609959503,1.0,-3.860901584439632e-05
406,-27397.829531956027,1.0,-3.64992416218091e-05
407,-55.5007514779693,1.0,-0.018017774054770126
408,-41.33088207382316,1.0,-0.024194983262487594
409,-29.05720339740102,1.0,-0.03441487421633437
410,2.5132741228718345,1.0,0.3978873577297384
411,-15.70796326794897,1.0,-0.06366197723675812
412,-4.886921905584123,1.0,-0.204627783975294
413,-13.962634015954636,1.0,-0.0716197243913529
414,-28.274333882308145,1.0,-0.03536776513153229
415,-48.869219055841214,1.0,-0.020462778397529406
416,-76.79448708775051,1.0,-0.013021768071155071
417,-113.09733552923261,1.0,-0.00884194128288307
418,-158.82496193148398,1.0,-0.006296239506932123
419,-215.0245638457016,1.0,-0.00465063145398395
420,-282.74333882308133,1.0,-0.0035367765131532306
421,-363.0284844148207,1.0,-0.0027546047842828027
422,-456.92719817211463,1.0,-0.00218853244893363
423,-565.4866776461632,1.0,-0.0017683882565766135
424,-689.7541203881602,1.0,-0.001449791991727789
425,-830.7767239493037,1.0,-0.00120369284691349
426,-989.6016858807833,1.0,-0.0010105075751866387
427,-1167.2762037338007,1.0,-0.0008566952678391546
428,-1364.8474750595656,1.0,-0.0007326826024690834
429,-1583.3626974092565,1.0,-0.0006315672344916479
430,-1823.86906833408,1.0,-0.000548284971417054
431,-2087.4137853852153,1.0,-0.0004790617016144013
432,-2375.044046113875,1.0,-0.00042104482299443365
433,-2687.807048071285,1.0,-0.000372050516318714
434,-3026.7499888085767,1.0,-0.00033038738042372347
435,-3392.9200658769864,1.0,-0.00029473137609610164
436,-3787.3644768276736,1.0,-0.00026403585029070344
437,-4211.130419211901,1.0,-0.000237465929679553
438,-4665.265090580819,1.0,-0.00021435009170625745
439,-5150.815688485627,1.0,-0.00019414400756669406
440,-5668.829410477594,1.0,-0.00017640326204766688
441,-6220.353454107875,1.0,-0.00016076256877969007
442,-6806.435016927535,1.0,-0.00014691978950992848
443,-7428.121296487948,1.0,-0.00013462354208900774
444,-8086.459490339976,1.0,-0.00012366351444591944
445,-8782.496796035577,1.0,-0.00011386283687019395
446,-9517.28041112493,1.0,-0.00010507203284996006
447,-10291.857533160337,1.0,-9.716418992179038e-05
448,-11107.275359691725,1.0,-9.003108031596999e-05
449,-11964.581088271543,1.0,-8.358002613064863e-05
450,-12864.821916449962,1.0,-7.773135193743508e-05
451,-13809.045041779282,1.0,-7.241630373240864e-05
452,-14798.297661809585,1.0,-6.757534027584337e-05
453,-15833.626974093131,1.0,-6.315672344916253e-05
454,-16916.080176179392,1.0,-5.9115349985640504e-05
455,-18046.704465621136,1.0,-5.541177902619251e-05
456,-19226.547039968704,1.0,-5.201141931107915e-05
457,-20456.65509677482,1.0,-4.8883847103511034e-05
458,-21738.075833590116,1.0,-4.600223164438408e-05
459,-23071.856447964212,1.0,-4.3342849425895974e-05
460,-24459.044137448964,1.0,-4.0884672122935145e-05
461,-25900.68609959503,1.0,-3.860901584439632e-05
462,-71.4868073369972,1.0,-0.013988595060426781
463,-55.5007514779693,1.0,-0.018017774054770126
464,-41.33088207382316,1.0,-0.024194983262487594
465,2.5132741228718345,1.0,0.3978873577297384
466,-15.70796326794897,1.0,-0.06366197723675812
467,-4.886921905584123,1.0,-0.204627783975294
468,-13.962634015954636,1.0,-0.0716197243913529
469,-28.274333882308145,1.0,-0.03536776513153229
470,-48.869219055841214,1.0,-0.020462778397529406
471,-76.79448708775051,1.0,-0.013021768071155071
472,-113.09733552923261,1.0,-0.00884194128288307
473,-158.82496193148398,1.0,-0.006296239506932123
474,-215.0245638457016,1.0,-0.00465063145398395
475,-282.74333882308133,1.0,-0.0035367765131532306
476,-363.0284844148207,1.0,-0.0027546047842828027
477,-456.92719817211463,1.0,-0.00218853244893363
478,-565.4866776461632,1.0,-0.0017683882565766135
479,-689.7541203881602,1.0,-0.001449791991727789
480,-830.7767239493037,1.0,-0.00120369284691349
481,-989.6016858807833,1.0,-0.0010105075751866387
482,-1167.2762037338007,1.0,-0.0008566952678391546
483,-1364.8474750595656,1.0,-0.0007326826024690834
484,-1583.3626974092565,1.0,-0.0006315672344916479
485,-1823.86906833408,1.0,-0.000548284971417054
486,-2087.4137853852153,1.0,-0.0004790617016144013
487,-2375.044046113875,1.0,-0.00042104482299443365
488,-2687.807048071285,1.0,-0.000372050516318714
489,-3026.7499888085767,1.0,-0.00033038738042372347
490,-3392.9200658769864,1.0,-0.00029473137609610164
491,-3787.3644768276736,1.0,-0.00026403585029070344
492,-4211.130419211901,1.0,-0.000237465929679553
493,-4665.265090580819,1.0,-0.00021435009170625745
494,-5150.815688485627,1.0,-0.00019414400756669406
495,-5668.829410477594,1.0,-0.00017640326204766688
496,-6220.353454107875,1.0,-0.00016076256877969007
497,-6806.435016927535,1.0,-0.00014691978950992848
498,-7428.121296487948,1.0,-0.00013462354208900774
499,-8086.459490339976,1.0,-0.00012366351444591944
500,-8782.496796035577,1.0,-0.00011386283687019395
501,-9517.28041112493,1.0,-0.00010507203284996006
502,-10291.857533160337,1.0,-9.716418992179038e-05
503,-11107.275359691725,1.0,-9.003108031596999e-05
504,-11964.581088271543,1.0,-8.358002613064863e-05
505,-12864.821916449962,1.0,-7.773135193743508e-05
506,-13809.045041779282,1.0,-7.241630373240864e-05
507,-14798.297661809585,1.0,-6.757534027584337e-05
508,-15833.626974093131,1.0,-6.315672344916253e-05
509,-16916.080176179392,1.0,-5.9115349985640504e-05
510,-18046.704465621136,1.0,-5.541177902619251e-05
511,-19226.547039968704,1.0,-5.201141931107915e-05
512,-20456.65509677482,1.0,-4.8883847103511034e-05
513,-21738.075833590116,1.0,-4.600223164438408e-05
514,-23071.856447964212,1.0,-4.3342849425895974e-05
515,-24459.044137448964,1.0,-4.0884672122935145e-05
516,-89.19155184041145,1.0,-0.011211824207176917
517,-71.4868073369972,1.0,-0.013988595060426781
518,-55.5007514779693,1.0,-0.018017774054770126
519,2.5132741228718345,1.0,0.3978873577297384
520,-15.70796326794897,1.0,-0.06366197723675812
521,-4.886921905584123,1.0,-0.204627783975294
522,-13.962634015954636,1.0,-0.0716197243913529
523,-28.274333882308145,1.0,-0.03536776513153229
524,-48.869219055841214,1.0,-0.020462778397529406
525,-76.79448708775051,1.0,-0.013021768071155071
526,-113.09733552923261,1.0,-0.00884194128288307
527,-158.82496193148398,1.0,-0.006296239506932123
528,-215.0245638457016,1.0,-0.00465063145398395
529,-282.74333882308133,1.0,-0.0035367765131532306
530,-363.0284844148207,1.0,-0.0027546047842828027
531,-456.92719817211463,1.0,-0.00218853244893363
532,-565.4866776461632,1.0,-0.0017683882565766135
533,-689.7541203881602,1.0,-0.001449791991727789
534,-830.7767239493037,1.0,-0.00120369284691349
535,-989.6016858807833,1.0,-0.0010105075751866387
536,-1167.2762037338007,1.0,-0.0008566952678391546
537,-1364.8474750595656,1.0,-0.0007326826024690834
538,-1583.3626974092565,1.0,-0.0006315672344916479
539,-1823.86906833408,1.0,-0.000548284971417054
540,-2087.4137853852153,1.0,-0.0004790617016144013
541,-2375.044046113875,1.0,-0.00042104482299443365
542,-2687.807048071285,1.0,-0.000372050516318714
543,-3026.7499888085767,1.0,-0.00033038738042372347
544,-3392.9200658769864,1.0,-0.00029473137609610164
545,-3787.3644768276736,1.0,-0.00026403585029070344
546,-4211.130419211901,1.0,-0.000237465929679553
547,-4665.265090580819,1.0,-0.00021435009170625745
548,-5150.815688485627,1.0,-0.00019414400756669406
549,-5668.829410477594,1.0,-0.00017640326204766688
550,-6220.353454107875,1.0,-0.00016076256877969007
551,-6806.435016927535,1.0,-0.00014691978950992848
552,-7428.121296487948,1.0,-0.00013462354208900774
553,-8086.459490339976,1.0,-0.00012366351444591944
554,-8782.496796035577,1.0,-0.00011386283687019395
555,-9517.28041112493,1.0,-0.00010507203284996006
556,-10291.857533160337,1.0,-9.716418992179038e-05
557,-11107.275359691725,1.0,-9.003108031596999e-05
558,-11964.581088271543,1.0,-8.358002613064863e-05
559,-12864.821916449962,1.0,-7.773135193743508e-05
560,-13809.045041779282,1.0,-7.241630373240864e-05
561,-14798.297661809585,1.0,-6.757534027584337e-05
562,-15833.626974093131,1.0,-6.315672344916253e-05
563,-16916.080176179392,1.0,-5.9115349985640504e-05
564,-18046.704465621136,1.0,-5.541177902619251e-05
565,-19226.547039968704,1.0,-5.201141931107915e-05
566,-20456.65509677482,1.0,-4.8883847103511034e-05
567,-21738.075833590116,1.0,-4.600223164438408e-05
568,-23071.856447964212,1.0,-4.3342849425895974e-05
569,-108.4984980905439,1.0,-0.009216717444009984
570,-89.19155184041145,1.0,-0.011211824207176917
571,-71.4868073369972,1.0,-0.013988595060426781
572,2.5132741228718345,1.0,0.3978873577297384
573,-15.70796326794897,1.0,-0.06366197723675812
574,-4.886921905584123,1.0,-0.204627783975294
575,-13.962634015954636,1.0,-0.0716197243913529
576,-28.274333882308145,1.0,-0.03536776513153229
577,-48.869219055841214,1.0,-0.020462778397529406
578,-76.79448708775051,1.0,-0.013021768071155071
579,-113.09733552923261,1.0,-0.00884194128288307
580,-158.82496193148398,1.0,-0.006296239506932123
581,-215.0245638457016,1.0,-0.00465063145398395
582,-282.74333882308133,1.0,-0.0035367765131532306
583,-363.0284844148207,1.0,-0.0027546047842828027
584,-456.92719817211463,1.0,-0.00218853244893363
585,-565.4866776461632,1.0,-0.0017683882565766135
586,-689.7541203881602,1.0,-0.001449791991727789
587,-830.7767239493037,1.0,-0.00120369284691349
588,-989.6016858807833,1.0,-0.0010105075751866387
589,-1167.2762037338007,1.0,-0.0008566952678391546
590,-1364.8474750595656,1.0,-0.0007326826024690834
591,-1583.3626974092565,1.0,-0.0006315672344916479
592,-1823.86906833408,1.0,-0.000548284971417054
593,-2087.4137853852153,1.0,-0.0004790617016144013
594,-2375.044046113875,1.0,-0.00042104482299443365
595,-2687.807048071285,1.0,-0.000372050516318714
596,-3026.7499888085767,1.0,-0.00033038738042372347
597,-3392.9200658769864,1.0,-0.00029473137609610164
598,-3787.3644768276736,1.0,-0.00026403585029070344
599,-4211.130419211901,1.0,-0.000237465929679553
600,-4665.265090580819,1.0,-0.00021435009170625745
601,-5150.815688485627,1.0,-0.00019414400756669406
602,-5668.829410477594,1.0,-0.00017640326204766688
603,-6220.353454107875,1.0,-0.00016076256877969007
604,-6806.435016927535,1.0,-0.00014691978950992848
605,-7428.121296487948,1.0,-0.00013462354208900774
606,-8086.459490339976,1.0,-0.00012366351444591944
607,-8782.496796035577,1.0,-0.00011386283687019395
608,-9517.28041112493,1.0,-0.00010507203284996006
609,-10291.857533160337,1.0,-9.716418992179038e-05
610,-11107.275359691725,1.0,-9.003108031596999e-05
611,-11964.581088271543,1.0,-8.358002613064863e-05
612,-12864.821916449962,1.0,-7.773135193743508e-05
613,-13809.045041779282,1.0,-7.241630373240864e-05
614,-14798.297661809585,1.0,-6.757534027584337e-05
615,-15833.626974093131,1.0,-6.315672344916253e-05
616,-16916.080176179392,1.0,-5.9115349985640504e-05
617,-18046.704465621136,1.0,-5.541177902619251e-05
618,-19226.547039968704,1.0,-5.201141931107915e-05
619,-20456.65509677482,1.0,-4.8883847103511034e-05
620,-21738.075833590116,1.0,-4.600223164438408e-05
621,-129.270810198916,1.0,-0.00773569840292055
622,-108.4984980905439,1.0,-0.009216717444009984
623,-89.19155184041145,1.0,-0.011211824207176917
624,2.5132741228718345,1.0,0.3978873577297384
625,-15.70796326794897,1.0,-0.06366197723675812
626,-4.886921905584123,1.0,-0.204627783975294
627,-13.962634015954636,1.0,-0.0716197243913529
628,-28.274333882308145,1.0,-0.03536776513153229
629,-48.869219055841214,1.0,-0.020462778397529406
630,-76.79448708775051,1.0,-0.013021768071155071
631,-113.09733552923261,1.0,-0.00884194128288307
632,-158.82496193148398,1.0,-0.006296239506932123
633,-215.0245638457016,1.0,-0.00465063145398395
634,-282.74333882308133,1.0,-0.0035367765131532306
635,-363.0284844148207,1.0,-0.0027546047842828027
636,-456.92719817211463,1.0,-0.00218853244893363
637,-565.4866776461632,1.0,-0.0017683882565766135
638,-689.7541203881602,1.0,-0.001449791991727789
639,-830.7767239493037,1.0,-0.00120369284691349
640,-989.6016858807833,1.0,-0.0010105075751866387
641,-1167.2762037338007,1.0,-0.0008566952678391546
642,-1364.8474750595656,1.0,-0.0007326826024690834
643,-1583.3626974092565,1.0,-0.0006315672344916479
644,-1823.86906833408,1.0,-0.000548284971417054
645,-2087.4137853852153,1.0,-0.0004790617016144013
646,-2375.044046113875,1.0,-0.00042104482299443365
647,-2687.807048071285,1.0,-0.000372050516318714
648,-3026.7499888085767,1.0,-0.00033038738042372347
649,-3392.9200658769864,1.0,-0.00029473137609610164
650,-3787.3644768276736,1.0,-0.00026403585029070344
651,-4211.130419211901,1.0,-0.000237465929679553
652,-4665.265090580819,1.0,-0.00021435009170625745
653,-5150.815688485627,1.0,-0.00019414400756669406
654,-5668.829410477594,1.0,-0.00017640326204766688
655,-6220.353454107875,1.0,-0.00016076256877969007
656,-6806.435016927535,1.0,-0.00014691978950992848
657,-7428.121296487948,1.0,-0.00013462354208900774
658,-8086.459490339976,1.0,-0.00012366351444591944
659,-8782.496796035577,1.0,-0.00011386283687019395
660,-9517.28041112493,1.0,-0.00010507203284996006
661,-10291.857533160337,1.0,-9.716418992179038e-05
662,-11107.275359691725,1.0,-9.003108031596999e-05
663,-11964.581088271543,1.0,-8.358002613064863e-05
664,-12864.821916449962,1.0,-7.773135193743508e-05
665,-13809.045041779282,1.0,-7.241630373240864e-05
666,-14798.297661809585,1.0,-6.757534027584337e-05
667,-15833.626974093131,1.0,-6.315672344916253e-05
668,-16916.080176179392,1.0,-5.9115349985640504e-05
669,-18046.704465621136,1.0,-5.541177902619251e-05
670,-19226.547039968704,1.0,-5.201141931107915e-05
671,-20456.65509677482,1.0,-4.8883847103511034e-05
672,-151.3501572596041,1.0,-0.006607194984837347
673,-129.270810198916,1.0,-0.00773569840292055
674,-108.4984980905439,1.0,-0.009216717444009984
675,2.5132741228718345,1.0,0.3978873577297384
676,-15.70796326794897,1.0,-0.06366197723675812
677,-4.886921905584123,1.0,-0.204627783975294
678,-13.962634015954636,1.0,-0.0716197243913529
679,-28.274333882308145,1.0,-0.03536776513153229
680,-48.869219055841214,1.0,-0.020462778397529406
681,-76.79448708775051,1.0,-0.013021768071155071
682,-113.09733552923261,1.0,-0.00884194128288307
683,-158.82496193148398,1.0,-0.006296239506932123
684,-215.0245638457016,1.0,-0.00465063145398395
685,-282.74333882308133,1.0,-0.0035367765131532306
686,-363.0284844148207,1.0,-0.0027546047842828027
687,-456.92719817211463,1.0,-0.00218853244893363
688,-565.4866776461632,1.0,-0.0017683882565766135
689,-689.7541203881602,1.0,-0.001449791991727789
690,-830.7767239493037,1.0,-0.00120369284691349
691,-989.6016858807833,1.0,-0.0010105075751866387
692,-1167.2762037338007,1.0,-0.0008566952678391546
693,-1364.8474750595656,1.0,-0.0007326826024690834
694,-1583.3626974092565,1.0,-0.0006315672344916479
695,-1823.86906833408,1.0,-0.000548284971417054
696,-2087.4137853852153,1.0,-0.0004790617016144013
697,-2375.044046113875,1.0,-0.00042104482299443365
698,-2687.807048071285,1.0,-0.000372050516318714
699,-3026.7499888085767,1.0,-0.00033038738042372347
700,-3392.9200658769864,1.0,-0.00029473137609610164
701,-3787.3644768276736,1.0,-0.00026403585029070344
702,-4211.130419211901,1.0,-0.000237465929679553
703,-4665.265090580819,1.0,-0.00021435009170625745
704,-5150.815688485627,1.0,-0.00019414400756669406
705,-5668.829410477594,1.0,-0.00017640326204766688
706,-6220.353454107875,1.0,-0.00016076256877969007
707,-6806.435016927535,1.0,-0.00014691978950992848
708,-7428.121296487948,1.0,-0.00013462354208900774
709,-8086.459490339976,1.0,-0.00012366351444591944
710,-8782.496796035577,1.0,-0.00011386283687019395
711,-9517.28041112493,1.0,-0.00010507203284996006
712,-10291.857533160337,1.0,-9.716418992179038e-05
713,-11107.275359691725,1.0,-9.003108031596999e-05
714,-11964.581088271543,1.0,-8.358002613064863e-05
715,-12864.821916449962,1.0,-7.773135193743508e-05
716,-13809.045041779282,1.0,-7.241630373240864e-05
717,-14798.297661809585,1.0,-6.757534027584337e-05
718,-15833.626974093131,1.0,-6.315672344916253e-05
719,-16916.080176179392,1.0,-5.9115349985640504e-05
720,-18046.704465621136,1.0,-5.541177902619251e-05
721,-19226.547039968704,1.0,-5.201141931107915e-05
722,-174.55587118795552,1.0,-0.005728824777960266
723,-151.3501572596041,1.0,-0.006607194984837347
724,-129.270810198916,1.0,-0.00773569840292055
725,2.5132741228718345,1.0,0.3978873577297384
726,-15.70796326794897,1.0,-0.06366197723675812
727,-4.886921905584123,1.0,-0.204627783975294
728,-13.962634015954636,1.0,-0.0716197243913529
729,-28.274333882308145,1.0,-0.03536776513153229
730,-48.869219055841214,1.0,-0.020462778397529406
731,-76.79448708775051,1.0,-0.013021768071155071
732,-113.09733552923261,1.0,-0.00884194128288307
733,-158.82496193148398,1.0,-0.006296239506932123
734,-215.0245638457016,1.0,-0.00465063145398395
735,-282.74333882308133,1.0,-0.0035367765131532306
736,-363.0284844148207,1.0,-0.0027546047842828027
737,-456.92719817211463,1.0,-0.00218853244893363
738,-565.4866776461632,1.0,-0.0017683882565766135
739,-689.7541203881602,1.0,-0.001449791991727789
740,-830.7767239493037,1.0,-0.00120369284691349
741,-989.6016858807833,1.0,-0.0010105075751866387
742,-1167.2762037338007,1.0,-0.0008566952678391546
743,-1364.8474750595656,1.0,-0.0007326826024690834
744,-1583.3626974092565,1.0,-0.0006315672344916479
745,-1823.86906833408,1.0,-0.000548284971417054
746,-2087.4137853852153,1.0,-0.0004790617016144013
747,-2375.044046113875,1.0,-0.00042104482299443365
748,-2687.807048071285,1.0,-0.000372050516318714
749,-3026.7499888085767,1.0,-0.00033038738042372347
750,-3392.9200658769864,1.0,-0.00029473137609610164
751,-3787.3644768276736,1.0,-0.00026403585029070344
752,-4211.130419211901,1.0,-0.000237465929679553
753,-4665.265090580819,1.0,-0.00021435009170625745
754,-5150.815688485627,1.0,-0.00019414400756669406
755,-5668.829410477594,1.0,-0.00017640326204766688
756,-6220.353454107875,1.0,-0.00016076256877969007
757,-6806.435016927535,1.0,-0.00014691978950992848
758,-7428.121296487948,1.0,-0.00013462354208900774
759,-8086.459490339976,1.0,-0.00012366351444591944
760,-8782.496796035577,1.0,-0.00011386283687019395
761,-9517.28041112493,1.0,-0.00010507203284996006
762,-10291.857533160337,1.0,-9.716418992179038e-05
763,-11107.275359691725,1.0,-9.003108031596999e-05
764,-11964.581088271543,1.0,-8.358002613064863e-05
765,-12864.821916449962,1.0,-7.773135193743508e-05
766,-13809.045041779282,1.0,-7.241630373240864e-05
767,-14798.297661809585,1.0,-6.757534027584337e-05
768,-15833.626974093131,1.0,-6.315672344916253e-05
769,-16916.080176179392,1.0,-5.9115349985640504e-05
770,-18046.704465621136,1.0,-5.541177902619251e-05
771,-198.68450836216527,1.0,-0.005033105037948828
772,-174.55587118795552,1.0,-0.005728824777960266
773,-151.3501572596041,1.0,-0.006607194984837347
774,2.5132741228718345,1.0,0.3978873577297384
775,-15.70796326794897,1.0,-0.06366197723675812
776,-4.886921905584123,1.0,-0.204627783975294
777,-13.962634015954636,1.0,-0.0716197243913529
778,-28.274333882308145,1.0,-0.03536776513153229
779,-48.869219055841214,1.0,-0.020462778397529406
780,-76.79448708775051,1.0,-0.013021768071155071
781,-113.09733552923261,1.0,-0.00884194128288307
782,-158.82496193148398,1.0,-0.006296239506932123
783,-215.0245638457016,1.0,-0.00465063145398395
784,-282.74333882308133,1.0,-0.0035367765131532306
785,-363.0284844148207,1.0,-0.0027546047842828027
786,-456.92719817211463,1.0,-0.00218853244893363
787,-565.4866776461632,1.0,-0.0017683882565766135
788,-689.7541203881602,1.0,-0.001449791991727789
789,-830.7767239493037,1.0,-0.00120369284691349
790,-989.6016858807833,1.0,-0.0010105075751866387
791,-1167.2762037338007,1.0,-0.0008566952678391546
792,-1364.8474750595656,1.0,-0.0007326826024690834
793,-1583.3626974092565,1.0,-0.0006315672344916479
794,-1823.86906833408,1.0,-0.000548284971417054
795,-2087.4137853852153,1.0,-0.0004790617016144013
796,-2375.044046113875,1.0,-0.00042104482299443365
797,-2687.807048071285,1.0,-0.000372050516318714
798,-3026.7499888085767,1.0,-0.00033038738042372347
799,-3392.9200658769864,1.0,-0.00029473137609610164
800,-3787.3644768276736,1.0,-0.00026403585029070344
801,-4211.130419211901,1.0,-0.000237465929679553
802,-4665.265090580819,1.0,-0.00021435009170625745
803,-5150.815688485627,1.0,-0.00019414400756669406
804,-5668.829410477594,1.0,-0.00017640326204766688
805,-6220.353454107875,1.0,-0.00016076256877969007
806,-6806.435016927535,1.0,-0.00014691978950992848
807,-7428.121296487948,1.0,-0.00013462354208900774
808,-8086.459490339976,1.0,-0.00012366351444591944
809,-8782.496796035577,1.0,-0.00011386283687019395
810,-9517.28041112493,1.0,-0.00010507203284996006
811,-10291.857533160337,1.0,-9.716418992179038e-05
812,-11107.275359691725,1.0,-9.003108031596999e-05
813,-11964.581088271543,1.0,-8.358002613064863e-05
814,-12864.821916449962,1.0,-7.773135193743508e-05
815,-13809.045041779282,1.0,-7.241630373240864e-05
816,-14798.297661809585,1.0,-6.757534027584337e-05
817,-15833.626974093131,1.0,-6.315672344916253e-05
818,-16916.080176179392,1.0,-5.9115349985640504e-05
819,-223.50992174247463,1.0,-0.00447407431492991
820,-198.68450836216527,1.0,-0.005033105037948828
821,-174.55587118795552,1.0,-0.005728824777960266
822,2.5132741228718345,1.0,0.3978873577297384
823,-15.70796326794897,1.0,-0.06366197723675812
824,-4.886921905584123,1.0,-0.204627783975294
825,-13.962634015954636,1.0,-0.0716197243913529
826,-28.274333882308145,1.0,-0.03536776513153229
827,-48.869219055841214,1.0,-0.020462778397529406
828,-76.79448708775051,1.0,-0.013021768071155071
829,-113.09733552923261,1.0,-0.00884194128288307
830,-158.82496193148398,1.0,-0.006296239506932123
831,-215.0245638457016,1.0,-0.00465063145398395
832,-282.74333882308133,1.0,-0.0035367765131532306
833,-363.0284844148207,1.0,-0.0027546047842828027
834,-456.92719817211463,1.0,-0.00218853244893363
835,-565.4866776461632,1.0,-0.0017683882565766135
836,-689.7541203881602,1.0,-0.001449791991727789
837,-830.7767239493037,1.0,-0.00120369284691349
838,-989.6016858807833,1.0,-0.0010105075751866387
839,-1167.2762037338007,1.0,-0.0008566952678391546
840,-1364.8474750595656,1.0,-0.0007326826024690834
841,-1583.3626974092565,1.0,-0.0006315672344916479
842,-1823.86906833408,1.0,-0.000548284971417054
843,-2087.4137853852153,1.0,-0.0004790617016144013
844,-2375.044046113875,1.0,-0.00042104482299443365
845,-2687.807048071285,1.0,-0.000372050516318714
846,-3026.7499888085767,1.0,-0.00033038738042372347
847,-3392.9200658769864,1.0,-0.00029473137609610164
848,-3787.3644768276736,1.0,-0.00026403585029070344
849,-4211.130419211901,1.0,-0.000237465929679553
850,-4665.265090580819,1.0,-0.00021435009170625745
851,-5150.815688485627,1.0,-0.00019414400756669406
852,-5668.829410477594,1.0,-0.00017640326204766688
853,-6220.353454107875,1.0,-0.00016076256877969007
854,-6806.435016927535,1.0,-0.00014691978950992848
855,-7428.121296487948,1.0,-0.00013462354208900774
856,-8086.459490339976,1.0,-0.00012366351444591944
857,-8782.496796035577,1.0,-0.00011386283687019395
858,-9517.28041112493,1.0,-0.00010507203284996006
859,-10291.857533160337,1.0,-9.716418992179038e-05
860,-11107.275359691725,1.0,-9.003108031596999e-05
861,-11964.581088271543,1.0,-8.358002613064863e-05
862,-12864.821916449962,1.0,-7.773135193743508e-05
863,-13809.045041779282,1.0,-7.241630373240864e-05
864,-14798.297661809585,1.0,-6.757534027584337e-05
865,-15833.626974093131,1.0,-6.315672344916253e-05
866,-248.78395204272908,1.0,-0.004019551871369292
867,-223.50992174247463,1.0,-0.00447407431492991
868,-198.68450836216527,1.0,-0.005033105037948828
869,2.5132741228718345,1.0,0.3978873577297384
870,-15.70796326794897,1.0,-0.06366197723675812
871,-4.886921905584123,1.0,-0.204627783975294
872,-13.962634015954636,1.0,-0.0716197243913529
873,-28.274333882308145,1.0,-0.03536776513153229
874,-48.869219055841214,1.0,-0.020462778397529406
875,-76.79448708775051,1.0,-0.013021768071155071
876,-113.09733552923261,1.0,-0.00884194128288307
877,-158.82496193148398,1.0,-0.006296239506932123
878,-215.0245638457016,1.0,-0.00465063145398395
879,-282.74333882308133,1.0,-0.0035367765131532306
880,-363.0284844148207,1.0,-0.0027546047842828027
881,-456.92719817211463,1.0,-0.00218853244893363
882,-565.4866776461632,1.0,-0.0017683882565766135
883,-689.7541203881602,1.0,-0.001449791991727789
884,-830.7767239493037,1.0,-0.00120369284691349
885,-989.6016858807833,1.0,-0.0010105075751866387
886,-1167.2762037338007,1.0,-0.0008566952678391546
887,-1364.8474750595656,1.0,-0.0007326826024690834
888,-1583.3626974092565,1.0,-0.0006315672344916479
889,-1823.86906833408,1.0,-0.000548284971417054
890,-2087.4137853852153,1.0,-0.0004790617016144013
891,-2375.044046113875,1.0,-0.00042104482299443365
892,-2687.807048071285,1.0,-0.000372050516318714
893,-3026.7499888085767,1.0,-0.00033038738042372347
894,-3392.9200658769864,1.0,-0.00029473137609610164
895,-3787.3644768276736,1.0,-0.00026403585029070344
896,-4211.130419211901,1.0,-0.000237465929679553
897,-4665.265090580819,1.0,-0.00021435009170625745
898,-5150.815688485627,1.0,-0.00019414400756669406
899,-5668.829410477594,1.0,-0.00017640326204766688
900,-6220.353454107875,1.0,-0.00016076256877969007
901,-6806.435016927535,1.0,-0.00014691978950992848
902,-7428.121296487948,1.0,-0.00013462354208900774
903,-8086.459490339976,1.0,-0.00012366351444591944
904,-8782.496796035577,1.0,-0.00011386283687019395
905,-9517.28041112493,1.0,-0.00010507203284996006
906,-10291.857533160337,1.0,-9.716418992179038e-05
907,-11107.275359691725,1.0,-9.003108031596999e-05
908,-11964.581088271543,1.0,-8.358002613064863e-05
909,-12864.821916449962,1.0,-7.773135193743508e-05
910,-13809.045041779282,1.0,-7.241630373240864e-05
911,-14798.297661809585,1.0,-6.757534027584337e-05
912,-274.237841848458,1.0,-0.0036464697696702024
913,-248.78395204272908,1.0,-0.004019551871369292
914,-223.50992174247463,1.0,-0.00447407431492991
915,2.5132741228718345,1.0,0.3978873577297384
916,-15.70796326794897,1.0,-0.06366197723675812
917,-4.886921905584123,1.0,-0.204627783975294
918,-13.962634015954636,1.0,-0.0716197243913529
919,-28.274333882308145,1.0,-0.03536776513153229
920,-48.869219055841214,1.0,-0.020462778397529406
921,-76.79448708775051,1.0,-0.013021768071155071
922,-113.09733552923261,1.0,-0.00884194128288307
923,-158.82496193148398,1.0,-0.006296239506932123
924,-215.0245638457016,1.0,-0.00465063145398395
925,-282.74333882308133,1.0,-0.0035367765131532306
926,-363.0284844148207,1.0,-0.0027546047842828027
927,-456.92719817211463,1.0,-0.00218853244893363
928,-565.4866776461632,1.0,-0.0017683882565766135
929,-689.7541203881602,1.0,-0.001449791991727789
930,-830.7767239493037,1.0,-0.00120369284691349
931,-989.6016858807833,1.0,-0.0010105075751866387
932,-1167.2762037338007,1.0,-0.0008566952678391546
933,-1364.8474750595656,1.0,-0.0007326826024690834
934,-1583.3626974092565,1.0,-0.0006315672344916479
935,-1823.86906833408,1.0,-0.000548284971417054
936,-2087.4137853852153,1.0,-0.0004790617016144013
937,-2375.044046113875,1.0,-0.00042104482299443365
938,-2687.807048071285,1.0,-0.000372050516318714
939,-3026.7499888085767,1.0,-0.00033038738042372347
940,-3392.9200658769864,1.0,-0.00029473137609610164
941,-3787.3644768276736,1.0,-0.00026403585029070344
942,-4211.130419211901,1.0,-0.000237465929679553
943,-4665.265090580819,1.0,-0.00021435009170625745
944,-5150.815688485627,1.0,-0.00019414400756669406
945,-5668.829410477594,1.0,-0.00017640326204766688
946,-6220.353454107875,1.0,-0.00016076256877969007
947,-6806.435016927535,1.0,-0.00014691978950992848
948,-7428.121296487948,1.0,-0.00013462354208900774
949,-8086.459490339976,1.0,-0.00012366351444591944
950,-8782.496796035577,1.0,-0.00011386283687019395
951,-9517.28041112493,1.0,-0.00010507203284996006
952,-10291.857533160337,1.0,-9.716418992179038e-05
953,-11107.275359691725,1.0,-9.003108031596999e-05
954,-11964.581088271543,1.0,-8.358002613064863e-05
955,-12864.821916449962,1.0,-7.773135193743508e-05
956,-13809.045041779282,1.0,-7.241630373240864e-05
957,-299.5844636203102,1.0,-0.003337956808292262
958,-274.237841848458,1.0,-0.0036464697696702024
959,-248.78395204272908,1.0,-0.004019551871369292
960,2.5132741228718345,1.0,0.3978873577297384
961,-15.70796326794897,1.0,-0.06366197723675812
962,-4.886921905584123,1.0,-0.204627783975294
963,-13.962634015954636,1.0,-0.0716197243913529
964,-28.274333882308145,1.0,-0.03536776513153229
965,-48.869219055841214,1.0,-0.020462778397529406
966,-76.79448708775051,1.0,-0.013021768071155071
967,-113.09733552923261,1.0,-0.00884194128288307
968,-158.82496193148398,1.0,-0.006296239506932123
969,-215.0245638457016,1.0,-0.00465063145398395
970,-282.74333882308133,1.0,-0.0035367765131532306
971,-363.0284844148207,1.0,-0.0027546047842828027
972,-456.92719817211463,1.0,-0.00218853244893363
973,-565.4866776461632,1.0,-0.0017683882565766135
974,-689.7541203881602,1.0,-0.001449791991727789
975,-830.7767239493037,1.0,-0.00120369284691349
976,-989.6016858807833,1.0,-0.0010105075751866387
977,-1167.2762037338007,1.0,-0.0008566952678391546
978,-1364.8474750595656,1.0,-0.0007326826024690834
979,-1583.3626974092565,1.0,-0.0006315672344916479
980,-1823.86906833408,1.0,-0.000548284971417054
981,-2087.4137853852153,1.0,-0.0004790617016144013
982,-2375.044046113875,1.0,-0.00042104482299443365
983,-2687.807048071285,1.0,-0.000372050516318714
984,-3026.7499888085767,1.0,-0.00033038738042372347
985,-3392.9200658769864,1.0,-0.00029473137609610164
986,-3787.3644768276736,1.0,-0.00026403585029070344
987,-4211.130419211901,1.0,-0.000237465929679553
988,-4665.265090580819,1.0,-0.00021435009170625745
989,-5150.815688485627,1.0,-0.00019414400756669406
990,-5668.829410477594,1.0,-0.00017640326204766688
991,-6220.353454107875,1.0,-0.00016076256877969007
992,-6806.435016927535,1.0,-0.00014691978950992848
993,-7428.121296487948,1.0,-0.00013462354208900774
994,-8086.459490339976,1.0,-0.00012366351444591944
995,-8782.496796035577,1.0,-0.00011386283687019395
996,-9517.28041112493,1.0,-0.00010507203284996006
997,-10291.857533160337,1.0,-9.716418992179038e-05
998,-11107.275359691725,1.0,-9.003108031596999e-05
999,-11964.581088271543,1.0,-8.358002613064863e-05
1000,-12864.821916449962,1.0,-7.773135193743508e-05
1001,-324.52142987892296,1.0,-0.003081460599915063
1002,-299.5844636203102,1.0,-0.003337956808292262
1003,-274.237841848458,1.0,-0.0036464697696702024
1004,2.5132741228718345,1.0,0.3978873577297384
1005,-15.70796326794897,1.0,-0.06366197723675812
1006,-4.886921905584123,1.0,-0.204627783975294
1007,-13.962634015954636,1.0,-0.0716197243913529
1008,-28.274333882308145,1.0,-0.03536776513153229
1009,-48.869219055841214,1.0,-0.020462778397529406
1010,-76.79448708775051,1.0,-0.013021768071155071
1011,-113.09733552923261,1.0,-0.00884194128288307
1012,-158.82496193148398,1.0,-0.006296239506932123
1013,-215.0245638457016,1.0,-0.00465063145398395
1014,-282.74333882308133,1.0,-0.0035367765131532306
1015,-363.0284844148207,1.0,-0.0027546047842828027
1016,-456.92719817211463,1.0,-0.00218853244893363
1017,-565.4866776461632,1.0,-0.0017683882565766135
1018,-689.7541203881602,1.0,-0.001449791991727789
1019,-830.7767239493037,1.0,-0.00120369284691349
1020,-989.6016858807833,1.0,-0.0010105075751866387
1021,-1167.2762037338007,1.0,-0.0008566952678391546
1022,-1364.8474750595656,1.0,-0.0007326826024690834
1023,-1583.3626974092565,1.0,-0.0006315672344916479
1024,-1823.86906833408,1.0,-0.000548284971417054
1025,-2087.4137853852153,1.0,-0.0004790617016144013
1026,-2375.044046113875,1.0,-0.00042104482299443365
1027,-2687.807048071285,1.0,-0.000372050516318714
1028,-3026.7499888085767,1.0,-0.00033038738042372347
1029,-3392.9200658769864,1.0,-0.00029473137609610164
1030,-3787.3644768276736,1.0,-0.00026403585029070344
1031,-4211.130419211901,1.0,-0.000237465929679553
1032,-4665.265090580819,1.0,-0.00021435009170625745
1033,-5150.815688485627,1.0,-0.00019414400756669406
1034,-5668.829410477594,1.0,-0.00017640326204766688
1035,-6220.353454107875,1.0,-0.00016076256877969007
1036,-6806.435016927535,1.0,-0.00014691978950992848
1037,-7428.121296487948,1.0,-0.00013462354208900774
1038,-8086.459490339976,1.0,-0.00012366351444591944
1039,-8782.496796035577,1.0,-0.00011386283687019395
1040,-9517.28041112493,1.0,-0.00010507203284996006
1041,-10291.857533160337,1.0,-9.716418992179038e-05
1042,-11107.275359691725,1.0,-9.003108031596999e-05
1043,-11964.581088271543,1.0,-8.358002613064863e-05
1044,-348.7351206923598,1.0,-0.0028675058537684824
1045,-324.52142987892296,1.0,-0.003081460599915063
1046,-299.5844636203102,1.0,-0.003337956808292262
1047,2.5132741228718345,1.0,0.3978873577297384
1048,-15.70796326794897,1.0,-0.06366197723675812
1049,-4.886921905584123,1.0,-0.204627783975294
1050,-13.962634015954636,1.0,-0.0716197243913529
1051,-28.274333882308145,1.0,-0.03536776513153229
1052,-48.869219055841214,1.0,-0.020462778397529406
1053,-76.79448708775051,1.0,-0.013021768071155071
1054,-113.09733552923261,1.0,-0.00884194128288307
1055,-158.82496193148398,1.0,-0.006296239506932123
1056,-215.0245638457016,1.0,-0.00465063145398395
1057,-282.74333882308133,1.0,-0.0035367765131532306
1058,-363.0284844148207,1.0,-0.0027546047842828027
1059,-456.92719817211463,1.0,-0.00218853244893363
1060,-565.4866776461632,1.0,-0.0017683882565766135
1061,-689.7541203881602,1.0,-0.001449791991727789
1062,-830.7767239493037,1.0,-0.00120369284691349
1063,-989.6016858807833,1.0,-0.0010105075751866387
1064,-1167.2762037338007,1.0,-0.0008566952678391546
1065,-1364.8474750595656,1.0,-0.0007326826024690834
1066,-1583.3626974092565,1.0,-0.0006315672344916479
1067,-1823.86906833408,1.0,-0.000548284971417054
1068,-2087.4137853852153,1.0,-0.0004790617016144013
1069,-2375.044046113875,1.0,-0.00042104482299443365
1070,-2687.807048071285,1.0,-0.000372050516318714
1071,-3026.7499888085767,1.0,-0.00033038738042372347
1072,-3392.9200658769864,1.0,-0.00029473137609610164
1073,-3787.3644768276736,1.0,-0.00026403585029070344
1074,-4211.130419211901,1.0,-0.000237465929679553
1075,-4665.265090580819,1.0,-0.00021435009170625745
1076,-5150.815688485627,1.0,-0.00019414400756669406
1077,-5668.829410477594,1.0,-0.00017640326204766688
1078,-6220.353454107875,1.0,-0.00016076256877969007
1079,-6806.435016927535,1.0,-0.00014691978950992848
1080,-7428.121296487948,1.0,-0.00013462354208900774
1081,-8086.459490339976,1.0,-0.00012366351444591944
1082,-8782.496796035577,1.0,-0.00011386283687019395
1083,-9517.28041112493,1.0,-0.00010507203284996006
1084,-10291.857533160337,1.0,-9.716418992179038e-05
1085,-11107.275359691725,1.0,-9.003108031596999e-05
1086,-371.90561991654,1.0,-0.002688854231953827
1087,-348.7351206923598,1.0,-0.0028675058537684824
1088,-324.52142987892296,1.0,-0.003081460599915063
1089,2.5132741228718345,1.0,0.3978873577297384
1090,-15.70796326794897,1.0,-0.06366197723675812
1091,-4.886921905584123,1.0,-0.204627783975294
1092,-13.962634015954636,1.0,-0.0716197243913529
1093,-28.274333882308145,1.0,-0.03536776513153229
1094,-48.869219055841214,1.0,-0.020462778397529406
1095,-76.79448708775051,1.0,-0.013021768071155071
1096,-113.09733552923261,1.0,-0.00884194128288307
1097,-158.82496193148398,1.0,-0.006296239506932123
1098,-215.0245638457016,1.0,-0.00465063145398395
1099,-282.74333882308133,1.0,-0.0035367765131532306
1100,-363.0284844148207,1.0,-0.0027546047842828027
1101,-456.92719817211463,1.0,-0.00218853244893363
1102,-565.4866776461632,1.0,-0.0017683882565766135
1103,-689.7541203881602,1.0,-0.001449791991727789
1104,-830.7767239493037,1.0,-0.00120369284691349
1105,-989.6016858807833,1.0,-0.0010105075751866387
1106,-1167.2762037338007,1.0,-0.0008566952678391546
1107,-1364.8474750595656,1.0,-0.0007326826024690834
1108,-1583.3626974092565,1.0,-0.0006315672344916479
1109,-1823.86906833408,1.0,-0.000548284971417054
1110,-2087.4137853852153,1.0,-0.0004790617016144013
1111,-2375.044046113875,1.0,-0.00042104482299443365
1112,-2687.807048071285,1.0,-0.000372050516318714
1113,-3026.7499888085767,1.0,-0.00033038738042372347
1114,-3392.9200658769864,1.0,-0.00029473137609610164
1115,-3787.3644768276736,1.0,-0.00026403585029070344
1116,-4211.130419211901,1.0,-0.000237465929679553
1117,-4665.265090580819,1.0,-0.00021435009170625745
1118,-5150.815688485627,1.0,-0.00019414400756669406
1119,-5668.829410477594,1.0,-0.00017640326204766688
1120,-6220.353454107875,1.0,-0.00016076256877969007
1121,-6806.435016927535,1.0,-0.00014691978950992848
1122,-7428.121296487948,1.0,-0.00013462354208900774
1123,-8086.459490339976,1.0,-0.00012366351444591944
1124,-8782.496796035577,1.0,-0.00011386283687019395
1125,-9517.28041112493,1.0,-0.00010507203284996006
1126,-10291.857533160337,1.0,-9.716418992179038e-05
1127,-393.7124986837528,1.0,-0.002539924445739387
1128,-371.90561991654,1.0,-0.002688854231953827
1129,-348.7351206923598,1.0,-0.0028675058537684824
1130,2.5132741228718345,1.0,0.3978873577297384
1131,-15.70796326794897,1.0,-0.06366197723675812
1132,-4.886921905584123,1.0,-0.204627783975294
1133,-13.962634015954636,1.0,-0.0716197243913529
1134,-28.274333882308145,1.0,-0.03536776513153229
1135,-48.869219055841214,1.0,-0.020462778397529406
1136,-76.79448708775051,1.0,-0.013021768071155071
1137,-113.09733552923261,1.0,-0.00884194128288307
1138,-158.82496193148398,1.0,-0.006296239506932123
1139,-215.0245638457016,1.0,-0.00465063145398395
1140,-282.74333882308133,1.0,-0.0035367765131532306
1141,-363.0284844148207,1.0,-0.0027546047842828027
1142,-456.92719817211463,1.0,-0.00218853244893363
1143,-565.4866776461632,1.0,-0.0017683882565766135
1144,-689.7541203881602,1.0,-0.001449791991727789
1145,-830.7767239493037,1.0,-0.00120369284691349
1146,-989.6016858807833,1.0,-0.0010105075751866387
1147,-1167.2762037338007,1.0,-0.0008566952678391546
1148,-1364.8474750595656,1.0,-0.0007326826024690834
1149,-1583.3626974092565,1.0,-0.0006315672344916479
1150,-1823.86906833408,1.0,-0.000548284971417054
1151,-2087.4137853852153,1.0,-0.0004790617016144013
1152,-2375.044046113875,1.0,-0.00042104482299443365
1153,-2687.807048071285,1.0,-0.000372050516318714
1154,-3026.7499888085767,1.0,-0.00033038738042372347
1155,-3392.9200658769864,1.0,-0.00029473137609610164
1156,-3787.3644768276736,1.0,-0.00026403585029070344
1157,-4211.130419211901,1.0,-0.000237465929679553
1158,-4665.265090580819,1.0,-0.00021435009170625745
1159,-5150.815688485627,1.0,-0.00019414400756669406
1160,-5668.829410477594,1.0,-0.00017640326204766688
1161,-6220.353454107875,1.0,-0.00016076256877969007
1162,-6806.435016927535,1.0,-0.00014691978950992848
1163,-7428.121296487948,1.0,-0.00013462354208900774
1164,-8086.459490339976,1.0,-0.00012366351444591944
1165,-8782.496796035577,1.0,-0.00011386283687019395
1166,-9517.28041112493,1.0,-0.00010507203284996006
1167,-413.8413249918185,1.0,-0.0024163850722732187
1168,-393.7124986837528,1.0,-0.002539924445739387
1169,-371.90561991654,1.0,-0.002688854231953827
1170,2.5132741228718345,1.0,0.3978873577297384
1171,-15.70796326794897,1.0,-0.06366197723675812
1172,-4.886921905584123,1.0,-0.204627783975294
1173,-13.962634015954636,1.0,-0.0716197243913529
1174,-28.274333882308145,1.0,-0.03536776513153229
1175,-48.869219055841214,1.0,-0.020462778397529406
1176,-76.79448708775051,1.0,-0.013021768071155071
1177,-113.09733552923261,1.0,-0.00884194128288307
1178,-158.82496193148398,1.0,-0.006296239506932123
1179,-215.0245638457016,1.0,-0.00465063145398395
1180,-282.74333882308133,1.0,-0.0035367765131532306
1181,-363.0284844148207,1.0,-0.0027546047842828027
1182,-456.92719817211463,1.0,-0.00218853244893363
1183,-565.4866776461632,1.0,-0.0017683882565766135
1184,-689.7541203881602,1.0,-0.001449791991727789
1185,-830.7767239493037,1.0,-0.00120369284691349
1186,-989.6016858807833,1.0,-0.0010105075751866387
1187,-1167.2762037338007,1.0,-0.0008566952678391546
1188,-1364.8474750595656,1.0,-0.0007326826024690834
1189,-1583.3626974092565,1.0,-0.0006315672344916479
1190,-1823.86906833408,1.0,-0.000548284971417054
1191,-2087.4137853852153,1.0,-0.0004790617016144013
1192,-2375.044046113875,1.0,-0.00042104482299443365
1193,-2687.807048071285,1.0,-0.000372050516318714
1194,-3026.7499888085767,1.0,-0.00033038738042372347
1195,-3392.9200658769864,1.0,-0.00029473137609610164
1196,-3787.3644768276736,1.0,-0.00026403585029070344
1197,-4211.130419211901,1.0,-0.000237465929679553
1198,-4665.265090580819,1.0,-0.00021435009170625745
1199,-5150.815688485627,1.0,-0.00019414400756669406
1200,-5668.829410477594,1.0,-0.00017640326204766688
1201,-6220.353454107875,1.0,-0.00016076256877969007
1202,-6806.435016927535,1.0,-0.00014691978950992848
1203,-7428.121296487948,1.0,-0.00013462354208900774
1204,-8086.459490339976,1.0,-0.00012366351444591944
1205,-8782.496796035577,1.0,-0.00011386283687019395
1206,-431.9907159588702,1.0,-0.0023148645631893856
1207,-413.8413249918185,1.0,-0.0024163850722732187
1208,-393.7124986837528,1.0,-0.002539924445739387
1209,2.5132741228718345,1.0,0.3978873577297384
1210,-15.70796326794897,1.0,-0.06366197723675812
1211,-4.886921905584123,1.0,-0.204627783975294
1212,-13.962634015954636,1.0,-0.0716197243913529
1213,-28.274333882308145,1.0,-0.03536776513153229
1214,-48.869219055841214,1.0,-0.020462778397529406
1215,-76.79448708775051,1.0,-0.013021768071155071
1216,-113.09733552923261,1.0,-0.00884194128288307
1217,-158.82496193148398,1.0,-0.006296239506932123
1218,-215.0245638457016,1.0,-0.00465063145398395
1219,-282.74333882308133,1.0,-0.0035367765131532306
1220,-363.0284844148207,1.0,-0.0027546047842828027
1221,-456.92719817211463,1.0,-0.00218853244893363
1222,-565.4866776461632,1.0,-0.0017683882565766135
1223,-689.7541203881602,1.0,-0.001449791991727789
1224,-830.7767239493037,1.0,-0.00120369284691349
1225,-989.6016858807833,1.0,-0.0010105075751866387
1226,-1167.2762037338007,1.0,-0.0008566952678391546
1227,-1364.8474750595656,1.0,-0.0007326826024690834
1228,-1583.3626974092565,1.0,-0.0006315672344916479
1229,-1823.86906833408,1.0,-0.000548284971417054
1230,-2087.4137853852153,1.0,-0.0004790617016144013
1231,-2375.044046113875,1.0,-0.00042104482299443365
1232,-2687.807048071285,1.0,-0.000372050516318714
1233,-3026.7499888085767,1.0,-0.00033038738042372347
1234,-3392.9200658769864,1.0,-0.00029473137609610164
1235,-3787.3644768276736,1.0,-0.00026403585029070344
1236,-4211.130419211901,1.0,-0.000237465929679553
1237,-4665.265090580819,1.0,-0.00021435009170625745
1238,-5150.815688485627,1.0,-0.00019414400756669406
1239,-5668.829410477594,1.0,-0.00017640326204766688
1240,-6220.353454107875,1.0,-0.00016076256877969007
1241,-6806.435016927535,1.0,-0.00014691978950992848
1242,-7428.121296487948,1.0,-0.00013462354208900774
1243,-8086.459490339976,1.0,-0.00012366351444591944
1244,-447.87968970338284,1.0,-0.0022327424596151474
1245,-431.9907159588702,1.0,-0.0023148645631893856
1246,-413.8413249918185,1.0,-0.0024163850722732187
1247,2.5132741228718345,1.0,0.3978873577297384
1248,-15.70796326794897,1.0,-0.06366197723675812
1249,-4.886921905584123,1.0,-0.204627783975294
1250,-13.962634015954636,1.0,-0.0716197243913529
1251,-28.274333882308145,1.0,-0.03536776513153229
1252,-48.869219055841214,1.0,-0.020462778397529406
1253,-76.79448708775051,1.0,-0.013021768071155071
1254,-113.09733552923261,1.0,-0.00884194128288307
1255,-158.82496193148398,1.0,-0.006296239506932123
1256,-215.0245638457016,1.0,-0.00465063145398395
1257,-282.74333882308133,1.0,-0.0035367765131532306
1258,-363.0284844148207,1.0,-0.0027546047842828027
1259,-456.92719817211463,1.0,-0.00218853244893363
1260,-565.4866776461632,1.0,-0.0017683882565766135
1261,-689.7541203881602,1.0,-0.001449791991727789
1262,-830.7767239493037,1.0,-0.00120369284691349
1263,-989.6016858807833,1.0,-0.0010105075751866387
1264,-1167.2762037338007,1.0,-0.0008566952678391546
1265,-1364.8474750595656,1.0,-0.0007326826024690834
1266,-1583.3626974092565,1.0,-0.0006315672344916479
1267,-1823.86906833408,1.0,-0.000548284971417054
1268,-2087.4137853852153,1.0,-0.0004790617016144013
1269,-2375.044046113875,1.0,-0.00042104482299443365
1270,-2687.807048071285,1.0,-0.000372050516318714
1271,-3026.7499888085767,1.0,-0.00033038738042372347
1272,-3392.9200658769864,1.0,-0.00029473137609610164
1273,-3787.3644768276736,1.0,-0.00026403585029070344
1274,-4211.130419211901,1.0,-0.000237465929679553
1275,-4665.265090580819,1.0,-0.00021435009170625745
1276,-5150.815688485627,1.0,-0.00019414400756669406
1277,-5668.829410477594,1.0,-0.00017640326204766688
1278,-6220.353454107875,1.0,-0.00016076256877969007
1279,-6806.435016927535,1.0,-0.00014691978950992848
1280,-7428.121296487948,1.0,-0.00013462354208900774
1281,-461.25502308002626,1.0,-0.002167998070400424
1282,-447.87968970338284,1.0,-0.0022327424596151474
1283,-431.9907159588702,1.0,-0.0023148645631893856
1284,2.5132741228718345,1.0,0.3978873577297384
1285,-15.70796326794897,1.0,-0.06366197723675812
1286,-4.886921905584123,1.0,-0.204627783975294
1287,-13.962634015954636,1.0,-0.0716197243913529
1288,-28.274333882308145,1.0,-0.03536776513153229
1289,-48.869219055841214,1.0,-0.020462778397529406
1290,-76.79448708775051,1.0,-0.013021768071155071
1291,-113.09733552923261,1.0,-0.00884194128288307
1292,-158.82496193148398,1.0,-0.006296239506932123
1293,-215.0245638457016,1.0,-0.00465063145398395
1294,-282.74333882308133,1.0,-0.0035367765131532306
1295,-363.0284844148207,1.0,-0.0027546047842828027
1296,-456.92719817211463,1.0,-0.00218853244893363
1297,-565.4866776461632,1.0,-0.0017683882565766135
1298,-689.7541203881602,1.0,-0.001449791991727789
1299,-830.7767239493037,1.0,-0.00120369284691349
1300,-989.6016858807833,1.0,-0.0010105075751866387
1301,-1167.2762037338007,1.0,-0.0008566952678391546
1302,-1364.8474750595656,1.0,-0.0007326826024690834
1303,-1583.3626974092565,1.0,-0.0006315672344916479
1304,-1823.86906833408,1.0,-0.000548284971417054
1305,-2087.4137853852153,1.0,-0.0004790617016144013
1306,-2375.044046113875,1.0,-0.00042104482299443365
1307,-2687.807048071285,1.0,-0.000372050516318714
1308,-3026.7499888085767,1.0,-0.00033038738042372347
1309,-3392.9200658769864,1.0,-0.00029473137609610164
1310,-3787.3644768276736,1.0,-0.00026403585029070344
1311,-4211.130419211901,1.0,-0.000237465929679553
1312,-4665.265090580819,1.0,-0.00021435009170625745
1313,-5150.815688485627,1.0,-0.00019414400756669406
1314,-5668.829410477594,1.0,-0.00017640326204766688
1315,-6220.353454107875,1.0,-0.00016076256877969007
1316,-6806.435016927535,1.0,-0.00014691978950992848
1317,-471.89828603762146,1.0,-0.00211910072485467
1318,-461.25502308002626,1.0,-0.002167998070400424
1319,-447.87968970338284,1.0,-0.0022327424596151474
1320,2.5132741228718345,1.0,0.3978873577297384
1321,-15.70796326794897,1.0,-0.06366197723675812
1322,-4.886921905584123,1.0,-0.204627783975294
1323,-13.962634015954636,1.0,-0.0716197243913529
1324,-28.274333882308145,1.0,-0.03536776513153229
1325,-48.869219055841214,1.0,-0.020462778397529406
1326,-76.79448708775051,1.0,-0.013021768071155071
1327,-113.09733552923261,1.0,-0.00884194128288307
1328,-158.82496193148398,1.0,-0.006296239506932123
1329,-215.0245638457016,1.0,-0.00465063145398395
1330,-282.74333882308133,1.0,-0.0035367765131532306
1331,-363.0284844148207,1.0,-0.0027546047842828027
1332,-456.92719817211463,1.0,-0.00218853244893363
1333,-565.4866776461632,1.0,-0.0017683882565766135
1334,-689.7541203881602,1.0,-0.001449791991727789
1335,-830.7767239493037,1.0,-0.00120369284691349
1336,-989.6016858807833,1.0,-0.0010105075751866387
1337,-1167.2762037338007,1.0,-0.0008566952678391546
1338,-1364.8474750595656,1.0,-0.0007326826024690834
1339,-1583.3626974092565,1.0,-0.0006315672344916479
1340,-1823.86906833408,1.0,-0.000548284971417054
1341,-2087.4137853852153,1.0,-0.0004790617016144013
1342,-2375.044046113875,1.0,-0.00042104482299443365
1343,-2687.807048071285,1.0,-0.000372050516318714
1344,-3026.7499888085767,1.0,-0.00033038738042372347
1345,-3392.9200658769864,1.0,-0.00029473137609610164
1346,-3787.3644768276736,1.0,-0.00026403585029070344
1347,-4211.130419211901,1.0,-0.000237465929679553
1348,-4665.265090580819,1.0,-0.00021435009170625745
1349,-5150.815688485627,1.0,-0.00019414400756669406
1350,-5668.829410477594,1.0,-0.00017640326204766688
1351,-6220.353454107875,1.0,-0.00016076256877969007
1352,-479.6322088833604,1.0,-0.0020849308730289742
1353,-471.89828603762146,1.0,-0.00211910072485467
1354,-461.25502308002626,1.0,-0.002167998070400424
1355,2.5132741228718345,1.0,0.3978873577297384
1356,-15.70796326794897,1.0,-0.06366197723675812
1357,-4.886921905584123,1.0,-0.204627783975294
1358,-13.962634015954636,1.0,-0.0716197243913529
1359,-28.274333882308145,1.0,-0.03536776513153229
1360,-48.869219055841214,1.0,-0.020462778397529406
1361,-76.79448708775051,1.0,-0.013021768071155071
1362,-113.09733552923261,1.0,-0.00884194128288307
1363,-158.82496193148398,1.0,-0.006296239506932123
1364,-215.0245638457016,1.0,-0.00465063145398395
1365,-282.74333882308133,1.0,-0.0035367765131532306
1366,-363.0284844148207,1.0,-0.0027546047842828027
1367,-456.92719817211463,1.0,-0.00218853244893363
1368,-565.4866776461632,1.0,-0.0017683882565766135
1369,-689.7541203881602,1.0,-0.001449791991727789
1370,-830.7767239493037,1.0,-0.00120369284691349
1371,-989.6016858807833,1.0,-0.0010105075751866387
1372,-1167.2762037338007,1.0,-0.0008566952678391546
1373,-1364.8474750595656,1.0,-0.0007326826024690834
1374,-1583.3626974092565,1.0,-0.0006315672344916479
1375,-1823.86906833408,1.0,-0.000548284971417054
1376,-2087.4137853852153,1.0,-0.0004790617016144013
1377,-2375.044046113875,1.0,-0.00042104482299443365
1378,-2687.807048071285,1.0,-0.000372050516318714
1379,-3026.7499888085767,1.0,-0.00033038738042372347
1380,-3392.9200658769864,1.0,-0.00029473137609610164
1381,-3787.3644768276736,1.0,-0.00026403585029070344
1382,-4211.130419211901,1.0,-0.000237465929679553
1383,-4665.265090580819,1.0,-0.00021435009170625745
1384,-5150.815688485627,1.0,-0.00019414400756669406
1385,-5668.829410477594,1.0,-0.00017640326204766688
1386,-484.3260493510553,1.0,-0.002064724788889411
1387,-479.6322088833604,1.0,-0.0020849308730289742
1388,-471.89828603762146,1.0,-0.00211910072485467
1389,2.5132741228718345,1.0,0.3978873577297384
1390,-15.70796326794897,1.0,-0.06366197723675812
1391,-4.886921905584123,1.0,-0.204627783975294
1392,-13.962634015954636,1.0,-0.0716197243913529
1393,-28.274333882308145,1.0,-0.03536776513153229
1394,-48.869219055841214,1.0,-0.020462778397529406
1395,-76.79448708775051,1.0,-0.013021768071155071
1396,-113.09733552923261,1.0,-0.00884194128288307
1397,-158.82496193148398,1.0,-0.006296239506932123
1398,-215.0245638457016,1.0,-0.00465063145398395
1399,-282.74333882308133,1.0,-0.0035367765131532306
1400,-363.0284844148207,1.0,-0.0027546047842828027
1401,-456.92719817211463,1.0,-0.00218853244893363
1402,-565.4866776461632,1.0,-0.0017683882565766135
1403,-689.7541203881602,1.0,-0.001449791991727789
1404,-830.7767239493037,1.0,-0.00120369284691349
1405,-989.6016858807833,1.0,-0.0010105075751866387
1406,-1167.2762037338007,1.0,-0.0008566952678391546
1407,-1364.8474750595656,1.0,-0.0007326826024690834
1408,-1583.3626974092565,1.0,-0.0006315672344916479
1409,-1823.86906833408,1.0,-0.000548284971417054
1410,-2087.4137853852153,1.0,-0.0004790617016144013
1411,-2375.044046113875,1.0,-0.00042104482299443365
1412,-2687.807048071285,1.0,-0.000372050516318714
1413,-3026.7499888085767,1.0,-0.00033038738042372347
1414,-3392.9200658769864,1.0,-0.00029473137609610164
1415,-3787.3644768276736,1.0,-0.00026403585029070344
1416,-4211.130419211901,1.0,-0.000237465929679553
1417,-4665.265090580819,1.0,-0.00021435009170625745
1418,-5150.815688485627,1.0,-0.00019414400756669406
1419,-485.8996637552215,1.0,-0.0020580380572227837
1420,-484.3260493510553,1.0,-0.002064724788889411
1421,-479.6322088833604,1.0,-0.0020849308730289742
1422,2.5132741228718345,1.0,0.3978873577297384
1423,-15.70796326794897,1.0,-0.06366197723675812
1424,-4.886921905584123,1.0,-0.204627783975294
1425,-13.962634015954636,1.0,-0.0716197243913529
1426,-28.274333882308145,1.0,-0.03536776513153229
1427,-48.869219055841214,1.0,-0.020462778397529406
1428,-76.79448708775051,1.0,-0.013021768071155071
1429,-113.09733552923261,1.0,-0.00884194128288307
1430,-158.82496193148398,1.0,-0.006296239506932123
1431,-215.0245638457016,1.0,-0.00465063145398395
1432,-282.74333882308133,1.0,-0.0035367765131532306
1433,-363.0284844148207,1.0,-0.0027546047842828027
1434,-456.92719817211463,1.0,-0.00218853244893363
1435,-565.4866776461632,1.0,-0.0017683882565766135
1436,-689.7541203881602,1.0,-0.001449791991727789
1437,-830.7767239493037,1.0,-0.00120369284691349
1438,-989.6016858807833,1.0,-0.0010105075751866387
1439,-1167.2762037338007,1.0,-0.0008566952678391546
1440,-1364.8474750595656,1.0,-0.0007326826024690834
1441,-1583.3626974092565,1.0,-0.0006315672344916479
1442,-1823.86906833408,1.0,-0.000548284971417054
1443,-2087.4137853852153,1.0,-0.0004790617016144013
1444,-2375.044046113875,1.0,-0.00042104482299443365
1445,-2687.807048071285,1.0,-0.000372050516318714
1446,-3026.7499888085767,1.0,-0.00033038738042372347
1447,-3392.9200658769864,1.0,-0.00029473137609610164
1448,-3787.3644768276736,1.0,-0.00026403585029070344
1449,-4211.130419211901,1.0,-0.000237465929679553
1450,-4665.265090580819,1.0,-0.00021435009170625745
1451,-484.3260493510553,1.0,-0.002064724788889411
1452,-485.8996637552215,1.0,-0.0020580380572227837
1453,-484.3260493510553,1.0,-0.002064724788889411
1454,2.5132741228718345,1.0,0.3978873577297384
1455,-15.70796326794897,1.0,-0.06366197723675812
1456,-4.886921905584123,1.0,-0.204627783975294
1457,-13.962634015954636,1.0,-0.0716197243913529
1458,-28.274333882308145,1.0,-0.03536776513153229
1459,-48.869219055841214,1.0,-0.020462778397529406
1460,-76.79448708775051,1.0,-0.013021768071155071
1461,-113.09733552923261,1.0,-0.00884194128288307
1462,-158.82496193148398,1.0,-0.006296239506932123
1463,-215.0245638457016,1.0,-0.00465063145398395
1464,-282.74333882308133,1.0,-0.0035367765131532306
1465,-363.0284844148207,1.0,-0.0027546047842828027
1466,-456.92719817211463,1.0,-0.00218853244893363
1467,-565.4866776461632,1.0,-0.0017683882565766135
1468,-689.7541203881602,1.0,-0.001449791991727789
1469,-830.7767239493037,1.0,-0.00120369284691349
1470,-989.6016858807833,1.0,-0.0010105075751866387
1471,-1167.2762037338007,1.0,-0.0008566952678391546
1472,-1364.8474750595656,1.0,-0.0007326826024690834
1473,-1583.3626974092565,1.0,-0.0006315672344916479
1474,-1823.86906833408,1.0,-0.000548284971417054
1475,-2087.4137853852153,1.0,-0.0004790617016144013
1476,-2375.044046113875,1.0,-0.00042104482299443365
1477,-2687.807048071285,1.0,-0.000372050516318714
1478,-3026.7499888085767,1.0,-0.00033038738042372347
1479,-3392.9200658769864,1.0,-0.00029473137609610164
1480,-3787.3644768276736,1.0,-0.00026403585029070344
1481,-4211.130419211901,1.0,-0.000237465929679553
1482,-479.6322088833604,1.0,-0.0020849308730289742
1483,-484.3260493510553,1.0,-0.002064724788889411
1484,-485.8996637552215,1.0,-0.0020580380572227837
1485,2.5132741228718345,1.0,0.3978873577297384
1486,-15.70796326794897,1.0,-0.06366197723675812
1487,-4.886921905584123,1.0,-0.204627783975294
1488,-13.962634015954636,1.0,-0.0716197243913529
1489,-28.274333882308145,1.0,-0.03536776513153229
1490,-48.869219055841214,1.0,-0.020462778397529406
1491,-76.79448708775051,1.0,-0.013021768071155071
1492,-113.09733552923261,1.0,-0.00884194128288307
1493,-158.82496193148398,1.0,-0.006296239506932123
1494,-215.0245638457016,1.0,-0.00465063145398395
1495,-282.74333882308133,1.0,-0.0035367765131532306
1496,-363.0284844148207,1.0,-0.0027546047842828027
1497,-456.92719817211463,1.0,-0.00218853244893363
1498,-565.4866776461632,1.0,-0.0017683882565766135
1499,-689.7541203881602,1.0,-0.001449791991727789
1500,-830.7767239493037,1.0,-0.00120369284691349
1501,-989.6016858807833,1.0,-0.0010105075751866387
1502,-1167.2762037338007,1.0,-0.0008566952678391546
1503,-1364.8474750595656,1.0,-0.0007326826024690834
1504,-1583.3626974092565,1.0,-0.0006315672344916479
1505,-1823.86906833408,1.0,-0.000548284971417054
1506,-2087.4137853852153,1.0,-0.0004790617016144013
1507,-2375.044046113875,1.0,-0.00042104482299443365
1508,-2687.807048071285,1.0,-0.000372050516318714
1509,-3026.7499888085767,1.0,-0.00033038738042372347
1510,-3392.9200658769864,1.0,-0.00029473137609610164
1511,-3787.3644768276736,1.0,-0.00026403585029070344
1512,-471.89828603762146,1.0,-0.00211910072485467
1513,-479.6322088833604,1.0,-0.0020849308730289742
1514,-484.3260493510553,1.0,-0.002064724788889411
1515,2.5132741228718345,1.0,0.3978873577297384
1516,-15.70796326794897,1.0,-0.06366197723675812
1517,-4.886921905584123,1.0,-0.204627783975294
1518,-13.962634015954636,1.0,-0.0716197243913529
1519,-28.274333882308145,1.0,-0.03536776513153229
1520,-48.869219055841214,1.0,-0.020462778397529406
1521,-76.79448708775051,1.0,-0.013021768071155071
1522,-113.09733552923261,1.0,-0.00884194128288307
1523,-158.82496193148398,1.0,-0.006296239506932123
1524,-215.0245638457016,1.0,-0.00465063145398395
1525,-282.74333882308133,1.0,-0.0035367765131532306
1526,-363.0284844148207,1.0,-0.0027546047842828027
1527,-456.92719817211463,1.0,-0.00218853244893363
1528,-565.4866776461632,1.0,-0.0017683882565766135
1529,-689.7541203881602,1.0,-0.001449791991727789
1530,-830.7767239493037,1.0,-0.00120369284691349
1531,-989.6016858807833,1.0,-0.0010105075751866387
1532,-1167.2762037338007,1.0,-0.0008566952678391546
1533,-1364.8474750595656,1.0,-0.0007326826024690834
1534,-1583.3626974092565,1.0,-0.0006315672344916479
1535,-1823.86906833408,1.0,-0.000548284971417054
1536,-2087.4137853852153,1.0,-0.0004790617016144013
1537,-2375.044046113875,1.0,-0.00042104482299443365
1538,-2687.807048071285,1.0,-0.000372050516318714
1539,-3026.7499888085767,1.0,-0.00033038738042372347
1540,-3392.9200658769864,1.0,-0.00029473137609610164
1541,-461.25502308002626,1.0,-0.002167998070400424
1542,-471.89828603762146,1.0,-0.00211910072485467
1543,-479.6322088833604,1.0,-0.0020849308730289742
1544,2.5132741228718345,1.0,0.3978873577297384
1545,-15.70796326794897,1.0,-0.06366197723675812
1546,-4.886921905584123,1.0,-0.204627783975294
1547,-13.962634015954636,1.0,-0.0716197243913529
1548,-28.274333882308145,1.0,-0.03536776513153229
1549,-48.869219055841214,1.0,-0.020462778397529406
1550,-76.79448708775051,1.0,-0.013021768071155071
1551,-113.09733552923261,1.0,-0.00884194128288307
1552,-158.82496193148398,1.0,-0.006296239506932123
1553,-215.0245638457016,1.0,-0.00465063145398395
1554,-282.74333882308133,1.0,-0.0035367765131532306
1555,-363.0284844148207,1.0,-0.0027546047842828027
1556,-456.92719817211463,1.0,-0.00218853244893363
1557,-565.4866776461632,1.0,-0.0017683882565766135
1558,-689.7541203881602,1.0,-0.001449791991727789
1559,-830.7767239493037,1.0,-0.00120369284691349
1560,-989.6016858807833,1.0,-0.0010105075751866387
1561,-1167.2762037338007,1.0,-0.0008566952678391546
1562,-1364.8474750595656,1.0,-0.0007326826024690834
1563,-1583.3626974092565,1.0,-0.0006315672344916479
1564,-1823.86906833408,1.0,-0.000548284971417054
1565,-2087.4137853852153,1.0,-0.0004790617016144013
1566,-2375.044046113875,1.0,-0.00042104482299443365
1567,-2687.807048071285,1.0,-0.000372050516318714
1568,-3026.7499888085767,1.0,-0.00033038738042372347
1569,-447.87968970338284,1.0,-0.0022327424596151474
1570,-461.25502308002626,1.0,-0.002167998070400424
1571,-471.89828603762146,1.0,-0.00211910072485467
1572,2.5132741228718345,1.0,0.3978873577297384
1573,-15.70796326794897,1.0,-0.06366197723675812
1574,-4.886921905584123,1.0,-0.204627783975294
1575,-13.962634015954636,1.0,-0.0716197243913529
1576,-28.274333882308145,1.0,-0.03536776513153229
1577,-48.869219055841214,1.0,-0.020462778397529406
1578,-76.79448708775051,1.0,-0.013021768071155071
1579,-113.09733552923261,1.0,-0.00884194128288307
1580,-158.82496193148398,1.0,-0.006296239506932123
1581,-215.0245638457016,1.0,-0.00465063145398395
1582,-282.74333882308133,1.0,-0.0035367765131532306
1583,-363.0284844148207,1.0,-0.0027546047842828027
1584,-456.92719817211463,1.0,-0.00218853244893363
1585,-565.4866776461632,1.0,-0.0017683882565766135
1586,-689.7541203881602,1.0,-0.001449791991727789
1587,-830.7767239493037,1.0,-0.00120369284691349
1588,-989.6016858807833,1.0,-0.0010105075751866387
1589,-1167.2762037338007,1.0,-0.0008566952678391546
1590,-1364.8474750595656,1.0,-0.0007326826024690834
1591,-1583.3626974092565,1.0,-0.0006315672344916479
1592,-1823.86906833408,1.0,-0.000548284971417054
1593,-2087.4137853852153,1.0,-0.0004790617016144013
1594,-2375.044046113875,1.0,-0.00042104482299443365
1595,-2687.807048071285,1.0,-0.000372050516318714
1596,-431.9907159588702,1.0,-0.0023148645631893856
1597,-447.87968970338284,1.0,-0.0022327424596151474
1598,-461.25502308002626,1.0,-0.002167998070400424
1599,2.5132741228718345,1.0,0.3978873577297384
1600,-15.70796326794897,1.0,-0.06366197723675812
1601,-4.886921905584123,1.0,-0.204627783975294
1602,-13.962634015954636,1.0,-0.0716197243913529
1603,-28.274333882308145,1.0,-0.03536776513153229
1604,-48.869219055841214,1.0,-0.020462778397529406
1605,-76.79448708775051,1.0,-0.013021768071155071
1606,-113.09733552923261,1.0,-0.00884194128288307
1607,-158.82496193148398,1.0,-0.006296239506932123
1608,-215.0245638457016,1.0,-0.00465063145398395
1609,-282.74333882308133,1.0,-0.0035367765131532306
1610,-363.0284844148207,1.0,-0.0027546047842828027
1611,-456.92719817211463,1.0,-0.00218853244893363
1612,-565.4866776461632,1.0,-0.0017683882565766135
1613,-689.7541203881602,1.0,-0.001449791991727789
1614,-830.7767239493037,1.0,-0.00120369284691349
1615,-989.6016858807833,1.0,-0.0010105075751866387
1616,-1167.2762037338007,1.0,-0.0008566952678391546
1617,-1364.8474750595656,1.0,-0.0007326826024690834
1618,-1583.3626974092565,1.0,-0.0006315672344916479
1619,-1823.86906833408,1.0,-0.000548284971417054
1620,-2087.4137853852153,1.0,-0.0004790617016144013
1621,-2375.044046113875,1.0,-0.00042104482299443365
1622,-413.8413249918185,1.0,-0.0024163850722732187
1623,-431.9907159588702,1.0,-0.0023148645631893856
1624,-447.87968970338284,1.0,-0.0022327424596151474
1625,2.5132741228718345,1.0,0.3978873577297384
1626,-15.70796326794897,1.0,-0.06366197723675812
1627,-4.886921905584123,1.0,-0.204627783975294
1628,-13.962634015954636,1.0,-0.0716197243913529
1629,-28.274333882308145,1.0,-0.03536776513153229
1630,-48.869219055841214,1.0,-0.020462778397529406
1631,-76.79448708775051,1.0,-0.013021768071155071
1632,-113.09733552923261,1.0,-0.00884194128288307
1633,-158.82496193148398,1.0,-0.006296239506932123
1634,-215.0245638457016,1.0,-0.00465063145398395
1635,-282.74333882308133,1.0,-0.0035367765131532306
1636,-363.0284844148207,1.0,-0.0027546047842828027
1637,-456.92719817211463,1.0,-0.00218853244893363
1638,-565.4866776461632,1.0,-0.0017683882565766135
1639,-689.7541203881602,1.0,-0.001449791991727789
1640,-830.7767239493037,1.0,-0.00120369284691349
1641,-989.6016858807833,1.0,-0.0010105075751866387
1642,-1167.2762037338007,1.0,-0.0008566952678391546
1643,-1364.8474750595656,1.0,-0.0007326826024690834
1644,-1583.3626974092565,1.0,-0.0006315672344916479
1645,-1823.86906833408,1.0,-0.000548284971417054
1646,-2087.4137853852153,1.0,-0.0004790617016144013
1647,-393.7124986837528,1.0,-0.002539924445739387
1648,-413.8413249918185,1.0,-0.0024163850722732187
1649,-431.9907159588702,1.0,-0.0023148645631893856
1650,2.5132741228718345,1.0,0.3978873577297384
1651,-15.70796326794897,1.0,-0.06366197723675812
1652,-4.886921905584123,1.0,-0.204627783975294
1653,-13.962634015954636,1.0,-0.0716197243913529
1654,-28.274333882308145,1.0,-0.03536776513153229
1655,-48.869219055841214,1.0,-0.020462778397529406
1656,-76.79448708775051,1.0,-0.013021768071155071
1657,-113.09733552923261,1.0,-0.00884194128288307
1658,-158.82496193148398,1.0,-0.006296239506932123
1659,-215.0245638457016,1.0,-0.00465063145398395
1660,-282.74333882308133,1.0,-0.0035367765131532306
1661,-363.0284844148207,1.0,-0.0027546047842828027
1662,-456.92719817211463,1.0,-0.00218853244893363
1663,-565.4866776461632,1.0,-0.0017683882565766135
1664,-689.7541203881602,1.0,-0.001449791991727789
1665,-830.7767239493037,1.0,-0.00120369284691349
1666,-989.6016858807833,1.0,-0.0010105075751866387
1667,-1167.2762037338007,1.0,-0.0008566952678391546
1668,-1364.8474750595656,1.0,-0.0007326826024690834
1669,-1583.3626974092565,1.0,-0.0006315672344916479
1670,-1823.86906833408,1.0,-0.000548284971417054
1671,-371.9056199165401,1.0,-0.002688854231953826
1672,-393.7124986837528,1.0,-0.002539924445739387
1673,-413.8413249918185,1.0,-0.0024163850722732187
1674,2.5132741228718345,1.0,0.3978873577297384
1675,-15.70796326794897,1.0,-0.06366197723675812
1676,-4.886921905584123,1.0,-0.204627783975294
1677,-13.962634015954636,1.0,-0.0716197243913529
1678,-28.274333882308145,1.0,-0.03536776513153229
1679,-48.869219055841214,1.0,-0.020462778397529406
1680,-76.79448708775051,1.0,-0.013021768071155071
1681,-113.09733552923261,1.0,-0.00884194128288307
1682,-158.82496193148398,1.0,-0.006296239506932123
1683,-215.0245638457016,1.0,-0.00465063145398395
1684,-282.74333882308133,1.0,-0.0035367765131532306
1685,-363.0284844148207,1.0,-0.0027546047842828027
1686,-456.92719817211463,1.0,-0.00218853244893363
1687,-565.4866776461632,1.0,-0.0017683882565766135
1688,-689.7541203881602,1.0,-0.001449791991727789
1689,-830.7767239493037,1.0,-0.00120369284691349
1690,-989.6016858807833,1.0,-0.0010105075751866387
1691,-1167.2762037338007,1.0,-0.0008566952678391546
1692,-1364.8474750595656,1.0,-0.0007326826024690834
1693,-1583.3626974092565,1.0,-0.0006315672344916479
1694,-348.7351206923598,1.0,-0.0028675058537684824
1695,-371.9056199165401,1.0,-0.002688854231953826
1696,-393.7124986837528,1.0,-0.002539924445739387
1697,2.5132741228718345,1.0,0.3978873577297384
1698,-15.70796326794897,1.0,-0.06366197723675812
1699,-4.886921905584123,1.0,-0.204627783975294
1700,-13.962634015954636,1.0,-0.0716197243913529
1701,-28.274333882308145,1.0,-0.03536776513153229
1702,-48.869219055841214,1.0,-0.020462778397529406
1703,-76.79448708775051,1.0,-0.013021768071155071
1704,-113.09733552923261,1.0,-0.00884194128288307
1705,-158.82496193148398,1.0,-0.006296239506932123
1706,-215.0245638457016,1.0,-0.00465063145398395
1707,-282.74333882308133,1.0,-0.0035367765131532306
1708,-363.0284844148207,1.0,-0.0027546047842828027
1709,-456.92719817211463,1.0,-0.00218853244893363
1710,-565.4866776461632,1.0,-0.0017683882565766135
1711,-689.7541203881602,1.0,-0.001449791991727789
1712,-830.7767239493037,1.0,-0.00120369284691349
1713,-989.6016858807833,1.0,-0.0010105075751866387
1714,-1167.2762037338007,1.0,-0.0008566952678391546
1715,-1364.8474750595656,1.0,-0.0007326826024690834
1716,-324.52142987892296,1.0,-0.003081460599915063
1717,-348.7351206923598,1.0,-0.0028675058537684824
1718,-371.9056199165401,1.0,-0.002688854231953826
1719,2.5132741228718345,1.0,0.3978873577297384
1720,-15.70796326794897,1.0,-0.06366197723675812
1721,-4.886921905584123,1.0,-0.204627783975294
1722,-13.962634015954636,1.0,-0.0716197243913529
1723,-28.274333882308145,1.0,-0.03536776513153229
1724,-48.869219055841214,1.0,-0.020462778397529406
1725,-76.79448708775051,1.0,-0.013021768071155071
1726,-113.09733552923261,1.0,-0.00884194128288307
1727,-158.82496193148398,1.0,-0.006296239506932123
1728,-215.0245638457016,1.0,-0.00465063145398395
1729,-282.74333882308133,1.0,-0.0035367765131532306
1730,-363.0284844148207,1.0,-0.0027546047842828027
1731,-456.92719817211463,1.0,-0.00218853244893363
1732,-565.4866776461632,1.0,-0.0017683882565766135
1733,-689.7541203881602,1.0,-0.001449791991727789
1734,-830.7767239493037,1.0,-0.00120369284691349
1735,-989.6016858807833,1.0,-0.0010105075751866387
1736,-1167.2762037338007,1.0,-0.0008566952678391546
1737,-299.5844636203102,1.0,-0.003337956808292262
1738,-324.52142987892296,1.0,-0.003081460599915063
1739,-348.7351206923598,1.0,-0.0028675058537684824
1740,2.5132741228718345,1.0,0.3978873577297384
1741,-15.70796326794897,1.0,-0.06366197723675812
1742,-4.886921905584123,1.0,-0.204627783975294
1743,-13.962634015954636,1.0,-0.0716197243913529
1744,-28.274333882308145,1.0,-0.03536776513153229
1745,-48.869219055841214,1.0,-0.020462778397529406
1746,-76.79448708775051,1.0,-0.013021768071155071
1747,-113.09733552923261,1.0,-0.00884194128288307
1748,-158.82496193148398,1.0,-0.006296239506932123
1749,-215.0245638457016,1.0,-0.00465063145398395
1750,-282.74333882308133,1.0,-0.0035367765131532306
1751,-363.0284844148207,1.0,-0.0027546047842828027
1752,-456.92719817211463,1.0,-0.00218853244893363
1753,-565.4866776461632,1.0,-0.0017683882565766135
1754,-689.7541203881602,1.0,-0.001449791991727789
1755,-830.7767239493037,1.0,-0.00120369284691349
1756,-989.6016858807833,1.0,-0.0010105075751866387
1757,-274.237841848458,1.0,-0.0036464697696702024
1758,-299.5844636203102,1.0,-0.003337956808292262
1759,-324.52142987892296,1.0,-0.003081460599915063
1760,2.5132741228718345,1.0,0.3978873577297384
1761,-15.70796326794897,1.0,-0.06366197723675812
1762,-4.886921905584123,1.0,-0.204627783975294
1763,-13.962634015954636,1.0,-0.0716197243913529
1764,-28.274333882308145,1.0,-0.03536776513153229
1765,-48.869219055841214,1.0,-0.020462778397529406
1766,-76.79448708775051,1.0,-0.013021768071155071
1767,-113.09733552923261,1.0,-0.00884194128288307
1768,-158.82496193148398,1.0,-0.006296239506932123
1769,-215.0245638457016,1.0,-0.00465063145398395
1770,-282.74333882308133,1.0,-0.0035367765131532306
1771,-363.0284844148207,1.0,-0.0027546047842828027
1772,-456.92719817211463,1.0,-0.00218853244893363
1773,-565.4866776461632,1.0,-0.0017683882565766135
1774,-689.7541203881602,1.0,-0.001449791991727789
1775,-830.7767239493037,1.0,-0.00120369284691349
1776,-248.78395204272903,1.0,-0.004019551871369293
1777,-274.237841848458,1.0,-0.0036464697696702024
1778,-299.5844636203102,1.0,-0.003337956808292262
1779,2.5132741228718345,1.0,0.3978873577297384
1780,-15.70796326794897,1.0,-0.06366197723675812
1781,-4.886921905584123,1.0,-0.204627783975294
1782,-13.962634015954636,1.0,-0.0716197243913529
1783,-28.274333882308145,1.0,-0.03536776513153229
1784,-48.869219055841214,1.0,-0.020462778397529406
1785,-76.79448708775051,1.0,-0.013021768071155071
1786,-113.09733552923261,1.0,-0.00884194128288307
1787,-158.82496193148398,1.0,-0.006296239506932123
1788,-215.0245638457016,1.0,-0.00465063145398395
1789,-282.74333882308133,1.0,-0.0035367765131532306
1790,-363.0284844148207,1.0,-0.0027546047842828027
1791,-456.92719817211463,1.0,-0.00218853244893363
1792,-565.4866776461632,1.0,-0.0017683882565766135
1793,-689.7541203881602,1.0,-0.001449791991727789
1794,-223.50992174247463,1.0,-0.00447407431492991
1795,-248.78395204272903,1.0,-0.004019551871369293
1796,-274.237841848458,1.0,-0.0036464697696702024
1797,2.5132741228718345,1.0,0.3978873577297384
1798,-15.70796326794897,1.0,-0.06366197723675812
1799,-4.886921905584123,1.0,-0.204627783975294
1800,-13.962634015954636,1.0,-0.0716197243913529
1801,-28.274333882308145,1.0,-0.03536776513153229
1802,-48.869219055841214,1.0,-0.020462778397529406
1803,-76.79448708775051,1.0,-0.013021768071155071
1804,-113.09733552923261,1.0,-0.00884194128288307
1805,-158.82496193148398,1.0,-0.006296239506932123
1806,-215.0245638457016,1.0,-0.00465063145398395
1807,-282.74333882308133,1.0,-0.0035367765131532306
1808,-363.0284844148207,1.0,-0.0027546047842828027
1809,-456.92719817211463,1.0,-0.00218853244893363
1810,-565.4866776461632,1.0,-0.0017683882565766135
1811,-198.68450836216525,1.0,-0.0050331050379488285
1812,-223.50992174247463,1.0,-0.00447407431492991
1813,-248.78395204272903,1.0,-0.004019551871369293
1814,2.5132741228718345,1.0,0.3978873577297384
1815,-15.70796326794897,1.0,-0.06366197723675812
1816,-4.886921905584123,1.0,-0.204627783975294
1817,-13.962634015954636,1.0,-0.0716197243913529
1818,-28.274333882308145,1.0,-0.03536776513153229
1819,-48.869219055841214,1.0,-0.020462778397529406
1820,-76.79448708775051,1.0,-0.013021768071155071
1821,-113.09733552923261,1.0,-0.00884194128288307
1822,-158.82496193148398,1.0,-0.006296239506932123
1823,-215.0245638457016,1.0,-0.00465063145398395
1824,-282.74333882308133,1.0,-0.0035367765131532306
1825,-363.0284844148207,1.0,-0.0027546047842828027
1826,-456.92719817211463,1.0,-0.00218853244893363
1827,-174.55587118795552,1.0,-0.005728824777960266
1828,-198.68450836216525,1.0,-0.0050331050379488285
1829,-223.50992174247463,1.0,-0.00447407431492991
1830,2.5132741228718345,1.0,0.3978873577297384
1831,-15.70796326794897,1.0,-0.06366197723675812
1832,-4.886921905584123,1.0,-0.204627783975294
1833,-13.962634015954636,1.0,-0.0716197243913529
1834,-28.274333882308145,1.0,-0.03536776513153229
1835,-48.869219055841214,1.0,-0.020462778397529406
1836,-76.79448708775051,1.0,-0.013021768071155071
1837,-113.09733552923261,1.0,-0.00884194128288307
1838,-158.82496193148398,1.0,-0.006296239506932123
1839,-215.0245638457016,1.0,-0.00465063145398395
1840,-282.74333882308133,1.0,-0.0035367765131532306
1841,-363.0284844148207,1.0,-0.0027546047842828027
1842,-151.3501572596041,1.0,-0.006607194984837347
1843,-174.55587118795552,1.0,-0.005728824777960266
1844,-198.68450836216525,1.0,-0.0050331050379488285
1845,2.5132741228718345,1.0,0.3978873577297384
1846,-15.70796326794897,1.0,-0.06366197723675812
1847,-4.886921905584123,1.0,-0.204627783975294
1848,-13.962634015954636,1.0,-0.0716197243913529
1849,-28.274333882308145,1.0,-0.03536776513153229
1850,-48.869219055841214,1.0,-0.020462778397529406
1851,-76.79448708775051,1.0,-0.013021768071155071
1852,-113.09733552923261,1.0,-0.00884194128288307
1853,-158.82496193148398,1.0,-0.006296239506932123
1854,-215.0245638457016,1.0,-0.00465063145398395
1855,-282.74333882308133,1.0,-0.0035367765131532306
1856,-129.27081019891594,1.0,-0.007735698402920553
1857,-151.3501572596041,1.0,-0.006607194984837347
1858,-174.55587118795552,1.0,-0.005728824777960266
1859,2.5132741228718345,1.0,0.3978873577297384
1860,-15.70796326794897,1.0,-0.06366197723675812
1861,-4.886921905584123,1.0,-0.204627783975294
1862,-13.962634015954636,1.0,-0.0716197243913529
1863,-28.274333882308145,1.0,-0.03536776513153229
1864,-48.869219055841214,1.0,-0.020462778397529406
1865,-76.79448708775051,1.0,-0.013021768071155071
1866,-113.09733552923261,1.0,-0.00884194128288307
1867,-158.82496193148398,1.0,-0.006296239506932123
1868,-215.0245638457016,1.0,-0.00465063145398395
1869,-108.4984980905439,1.0,-0.009216717444009984
1870,-129.27081019891594,1.0,-0.007735698402920553
1871,-151.3501572596041,1.0,-0.006607194984837347
1872,2.5132741228718345,1.0,0.3978873577297384
1873,-15.70796326794897,1.0,-0.06366197723675812
1874,-4.886921905584123,1.0,-0.204627783975294
1875,-13.962634015954636,1.0,-0.0716197243913529
1876,-28.274333882308145,1.0,-0.03536776513153229
1877,-48.869219055841214,1.0,-0.020462778397529406
1878,-76.79448708775051,1.0,-0.013021768071155071
1879,-113.09733552923261,1.0,-0.00884194128288307
1880,-158.82496193148398,1.0,-0.006296239506932123
1881,-89.19155184041145,1.0,-0.011211824207176917
1882,-108.4984980905439,1.0,-0.009216717444009984
1883,-129.27081019891594,1.0,-0.007735698402920553
1884,2.5132741228718345,1.0,0.3978873577297384
1885,-15.70796326794897,1.0,-0.06366197723675812
1886,-4.886921905584123,1.0,-0.204627783975294
1887,-13.962634015954636,1.0,-0.0716197243913529
1888,-28.274333882308145,1.0,-0.03536776513153229
1889,-48.869219055841214,1.0,-0.020462778397529406
1890,-76.79448708775051,1.0,-0.013021768071155071
1891,-113.09733552923261,1.0,-0.00884194128288307
1892,-71.48680733699722,1.0,-0.013988595060426778
1893,-89.19155184041145,1.0,-0.011211824207176917
1894,-108.4984980905439,1.0,-0.009216717444009984
1895,2.5132741228718345,1.0,0.3978873577297384
1896,-15.70796326794897,1.0,-0.06366197723675812
1897,-4.886921905584123,1.0,-0.204627783975294
1898,-13.962634015954636,1.0,-0.0716197243913529
1899,-28.274333882308145,1.0,-0.03536776513153229
1900,-48.869219055841214,1.0,-0.020462778397529406
1901,-76.79448708775051,1.0,-0.013021768071155071
1902,-55.50075147796931,1.0,-0.018017774054770123
1903,-71.48680733699722,1.0,-0.013988595060426778
1904,-89.19155184041145,1.0,-0.011211824207176917
1905,2.5132741228718345,1.0,0.3978873577297384
1906,-15.70796326794897,1.0,-0.06366197723675812
1907,-4.886921905584123,1.0,-0.204627783975294
1908,-13.962634015954636,1.0,-0.0716197243913529
1909,-28.274333882308145,1.0,-0.03536776513153229
1910,-48.869219055841214,1.0,-0.020462778397529406
1911,-41.33088207382317,1.0,-0.02419498326248759
1912,-55.50075147796931,1.0,-0.018017774054770123
1913,-71.48680733699722,1.0,-0.013988595060426778
1914,2.5132741228718345,1.0,0.3978873577297384
1915,-15.70796326794897,1.0,-0.06366197723675812
1916,-4.886921905584123,1.0,-0.204627783975294
1917,-13.962634015954636,1.0,-0.0716197243913529
1918,-28.274333882308145,1.0,-0.03536776513153229
1919,-29.05720339740102,1.0,-0.03441487421633437
1920,-41.33088207382317,1.0,-0.02419498326248759
1921,-55.50075147796931,1.0,-0.018017774054770123
1922,2.5132741228718345,1.0,0.3978873577297384
1923,-15.70796326794897,1.0,-0.06366197723675812
1924,-4.886921905584123,1.0,-0.204627783975294
1925,-13.962634015954636,1.0,-0.0716197243913529
1926,-18.74379158033312,1.0,-0.053350998687439935
1927,-29.05720339740102,1.0,-0.03441487421633437
1928,-41.33088207382317,1.0,-0.02419498326248759
1929,2.5132741228718345,1.0,0.3978873577297384
1930,-15.70796326794897,1.0,-0.06366197723675812
1931,-4.886921905584123,1.0,-0.204627783975294
1932,-10.440376310059019,1.0,-0.09578198814888762
1933,-18.74379158033312,1.0,-0.053350998687439935
1934,-29.05720339740102,1.0,-0.03441487421633437
1935,2.5132741228718345,1.0,0.3978873577297384
1936,-15.70796326794897,1.0,-0.06366197723675812
1937,-4.1838967582854725,1.0,-0.23901163383624982
1938,-10.440376310059019,1.0,-0.09578198814888762
1939,-18.74379158033312,1.0,-0.053350998687439935
1940,2.5132741228718345,1.0,0.3978873577297384
1941,-15.70796326794897,1.0,-0.06366197723675812
1942,-4.1838967582854725,1.0,-0.23901163383624982
1943,-10.440376310059019,1.0,-0.09578198814888762
1944,2.5132741228718345,1.0,0.3978873577297384
1945,-6.272896248270449,1.0,-0.15941599548625057
1946,-4.1838967582854725,1.0,-0.23901163383624982
1947,6.29317447300976,1.0,0.1589023161980987
1948,-6.272896248270449,1.0,-0.15941599548625057
1949,1.5969834205184519,1.0,0.6261805771755323
1950,3.2482058117922836,1.0,0.3078622654911831
1951,1.5969834205184519,1.0,0.6261805771755323
