"YEAR","MONTH","DAY","STID","TMAX","TMIN","TAVG","DMAX","DMIN","DAVG","HMAX","HMIN","HAVG","VDEF","9AVG","HDEG","CDEG","HTMX","WCMN","PDIR","PDFQ","SDIR","SDFQ","WSMX","WSMN","WSPD","WDEV","WMAX","2MAX","2MIN","2AVG","2DEV","PMAX","PMIN","PAVG","MSLP","AMAX","ATOT","RAIN","RNUM","RMAX","SMAX","SMIN","SAVG","BMAX","BMIN","BAVG","S5MX","S5MN","S5AV","B5MX","B5MN","B5AV","S25X","S25N","S25AV","S3MX","S3MN","S3AV","S60X","S60N","S60AV","TMAXO","TMINO","TBAD","DMAXO","DMINO","DBAD","HMAXO","HMINO","HBAD","9BAD","2BAD","HTMXO","HTBAD","WCMNO","WCBAD","PMAXO","PMINO","PBAD","AMAXO","ABAD","IBAD","WSMXO","WSMNO","WMAXO","WBAD","RBAD","SMAXO","SMINO","SBAD","BMAXO","BMINO","BBAD","S5MXO","S5MNO","S5BD","B5MX","B5MXO","B5MNO","B5BD","S25XO","S25NO","S25BD","S3MXO","S3MNO","S3BD","S60XO","S60NO","S60BD","TR05","R05BD","TR25","R25BD","TR60","R60BD","TR75","R75BD"
2019,11,1,ARD2,58.84,31.49,43.90,32.70,21.85,27.23,80.80,25.60,55.91,5.27,44.96,19.84,0.00,-996.00,24.28,8,51.47,7,21.69,16.05,0.00,7.09,3.52,23.31,12.75,0.00,5.18,3.58,29.39,29.21,29.32,30.26,729.40,17.21,0.00,0,0.00,54.46,49.78,51.97,52.59,38.85,44.96,54.43,48.15,50.97,-999.,-999.,-999.,57.47,55.99,56.57,-999.,-999.,-999.,62.82,61.84,62.40,175,86,0,287,139,0,81,176,0,0,0,999,288,80,107,288,183,0,145,0,16,145,264,135,0,0,213,105,0,192,114,0,189,93,0,-999.,-999.,-999.,-999.,3.00,150.00,0,-999.,-999.,-999.,3.00,288.00,0,1.5350,0,1.4207,0,1.4629,0,-999.,-999.
2019,11,2,ARD2,61.21,35.20,46.86,35.64,24.34,31.78,93.38,25.32,59.81,5.35,48.56,16.79,0.00,-996.00,33.31,-996,-999.00,-996,-999.00,9.59,0.00,4.22,1.76,13.96,7.59,0.00,2.48,1.90,29.53,29.33,29.42,30.36,718.80,16.76,0.00,0,0.00,55.40,50.09,52.44,56.30,40.83,47.66,56.17,48.92,52.14,-999.,-999.,-999.,56.86,55.47,56.15,-999.,-999.,-999.,62.26,61.11,61.55,183,284,0,106,197,0,288,197,0,0,0,999,288,37,142,122,288,0,146,0,40,152,209,152,0,0,213,105,0,192,105,0,192,96,0,-999.,-999.,-999.,-999.,219.00,150.00,0,-999.,-999.,-999.,216.00,105.00,0,1.5358,0,1.4197,0,1.4620,0,-999.,-999.
2019,11,3,ARD2,66.78,31.69,50.62,40.93,30.09,36.25,96.82,32.97,61.81,6.21,51.78,15.77,0.00,-996.00,28.52,-996,-999.00,-996,-999.00,16.35,0.13,7.87,4.41,23.67,13.78,0.00,6.02,4.23,29.33,29.04,29.17,30.11,694.23,16.10,0.00,0,0.00,55.15,49.98,52.54,55.80,42.37,48.55,56.14,48.97,52.47,-999.,-999.,-999.,56.62,55.33,55.97,-999.,-999.,-999.,61.30,60.58,60.91,163,57,0,284,57,0,59,165,0,0,0,999,288,58,223,1,203,0,147,0,31,139,52,187,0,0,213,102,0,192,102,0,192,66,0,-999.,-999.,-999.,-999.,3.00,147.00,0,-999.,-999.,-999.,3.00,105.00,0,1.5376,0,1.4223,0,1.4624,0,-999.,-999.
2019,11,4,ARD2,73.54,47.43,58.34,55.22,40.72,49.58,93.50,48.14,74.22,5.14,58.77,4.52,0.00,-996.00,44.45,7,24.65,6,22.18,14.06,1.55,6.74,2.11,19.95,11.13,0.00,5.05,2.26,29.14,28.96,29.03,29.96,676.96,15.33,0.00,0,0.00,58.66,52.95,55.47,61.30,46.71,53.25,60.08,52.70,56.05,-999.,-999.,-999.,58.05,56.21,56.89,-999.,-999.,-999.,61.29,60.22,60.60,191,72,0,206,2,0,86,181,0,0,0,999,288,58,195,288,175,0,147,0,4,135,197,126,0,0,216,102,0,192,99,0,192,93,0,-999.,-999.,-999.,-999.,276.00,108.00,0,-999.,-999.,-999.,216.00,111.00,0,1.5329,0,1.4290,0,1.4608,0,-999.,-999.
2019,11,5,ARD2,61.92,50.04,56.71,60.69,42.62,50.26,98.56,66.28,79.42,3.23,56.63,9.02,0.00,-996.00,-996.00,-996,-999.00,-996,-999.00,11.13,0.00,5.26,2.58,17.76,8.74,0.00,3.73,2.26,29.30,29.14,29.23,30.17,187.70,3.07,0.00,0,0.00,58.15,56.19,57.15,57.24,52.81,55.26,58.57,56.16,57.38,-999.,-999.,-999.,58.82,58.05,58.36,-999.,-999.,-999.,61.00,60.53,60.80,185,64,0,288,108,0,283,160,0,0,0,999,288,999,288,113,5,0,126,0,38,55,157,56,0,0,288,120,0,216,102,0,288,99,0,-999.,-999.,-999.,-999.,288.00,3.00,0,-999.,-999.,-999.,231.00,3.00,0,1.5327,0,1.4275,0,1.4545,0,-999.,-999.
2019,11,6,ARD2,66.90,58.64,63.04,65.67,58.25,62.30,98.68,92.95,97.46,0.52,62.94,2.23,0.00,-996.00,-996.00,-996,-999.00,-996,-999.00,14.22,0.00,5.68,2.81,20.47,11.24,0.00,4.21,2.63,29.28,29.12,29.20,30.14,209.53,2.28,0.80,46,0.60,60.91,58.17,59.57,61.99,57.25,59.77,61.50,58.60,60.14,-999.,-999.,-999.,60.40,58.82,59.52,-999.,-999.,-999.,61.41,60.94,61.18,211,77,0,184,77,0,42,221,0,0,0,999,288,999,288,104,214,0,167,0,51,217,72,218,0,0,282,3,0,222,3,0,285,3,0,-999.,-999.,-999.,-999.,288.00,3.00,0,-999.,-999.,-999.,282.00,3.00,0,1.5259,0,1.4255,0,1.4499,0,-999.,-999.
2019,11,7,ARD2,64.15,36.52,43.82,63.40,29.10,41.22,98.15,72.77,90.58,0.81,43.65,14.67,0.00,-996.00,28.63,1,44.10,0,39.24,17.46,2.49,10.45,2.99,28.86,13.73,0.67,8.23,2.51,29.51,29.11,29.37,30.31,110.00,1.83,0.35,35,0.12,61.21,54.54,58.02,61.47,49.75,55.42,61.54,54.19,57.64,-999.,-999.,-999.,60.96,59.18,60.28,-999.,-999.,-999.,61.95,61.41,61.70,1,288,0,36,286,0,36,283,0,0,0,999,288,158,54,253,22,0,171,0,0,95,12,75,0,0,54,288,0,54,288,0,42,288,0,-999.,-999.,-999.,-999.,57.00,285.00,0,-999.,-999.,-999.,57.00,3.00,0,1.5203,0,1.4186,0,1.4399,0,-999.,-999.
2019,11,8,ARD2,53.11,33.11,41.44,39.88,27.27,31.95,90.71,42.29,70.21,2.95,42.01,21.89,0.00,-996.00,27.42,-996,-999.00,-996,-999.00,9.16,0.44,4.35,1.86,13.30,7.07,0.00,3.09,1.65,29.52,29.35,29.44,30.38,751.26,11.41,0.00,0,0.00,55.69,52.32,53.82,57.74,45.33,50.69,56.03,52.43,53.70,-999.,-999.,-999.,59.16,57.38,58.03,-999.,-999.,-999.,62.08,61.11,61.59,181,49,0,277,44,0,288,187,0,0,0,999,288,48,84,101,288,0,140,0,39,27,187,27,0,0,210,123,0,195,108,0,201,96,0,-999.,-999.,-999.,-999.,3.00,180.00,0,-999.,-999.,-999.,213.00,282.00,0,1.5292,0,1.4186,0,1.4371,0,-999.,-999.
2019,11,9,ARD2,69.17,36.71,52.10,51.01,34.80,44.77,98.10,51.15,78.28,3.96,52.60,12.06,0.00,-996.00,33.44,8,45.98,9,34.87,10.68,0.00,5.91,2.41,14.76,8.52,0.00,4.27,2.42,29.36,29.14,29.24,30.17,665.16,15.23,0.00,0,0.00,57.02,51.60,54.21,59.22,44.70,51.46,58.03,50.85,54.29,-999.,-999.,-999.,57.67,56.32,57.04,-999.,-999.,-999.,61.36,60.57,60.90,187,50,0,228,28,0,53,185,0,0,0,999,288,63,211,3,217,0,147,0,27,283,34,158,0,0,213,108,0,192,105,0,204,93,0,-999.,-999.,-999.,-999.,6.00,147.00,0,-999.,-999.,-999.,9.00,108.00,0,1.5296,0,1.4181,0,1.4383,0,-999.,-999.
2019,11,10,ARD2,74.77,45.42,59.92,57.01,44.32,50.84,97.32,53.25,73.82,5.69,60.01,4.91,0.00,-996.00,44.14,8,53.71,7,33.22,13.82,1.79,8.28,2.59,22.79,11.84,0.00,6.54,2.54,29.14,28.93,29.04,29.97,684.13,14.37,0.00,0,0.00,59.31,54.37,56.82,61.99,49.05,55.12,60.85,54.23,57.46,-999.,-999.,-999.,58.93,57.27,57.88,-999.,-999.,-999.,60.82,60.10,60.53,166,64,0,157,64,0,70,167,0,0,0,999,288,73,238,1,288,0,149,0,5,169,63,197,0,0,213,108,0,189,105,0,198,90,0,-999.,-999.,-999.,-999.,288.00,108.00,0,-999.,-999.,-999.,201.00,108.00,0,1.5251,0,1.4164,0,1.4406,0,-999.,-999.
2019,11,11,ARD2,58.24,23.62,39.59,54.55,11.81,33.07,96.53,58.18,77.67,1.73,39.74,24.07,0.00,-996.00,11.41,0,60.71,5,16.07,24.43,1.33,13.04,5.85,43.49,20.02,0.00,10.19,5.13,29.67,28.92,29.27,30.21,71.29,1.19,0.02,2,0.12,58.35,50.85,55.51,56.01,41.43,49.76,58.30,49.08,54.54,-999.,-999.,-999.,59.27,57.25,58.57,-999.,-999.,-999.,61.21,60.55,60.69,1,288,0,93,288,0,97,279,0,0,0,999,288,288,98,288,30,0,143,0,8,143,85,143,0,0,3,288,0,3,288,0,3,288,0,-999.,-999.,-999.,-999.,108.00,288.00,0,-999.,-999.,-999.,108.00,21.00,0,1.5306,0,1.4164,0,1.4401,0,-999.,-999.
2019,11,12,ARD2,37.48,17.28,26.43,18.95,6.86,10.59,69.63,28.74,52.58,2.53,26.88,37.62,0.00,-996.00,6.48,0,44.24,1,16.73,16.41,1.08,6.86,3.23,26.60,14.23,0.00,5.15,3.08,29.71,29.39,29.60,30.54,690.15,15.66,0.00,0,0.00,50.74,46.94,48.66,44.69,37.93,40.47,50.38,45.25,47.79,-999.,-999.,-999.,57.20,54.07,55.28,-999.,-999.,-999.,60.80,59.52,60.20,189,85,0,239,124,0,238,178,0,0,0,999,288,69,37,117,288,0,147,0,19,2,201,37,0,0,3,288,0,198,150,0,186,288,0,-999.,-999.,-999.,-999.,3.00,288.00,0,-999.,-999.,-999.,207.00,285.00,0,1.5432,0,1.4168,0,1.4374,0,-999.,-999.
2019,11,13,ARD2,47.46,22.80,36.08,26.69,14.63,19.38,78.27,29.89,52.73,3.88,36.25,29.87,0.00,-996.00,16.03,7,43.71,8,34.27,15.16,1.96,8.31,3.35,24.18,12.68,0.00,6.51,3.47,29.39,29.09,29.22,30.16,682.38,13.70,0.00,0,0.00,48.65,45.08,46.96,44.98,37.83,40.78,49.14,44.36,46.74,-999.,-999.,-999.,54.05,52.36,52.89,-999.,-999.,-999.,59.63,58.39,58.97,190,5,0,275,2,0,6,190,0,0,0,999,288,6,11,4,183,0,145,0,2,160,266,125,0,0,207,108,0,198,138,0,186,96,0,-999.,-999.,-999.,-999.,6.00,147.00,0,-999.,-999.,-999.,9.00,285.00,0,1.5460,0,1.4225,0,1.4394,0,-999.,-999.
2019,11,14,ARD2,56.19,27.46,41.34,33.10,23.45,28.14,88.70,37.71,61.99,4.13,42.70,23.17,0.00,-996.00,23.09,-996,-999.00,-996,-999.00,14.30,0.26,5.16,3.41,22.37,11.86,0.00,3.19,3.55,29.46,29.19,29.35,30.29,643.56,14.65,0.00,0,0.00,50.16,45.24,47.65,50.97,38.05,43.52,51.66,44.23,47.70,-999.,-999.,-999.,52.70,51.62,52.21,-999.,-999.,-999.,58.35,57.40,57.87,174,85,0,266,4,0,92,176,0,0,0,999,288,85,184,278,2,0,146,0,40,137,251,142,0,0,213,108,0,192,114,0,189,93,0,-999.,-999.,-999.,-999.,3.00,114.00,0,-999.,-999.,-999.,3.00,108.00,0,1.5462,0,1.4238,0,1.4406,0,-999.,-999.
2019,11,15,ARD2,58.80,28.89,44.13,35.06,26.68,30.03,95.77,31.48,61.96,4.80,46.16,21.15,0.00,-996.00,25.69,-996,-999.00,-996,-999.00,6.99,0.00,2.92,1.59,9.35,4.78,0.00,1.62,1.33,29.49,29.32,29.41,30.35,665.26,15.10,0.00,0,0.00,51.08,45.21,48.03,54.10,38.78,45.51,52.21,44.55,48.18,-999.,-999.,-999.,52.50,51.21,51.94,-999.,-999.,-999.,57.79,56.55,57.11,187,68,0,117,51,0,85,185,0,0,0,999,288,83,187,115,288,0,147,0,107,43,86,229,0,0,210,108,0,195,111,0,195,96,0,-999.,-999.,-999.,-999.,3.00,117.00,0,-999.,-999.,-999.,213.00,111.00,0,1.5491,0,1.4257,0,1.4392,0,-999.,-999.
2019,11,16,ARD2,61.70,38.74,48.97,34.91,29.82,32.30,71.20,33.79,54.01,6.04,49.34,14.78,0.00,-996.00,35.11,7,57.49,6,21.25,13.50,1.83,6.74,2.45,18.86,11.36,0.00,5.09,2.50,29.32,29.11,29.21,30.15,677.70,13.62,0.00,0,0.00,51.76,47.28,49.47,53.65,41.55,46.96,53.31,47.08,49.89,-999.,-999.,-999.,53.02,51.73,52.31,-999.,-999.,-999.,57.07,56.28,56.66,179,86,0,115,85,0,27,176,0,0,0,999,288,86,127,4,256,0,153,0,1,137,25,130,0,0,207,105,0,192,105,0,192,96,0,-999.,-999.,-999.,-999.,282.00,108.00,0,-999.,-999.,-999.,195.00,108.00,0,1.5494,0,1.4240,0,1.4390,0,-999.,-999.
2019,11,17,ARD2,64.74,37.96,49.81,39.06,30.67,35.40,85.92,35.92,59.70,5.76,50.71,13.65,0.00,-996.00,34.58,-996,-999.00,-996,-999.00,9.48,0.00,4.11,1.80,13.88,7.77,0.00,2.49,1.97,29.14,29.04,29.09,30.02,612.84,13.18,0.00,0,0.00,53.42,48.65,50.81,56.07,43.94,48.92,54.50,48.63,50.99,-999.,-999.,-999.,53.82,52.30,53.04,-999.,-999.,-999.,57.18,55.94,56.55,186,39,0,144,5,0,87,186,0,0,0,999,288,38,186,110,193,0,146,0,37,167,100,159,0,0,213,117,0,192,99,0,198,93,0,-999.,-999.,-999.,-999.,264.00,120.00,0,-999.,-999.,-999.,216.00,120.00,0,1.5490,0,1.4264,0,1.4428,0,-999.,-999.
2019,11,18,ARD2,71.82,34.91,52.70,40.63,31.58,36.29,90.19,27.58,58.31,7.54,55.54,11.64,0.00,-996.00,29.39,-996,-999.00,-996,-999.00,15.43,0.00,5.92,3.76,22.08,12.40,0.00,3.85,3.56,29.08,28.88,28.98,29.91,627.27,13.83,0.00,0,0.00,53.55,48.00,50.63,55.63,43.30,49.05,54.64,47.59,50.68,-999.,-999.,-999.,53.73,52.45,53.15,-999.,-999.,-999.,57.27,56.01,56.56,178,74,0,283,73,0,56,157,0,0,0,999,288,74,229,1,180,0,147,0,42,180,51,160,0,0,213,111,0,192,111,0,207,78,0,-999.,-999.,-999.,-999.,3.00,114.00,0,-999.,-999.,-999.,216.00,114.00,0,1.5560,0,1.4279,0,1.4431,0,-999.,-999.
2019,11,19,ARD2,76.26,40.69,59.60,46.04,37.09,40.53,88.56,27.08,53.66,10.14,61.57,6.53,0.00,-996.00,36.21,-996,-999.00,-996,-999.00,12.28,0.44,6.42,3.12,17.46,10.12,0.00,4.44,3.01,29.06,28.94,28.98,29.91,634.09,14.07,0.00,0,0.00,54.86,49.14,52.01,58.66,45.45,51.62,56.62,49.05,52.81,-999.,-999.,-999.,54.55,52.81,53.57,-999.,-999.,-999.,57.11,55.99,56.54,171,83,0,288,69,0,87,171,0,0,0,999,288,87,242,123,205,0,147,0,30,180,11,243,0,0,213,105,0,189,108,0,186,99,0,-999.,-999.,-999.,-999.,288.00,114.00,0,-999.,-999.,-999.,213.00,108.00,0,1.5591,0,1.4275,0,1.4431,0,-999.,-999.
2019,11,20,ARD2,70.88,55.69,63.63,62.84,45.95,57.45,93.51,58.46,80.67,3.92,63.62,1.72,0.00,-996.00,-996.00,7,58.68,8,32.29,21.61,7.59,12.22,2.86,34.49,18.54,5.80,10.08,2.54,29.00,28.90,28.96,29.89,632.86,5.25,0.12,12,0.12,57.78,53.56,55.46,59.50,51.76,55.83,58.80,54.10,56.56,-999.,-999.,-999.,56.46,54.57,55.24,-999.,-999.,-999.,57.20,56.59,56.81,208,58,0,288,2,0,287,1,0,0,0,999,288,999,288,124,162,0,133,0,0,142,23,153,0,0,288,72,0,213,72,0,216,66,0,-999.,-999.,-999.,-999.,288.00,3.00,0,-999.,-999.,-999.,219.00,36.00,0,1.5552,0,1.4279,0,1.4419,0,-999.,-999.
2019,11,21,ARD2,68.07,46.19,57.29,65.63,44.35,55.96,98.37,87.90,95.39,0.85,57.20,7.87,0.00,-996.00,40.59,8,43.40,1,34.38,13.20,3.45,8.73,1.94,22.66,10.41,2.11,6.86,1.63,29.10,28.96,29.02,29.95,159.17,1.54,0.21,18,0.36,59.13,56.16,57.89,61.32,53.78,58.24,60.01,55.67,58.28,-999.,-999.,-999.,57.83,56.48,57.34,-999.,-999.,-999.,58.14,57.09,57.56,137,288,0,137,288,0,200,145,0,0,0,999,288,283,197,260,22,0,136,0,0,280,143,283,0,0,153,288,0,150,288,0,150,288,0,-999.,-999.,-999.,-999.,222.00,3.00,0,-999.,-999.,-999.,153.00,3.00,0,1.5362,0,1.4262,0,1.4412,0,-999.,-999.
2019,11,22,ARD2,46.15,35.64,41.54,44.39,31.82,38.36,97.54,77.49,88.52,1.01,41.37,24.11,0.00,-996.00,31.62,15,48.06,0,23.67,16.09,1.68,8.00,2.32,22.73,13.27,0.00,6.18,2.06,29.21,29.07,29.15,30.08,416.83,3.45,0.11,6,0.60,56.08,52.56,54.11,53.67,47.10,50.54,55.58,51.24,53.54,-999.,-999.,-999.,57.63,56.10,56.79,-999.,-999.,-999.,58.44,57.99,58.22,1,288,0,2,288,0,37,262,0,0,0,999,288,288,15,127,23,0,134,0,5,13,279,13,0,0,3,288,0,3,288,0,3,288,0,-999.,-999.,-999.,-999.,3.00,288.00,0,-999.,-999.,-999.,279.00,3.00,0,1.5395,0,1.4197,0,1.4342,0,-999.,-999.
2019,11,23,ARD2,54.91,33.37,43.06,39.20,30.83,35.49,93.28,50.40,76.18,2.67,44.04,20.86,0.00,-996.00,29.09,13,38.38,12,26.76,12.63,1.65,6.13,2.00,17.32,10.02,0.00,4.41,2.03,29.18,29.09,29.13,30.06,678.04,12.42,0.00,0,0.00,54.19,50.99,52.21,53.76,44.16,47.94,53.38,49.73,51.09,-999.,-999.,-999.,56.05,54.75,55.23,-999.,-999.,-999.,58.50,57.78,58.04,187,24,0,255,18,0,288,178,0,0,0,999,288,12,71,122,183,0,143,0,4,183,18,183,0,0,210,108,0,192,111,0,204,288,0,-999.,-999.,-999.,-999.,3.00,147.00,0,-999.,-999.,-999.,213.00,141.00,0,1.5447,0,1.4207,0,1.4328,0,-999.,-999.
2019,11,24,ARD2,67.78,32.64,49.78,40.21,31.57,35.03,98.32,27.45,62.77,6.22,51.08,14.79,0.00,-996.00,27.90,7,28.06,11,21.94,12.11,0.03,6.81,2.46,16.66,9.51,0.00,4.53,2.86,29.11,28.79,28.99,29.92,652.05,13.22,0.00,0,0.00,53.28,48.43,50.99,54.59,41.73,47.70,53.92,47.19,50.62,-999.,-999.,-999.,55.00,53.31,54.06,-999.,-999.,-999.,57.92,57.06,57.54,176,85,0,109,200,0,90,177,0,0,0,999,288,72,190,1,288,0,160,0,10,134,53,141,0,0,210,111,0,189,111,0,192,96,0,-999.,-999.,-999.,-999.,3.00,150.00,0,-999.,-999.,-999.,207.00,114.00,0,1.5445,0,1.4197,0,1.4351,0,-999.,-999.
2019,11,25,ARD2,66.16,43.73,54.31,43.19,33.75,39.09,82.15,34.39,58.37,6.64,55.79,10.05,0.00,-996.00,41.85,-996,-999.00,-996,-999.00,11.66,0.00,4.97,2.86,16.00,9.80,0.00,3.63,2.53,28.79,28.65,28.70,29.62,704.60,12.22,0.00,0,0.00,55.02,50.76,52.57,56.57,45.23,50.29,55.87,50.67,52.77,-999.,-999.,-999.,54.99,53.80,54.34,-999.,-999.,-999.,57.87,56.79,57.20,177,287,0,121,210,0,86,199,0,0,0,999,288,86,231,1,279,0,147,0,62,10,219,10,0,0,210,108,0,195,108,0,195,99,0,-999.,-999.,-999.,-999.,213.00,141.00,0,-999.,-999.,-999.,213.00,108.00,0,1.5409,0,1.4210,0,1.4387,0,-999.,-999.
2019,11,26,ARD2,76.78,42.48,58.94,52.29,11.35,37.14,88.55,14.01,49.41,10.12,59.81,5.37,0.00,-996.00,39.05,8,26.91,11,14.91,22.95,0.33,11.48,5.57,35.81,17.52,0.00,8.43,5.13,29.07,28.54,28.66,29.58,491.20,5.80,0.00,0,0.00,55.58,51.57,53.41,56.03,48.24,51.56,56.41,51.08,53.52,-999.,-999.,-999.,55.58,54.25,54.78,-999.,-999.,-999.,57.61,56.86,57.16,160,24,0,158,247,0,26,244,0,0,0,999,288,288,228,288,70,0,157,0,13,238,56,174,0,0,204,72,0,177,72,0,201,33,0,-999.,-999.,-999.,-999.,267.00,153.00,0,-999.,-999.,-999.,204.00,153.00,0,1.5409,0,1.4205,0,1.4392,0,-999.,-999.
2019,11,27,ARD2,50.25,32.63,42.97,35.96,22.51,26.21,76.94,33.85,53.20,4.70,42.97,23.56,0.00,-996.00,28.04,1,27.90,0,22.83,12.33,0.28,6.01,2.35,20.02,9.57,0.00,4.51,2.08,29.42,29.08,29.30,30.24,644.17,9.97,0.01,1,0.12,54.03,50.23,51.84,50.79,42.07,47.07,52.88,48.83,51.35,-999.,-999.,-999.,55.51,54.21,54.70,-999.,-999.,-999.,57.40,56.68,57.17,181,93,0,251,157,0,279,182,0,0,0,999,288,80,25,240,2,0,146,0,12,25,239,25,0,0,3,123,0,189,108,0,189,102,0,-999.,-999.,-999.,-999.,3.00,156.00,0,-999.,-999.,-999.,168.00,108.00,0,1.5463,0,1.4214,0,1.4340,0,-999.,-999.
2019,11,28,ARD2,42.57,38.68,40.72,41.31,34.21,39.07,98.50,72.30,93.93,0.52,40.50,24.37,0.00,-996.00,32.40,5,35.44,2,18.25,12.80,0.80,7.72,2.13,17.39,9.51,0.00,5.72,1.57,29.42,29.28,29.33,30.27,94.13,1.06,0.60,37,0.36,51.48,49.71,50.21,47.75,45.53,46.61,51.17,48.74,49.67,-999.,-999.,-999.,54.36,53.04,53.70,-999.,-999.,-999.,57.09,56.73,56.93,1,85,0,281,3,0,252,1,0,0,0,999,288,65,4,90,181,0,138,0,3,178,79,182,0,0,3,141,0,3,120,0,3,120,0,-999.,-999.,-999.,-999.,3.00,288.00,0,-999.,-999.,-999.,6.00,285.00,0,1.5451,0,1.4203,0,1.4324,0,-999.,-999.
2019,11,29,ARD2,56.14,41.70,45.29,55.98,41.25,45.02,99.51,98.22,98.98,0.10,45.00,16.08,0.00,-996.00,35.80,-996,-999.00,-996,-999.00,11.90,0.52,5.04,2.36,16.73,8.68,0.00,3.14,2.19,29.28,28.81,29.08,30.01,136.99,1.65,0.20,19,0.24,51.06,49.77,50.21,49.06,45.23,47.31,51.28,49.44,50.12,-999.,-999.,-999.,53.04,52.75,52.86,-999.,-999.,-999.,56.73,56.21,56.49,288,3,0,288,2,0,287,1,0,0,0,999,288,86,67,3,288,0,127,0,42,86,230,87,0,0,285,3,0,285,111,0,285,3,0,-999.,-999.,-999.,-999.,3.00,129.00,0,-999.,-999.,-999.,3.00,288.00,0,1.5424,0,1.4205,0,1.4303,0,-999.,-999.
2019,11,30,ARD2,67.30,46.54,58.39,66.93,21.63,41.70,99.45,22.46,60.85,6.47,58.82,8.08,0.00,-996.00,42.45,12,62.50,11,16.32,27.72,5.72,14.47,5.28,38.36,21.09,0.00,10.96,4.29,28.98,28.77,28.83,29.76,598.63,12.98,0.22,10,1.08,54.64,50.97,53.32,58.10,46.63,52.67,54.55,51.26,53.40,-999.,-999.,-999.,54.64,52.83,53.86,-999.,-999.,-999.,56.64,55.96,56.30,36,288,0,36,217,0,2,206,0,0,0,999,288,288,269,288,178,0,148,0,0,204,280,191,0,0,201,3,0,186,288,0,63,3,0,-999.,-999.,-999.,-999.,249.00,6.00,0,-999.,-999.,-999.,210.00,111.00,0,1.5339,0,1.4181,0,1.4303,0,-999.,-999.
2019,12,1,ARD2,54.55,36.58,45.24,26.64,20.15,23.30,54.65,31.06,42.19,6.14,45.30,19.44,0.00,-996.00,30.69,14,60.42,15,28.12,17.92,4.95,10.34,3.05,31.27,14.06,3.40,7.93,2.58,29.29,28.98,29.15,30.09,619.93,13.37,0.00,0,0.00,52.66,49.77,50.84,49.87,41.14,45.23,51.28,48.36,50.00,-999.,-999.,-999.,54.59,53.26,53.74,-999.,-999.,-999.,56.80,56.10,56.40,184,87,0,266,63,0,288,180,0,0,0,999,288,92,61,278,1,0,151,0,0,187,288,147,0,0,3,120,0,192,111,0,3,108,0,-999.,-999.,-999.,-999.,3.00,174.00,0,-999.,-999.,-999.,213.00,108.00,0,1.5393,0,1.4179,0,1.4317,0,-999.,-999.
2019,12,2,ARD2,55.94,32.78,43.85,29.65,20.61,25.39,70.30,27.23,49.98,5.35,44.21,20.64,0.00,-996.00,28.25,14,27.84,7,23.08,8.88,0.55,5.15,1.62,15.05,6.38,0.12,3.77,1.33,29.40,29.13,29.28,30.22,721.43,13.85,0.00,0,0.00,51.39,47.59,49.44,52.38,38.84,44.74,52.29,46.92,49.35,-999.,-999.,-999.,53.37,52.00,52.62,-999.,-999.,-999.,56.62,55.65,56.05,185,87,0,273,158,0,88,184,0,0,0,999,288,86,77,119,288,0,148,0,15,38,182,132,0,0,207,117,0,195,111,0,195,99,0,-999.,-999.,-999.,-999.,3.00,150.00,0,-999.,-999.,-999.,207.00,111.00,0,1.5422,0,1.4171,0,1.4299,0,-999.,-999.
2019,12,3,ARD2,64.76,35.98,49.40,35.29,28.30,32.19,76.47,30.69,53.54,6.43,50.13,14.63,0.00,-996.00,31.71,8,20.59,7,14.71,13.87,0.68,6.06,2.96,17.90,11.24,0.00,4.49,2.72,29.13,28.97,29.03,29.97,609.18,13.05,0.00,0,0.00,51.89,47.59,49.48,53.65,40.61,46.24,52.84,47.17,49.47,-999.,-999.,-999.,52.68,51.57,52.20,-999.,-999.,-999.,56.25,55.27,55.62,171,15,0,213,14,0,16,172,0,0,0,999,288,83,132,7,165,0,145,0,16,95,214,94,0,0,213,111,0,195,105,0,192,102,0,-999.,-999.,-999.,-999.,216.00,147.00,0,-999.,-999.,-999.,213.00,123.00,0,1.5416,0,1.4164,0,1.4335,0,-999.,-999.
2019,12,4,ARD2,64.60,34.86,51.91,38.55,30.26,34.42,89.78,27.63,54.45,7.12,53.50,15.27,0.00,-996.00,30.81,-996,-999.00,-996,-999.00,7.62,0.00,3.59,1.86,10.01,5.35,0.00,2.18,1.54,29.19,29.05,29.11,30.04,644.87,9.30,0.00,0,0.00,51.73,46.76,49.49,52.93,41.22,47.39,52.99,46.22,49.85,-999.,-999.,-999.,52.56,51.26,51.97,-999.,-999.,-999.,55.63,54.72,55.33,175,69,0,258,68,0,82,174,0,0,0,999,288,81,220,117,281,0,133,0,81,19,67,268,0,0,219,111,0,201,111,0,201,102,0,-999.,-999.,-999.,-999.,6.00,138.00,0,-999.,-999.,-999.,204.00,111.00,0,1.5424,0,1.4177,0,1.4344,0,-999.,-999.
2019,12,5,ARD2,71.06,49.55,59.33,57.12,35.65,42.83,91.64,37.51,56.11,8.05,59.61,4.69,0.00,-996.00,45.69,8,54.77,7,37.81,18.84,5.15,10.01,3.02,25.28,14.51,3.52,8.00,2.67,29.05,28.86,28.95,29.88,622.87,-996.00,0.00,0,0.00,53.83,50.14,51.94,55.47,46.16,50.60,55.85,50.32,52.79,-999.,-999.,-999.,53.69,52.38,52.86,-999.,-999.,-999.,55.65,54.84,55.24,185,74,5,263,34,5,287,186,5,5,5,999,288,74,280,1,198,5,144,5,5,130,238,136,5,5,210,117,2,195,111,2,186,105,2,-999.,-999.,-999.,-999.,288.00,117.00,2,-999.,-999.,-999.,210.00,117.00,2,1.5381,2,1.4173,2,1.4368,2,-999.,-999.
2019,12,6,ARD2,58.62,40.79,50.80,55.92,33.62,38.88,95.74,45.29,64.63,4.61,50.85,15.30,0.00,-996.00,37.20,0,45.45,15,34.27,14.82,2.04,8.49,3.29,25.28,11.89,0.00,6.39,3.11,29.40,28.92,29.25,30.18,598.83,12.26,0.00,0,0.00,53.64,51.10,52.46,54.63,47.64,50.95,55.54,50.18,52.74,-999.,-999.,-999.,54.14,53.49,53.83,-999.,-999.,-999.,55.96,55.20,55.53,1,288,0,1,278,0,11,173,0,0,0,999,288,279,180,277,1,0,150,0,2,113,269,42,0,0,198,288,0,189,288,0,174,288,0,-999.,-999.,-999.,-999.,216.00,147.00,0,-999.,-999.,-999.,198.00,123.00,0,1.5399,0,1.4188,0,1.4337,0,-999.,-999.
2019,12,7,ARD2,61.45,32.56,46.34,40.78,30.17,35.73,92.50,37.12,68.83,4.12,47.08,17.99,0.00,-996.00,27.31,7,36.30,1,18.15,8.77,0.74,5.28,1.55,12.64,6.85,0.00,3.63,1.44,29.39,29.14,29.29,30.23,605.50,12.18,0.00,0,0.00,52.70,47.98,50.41,53.92,42.08,47.63,54.77,47.16,50.62,-999.,-999.,-999.,53.94,52.57,53.25,-999.,-999.,-999.,56.28,55.18,55.67,180,74,0,288,74,0,78,185,0,0,0,999,288,82,120,1,288,0,148,0,7,266,135,264,0,0,207,120,0,195,108,0,186,102,0,-999.,-999.,-999.,-999.,3.00,153.00,0,-999.,-999.,-999.,213.00,123.00,0,1.5453,0,1.4194,0,1.4330,0,-999.,-999.
2019,12,8,ARD2,67.28,45.64,57.45,53.28,40.62,48.34,89.52,52.73,72.86,5.01,57.49,8.54,0.00,-996.00,41.92,8,62.50,7,31.94,21.99,6.92,12.97,3.47,31.27,17.75,4.95,10.47,2.82,29.13,28.73,28.90,29.83,630.58,9.13,0.00,0,0.00,54.07,49.98,51.85,55.04,46.45,50.47,55.78,49.78,52.58,-999.,-999.,-999.,54.05,52.81,53.31,-999.,-999.,-999.,55.76,55.27,55.58,171,4,0,288,1,0,61,159,0,0,0,999,288,5,196,2,288,0,144,0,0,165,4,128,0,0,213,87,0,192,69,0,189,69,0,-999.,-999.,-999.,-999.,288.00,120.00,0,-999.,-999.,-999.,207.00,120.00,0,1.5434,0,1.4223,0,1.4376,0,-999.,-999.
2019,12,9,ARD2,66.25,36.34,52.34,53.26,22.88,38.20,89.04,40.01,60.33,6.23,52.68,13.70,0.00,-996.00,28.70,0,30.21,10,17.01,16.90,3.19,10.74,2.95,28.79,13.75,1.83,8.15,2.36,29.22,28.72,28.92,29.85,261.45,3.42,0.10,10,0.12,54.14,50.74,53.20,53.51,46.19,51.30,55.22,49.55,53.18,-999.,-999.,-999.,54.66,54.05,54.37,-999.,-999.,-999.,56.21,55.56,55.80,124,287,0,2,284,0,239,122,0,0,0,999,288,283,157,282,19,0,124,0,0,121,239,143,0,0,153,288,0,150,288,0,150,288,0,-999.,-999.,-999.,-999.,150.00,3.00,0,-999.,-999.,-999.,150.00,30.00,0,1.5436,0,1.4216,0,1.4385,0,-999.,-999.
2019,12,10,ARD2,45.59,31.64,36.36,25.15,15.61,19.84,71.60,30.06,51.96,3.65,36.86,26.39,0.00,-996.00,25.91,1,29.47,0,22.46,12.15,0.65,5.89,2.08,18.79,9.72,0.00,4.24,2.13,29.50,29.20,29.37,30.31,523.78,7.31,0.00,0,0.00,50.65,46.53,48.59,46.89,40.51,43.64,50.50,45.22,48.14,-999.,-999.,-999.,54.18,52.20,53.07,-999.,-999.,-999.,56.48,55.53,55.85,186,263,0,243,180,0,249,187,0,0,0,999,288,61,11,278,12,0,166,0,3,34,97,34,0,0,3,288,0,198,288,0,186,288,0,-999.,-999.,-999.,-999.,3.00,288.00,0,-999.,-999.,-999.,213.00,285.00,0,1.5485,0,1.4220,0,1.4335,0,-999.,-999.
2019,12,11,ARD2,52.61,27.30,39.62,36.38,22.60,29.40,94.72,41.13,69.05,3.11,40.18,25.05,0.00,-996.00,22.21,7,46.99,8,36.84,14.32,0.03,6.38,2.95,20.09,11.71,0.00,4.73,3.04,29.58,29.39,29.48,30.43,587.33,12.58,0.00,0,0.00,48.78,43.91,46.33,48.33,38.03,42.30,50.61,43.12,46.45,-999.,-999.,-999.,52.18,50.56,51.17,-999.,-999.,-999.,55.65,54.90,55.25,185,43,0,143,12,0,93,187,0,0,0,999,288,53,92,126,288,0,145,0,22,168,35,167,0,0,210,111,0,195,117,0,174,102,0,-999.,-999.,-999.,-999.,3.00,153.00,0,-999.,-999.,-999.,15.00,117.00,0,1.5503,0,1.4236,0,1.4324,0,-999.,-999.
2019,12,12,ARD2,56.12,36.92,45.19,37.76,30.67,33.37,81.87,42.07,64.47,4.01,45.41,18.48,0.00,-996.00,29.64,7,43.40,8,34.03,15.31,3.40,8.42,2.71,21.77,12.61,0.64,6.66,2.74,29.39,29.05,29.23,30.17,578.62,12.28,0.00,0,0.00,49.37,45.31,47.20,49.84,39.97,44.23,51.28,45.01,47.61,-999.,-999.,-999.,51.13,50.27,50.77,-999.,-999.,-999.,54.97,54.32,54.62,183,70,0,282,64,0,288,183,0,0,0,999,288,81,67,1,288,0,150,0,0,131,221,131,0,0,207,114,0,195,111,0,183,108,0,-999.,-999.,-999.,-999.,3.00,153.00,0,-999.,-999.,-999.,207.00,255.00,0,1.5490,0,1.4268,0,1.4340,0,-999.,-999.
2019,12,13,ARD2,58.91,32.23,42.97,43.70,31.72,38.82,98.71,54.53,86.71,1.71,44.50,19.43,0.00,-996.00,28.67,-996,-999.00,-996,-999.00,6.91,0.00,3.62,1.13,9.50,4.53,0.00,1.39,1.23,29.05,28.87,28.94,29.87,570.40,9.28,0.00,0,0.00,50.31,45.51,47.68,51.64,40.54,45.39,52.34,44.94,48.03,-999.,-999.,-999.,51.26,50.05,50.77,-999.,-999.,-999.,54.95,53.71,54.25,193,92,0,185,92,0,98,193,0,0,0,999,288,92,112,5,178,0,150,0,42,261,148,169,0,0,210,111,0,201,108,0,189,102,0,-999.,-999.,-999.,-999.,213.00,153.00,0,-999.,-999.,-999.,213.00,153.00,0,1.5503,0,1.4285,0,1.4385,0,-999.,-999.
2019,12,14,ARD2,53.64,36.09,43.76,40.99,31.58,35.68,99.20,44.54,75.02,2.76,44.80,20.14,0.00,-996.00,30.89,3,29.86,2,16.91,12.10,1.26,6.40,2.33,15.78,9.38,0.00,4.10,2.52,28.98,28.88,28.92,29.85,667.89,6.67,0.00,0,0.00,49.17,46.17,47.42,49.08,42.20,44.88,50.76,45.35,47.55,-999.,-999.,-999.,51.13,50.18,50.71,-999.,-999.,-999.,54.45,53.67,54.03,174,34,0,29,194,0,29,194,0,0,0,999,288,34,80,128,196,0,156,0,10,190,16,190,0,0,213,75,0,198,72,0,186,66,0,-999.,-999.,-999.,-999.,3.00,165.00,0,-999.,-999.,-999.,213.00,165.00,0,1.5531,0,1.4296,0,1.4378,0,-999.,-999.
2019,12,15,ARD2,51.01,35.59,43.07,50.24,32.63,41.25,99.09,87.84,93.26,0.60,42.87,21.70,0.00,-996.00,26.29,4,24.74,5,16.72,14.90,2.09,8.29,2.43,23.02,11.88,0.16,6.07,2.05,28.99,28.78,28.88,29.80,138.08,2.42,0.00,0,0.00,49.68,46.63,48.05,48.90,42.97,45.65,50.83,46.40,48.34,-999.,-999.,-999.,50.95,50.40,50.66,-999.,-999.,-999.,53.96,53.71,53.82,152,279,0,142,276,0,113,269,0,0,0,999,288,276,38,240,63,0,166,0,1,276,130,276,0,0,201,63,0,189,57,0,180,42,0,-999.,-999.,-999.,-999.,264.00,120.00,0,-999.,-999.,-999.,180.00,285.00,0,1.5554,0,1.4316,0,1.4392,0,-999.,-999.
2019,12,16,ARD2,35.93,31.86,33.70,33.61,26.38,30.26,97.95,76.38,87.32,0.83,33.46,31.10,0.00,-996.00,22.92,15,61.46,0,25.00,14.33,4.31,9.16,1.91,23.76,11.54,2.34,7.16,1.57,29.34,28.96,29.13,30.06,146.31,1.98,0.00,0,0.00,47.91,45.00,46.38,44.47,39.97,42.14,47.35,44.54,46.03,-999.,-999.,-999.,50.90,49.75,50.35,-999.,-999.,-999.,53.73,53.53,53.64,19,112,0,63,274,0,95,261,0,0,0,999,288,164,0,288,1,0,169,0,0,164,102,248,0,0,3,288,0,3,288,0,3,288,0,-999.,-999.,-999.,-999.,3.00,288.00,0,-999.,-999.,-999.,51.00,282.00,0,1.5593,0,1.4303,0,1.4387,0,-999.,-999.
2019,12,17,ARD2,49.46,24.47,35.80,27.14,18.03,22.68,90.19,31.40,62.45,3.28,36.44,28.03,0.00,-996.00,17.00,15,46.82,0,25.09,10.21,0.57,5.98,2.12,18.05,8.81,0.00,4.39,2.19,29.49,29.34,29.42,30.36,589.13,12.65,0.00,0,0.00,46.58,42.36,44.44,45.86,36.82,40.44,48.88,41.51,44.60,-999.,-999.,-999.,49.73,48.47,49.04,-999.,-999.,-999.,53.78,52.88,53.27,168,92,0,1,269,0,93,192,0,0,0,999,288,80,36,129,1,0,149,0,21,163,217,20,0,0,210,117,0,195,129,0,180,108,0,-999.,-999.,-999.,-999.,3.00,147.00,0,-999.,-999.,-999.,213.00,114.00,0,1.5673,0,1.4309,0,1.4333,0,-999.,-999.
2019,12,18,ARD2,57.02,24.11,40.51,25.70,9.62,18.25,80.42,15.06,46.27,5.78,42.75,24.43,0.00,-996.00,17.87,11,45.10,10,15.03,8.39,1.87,5.10,1.24,13.01,7.06,1.10,3.39,1.17,29.47,29.37,29.41,30.35,595.87,12.88,0.00,0,0.00,46.58,40.87,43.56,46.89,35.91,40.36,49.21,39.74,43.81,-999.,-999.,-999.,48.87,47.43,48.13,-999.,-999.,-999.,53.37,52.16,52.66,175,81,0,120,187,0,82,187,0,0,0,999,288,81,83,128,213,0,148,0,2,176,174,175,0,0,210,114,0,195,123,0,186,105,0,-999.,-999.,-999.,-999.,3.00,153.00,0,-999.,-999.,-999.,213.00,111.00,0,1.5792,0,1.4329,0,1.4346,0,-999.,-999.
2019,12,19,ARD2,58.51,28.35,44.33,25.67,14.01,21.05,76.72,18.46,42.92,6.50,44.92,21.57,0.00,-996.00,26.04,8,58.18,7,26.91,16.23,1.17,7.93,3.01,23.17,13.43,0.00,6.06,2.87,29.41,29.28,29.35,30.29,594.71,12.86,0.00,0,0.00,46.58,41.76,44.15,47.28,37.01,41.48,48.65,41.07,44.52,-999.,-999.,-999.,48.34,47.37,47.96,-999.,-999.,-999.,52.72,51.66,52.20,173,88,0,120,196,0,92,183,0,0,0,999,288,72,93,123,191,0,148,0,13,179,94,186,0,0,210,114,0,195,114,0,183,105,0,-999.,-999.,-999.,-999.,3.00,114.00,0,-999.,-999.,-999.,210.00,114.00,0,1.5953,0,1.4340,0,1.4355,0,-999.,-999.
2019,12,20,ARD2,48.31,39.73,42.70,41.58,23.84,33.02,98.01,47.00,70.83,2.78,42.67,20.98,0.00,-996.00,34.51,7,53.47,5,31.25,12.67,2.41,7.33,1.79,18.70,10.71,1.03,5.90,1.70,29.39,29.30,29.34,30.28,243.71,2.25,0.04,4,0.12,45.82,43.89,44.93,44.11,40.42,42.43,46.54,43.76,45.24,-999.,-999.,-999.,48.31,47.91,48.12,-999.,-999.,-999.,52.20,51.80,51.91,146,48,0,207,1,0,217,1,0,0,0,999,288,51,1,266,176,0,120,0,0,122,288,121,0,0,288,102,0,189,96,0,174,72,0,-999.,-999.,-999.,-999.,282.00,123.00,0,-999.,-999.,-999.,174.00,123.00,0,1.6079,0,1.4357,0,1.4376,0,-999.,-999.
2019,12,21,ARD2,44.86,40.53,42.46,43.47,38.92,41.20,99.32,88.29,95.32,0.44,42.42,22.30,0.00,-996.00,36.60,-996,-999.00,-996,-999.00,6.59,0.00,3.02,1.68,8.26,5.23,0.00,1.87,1.56,29.45,29.35,29.39,30.33,124.87,2.03,0.00,0,0.00,47.61,45.82,46.51,46.54,43.69,44.81,48.45,46.05,46.98,-999.,-999.,-999.,49.03,48.33,48.59,-999.,-999.,-999.,51.96,51.71,51.79,201,64,0,172,26,0,126,26,0,0,0,999,288,117,148,130,181,0,152,0,102,117,158,117,0,0,213,3,0,207,99,0,192,90,0,-999.,-999.,-999.,-999.,288.00,3.00,0,-999.,-999.,-999.,213.00,156.00,0,1.5702,0,1.4355,0,1.4358,0,-999.,-999.
2019,12,22,ARD2,51.40,33.15,42.72,41.61,32.69,39.08,98.83,64.72,87.47,1.31,43.65,22.72,0.00,-996.00,32.95,-996,-999.00,-996,-999.00,8.53,0.00,3.28,1.83,11.18,6.90,0.00,2.13,1.68,29.39,29.21,29.31,30.25,700.37,8.49,0.00,0,0.00,49.78,46.51,47.60,51.73,43.83,46.49,51.78,45.04,47.92,-999.,-999.,-999.,49.89,48.79,49.29,-999.,-999.,-999.,52.52,51.42,51.91,189,288,0,4,288,0,285,182,0,0,0,999,288,254,152,124,279,0,149,0,77,193,267,192,0,0,204,288,0,195,288,0,186,288,0,-999.,-999.,-999.,-999.,216.00,156.00,0,-999.,-999.,-999.,213.00,156.00,0,1.5664,0,1.4368,0,1.4376,0,-999.,-999.
2019,12,23,ARD2,62.55,26.47,44.41,45.03,26.17,34.70,100.00,35.99,73.54,4.03,45.78,20.49,0.00,-996.00,22.09,-996,-999.00,-996,-999.00,9.35,0.00,4.16,2.63,12.71,8.38,0.00,2.75,2.54,29.23,29.10,29.16,30.10,644.34,10.84,0.01,1,0.12,49.15,43.48,46.30,50.76,39.24,44.67,51.44,42.61,46.48,-999.,-999.,-999.,49.68,48.36,49.08,-999.,-999.,-999.,52.47,51.44,51.96,169,86,0,126,86,0,118,184,0,0,0,999,288,88,230,123,188,0,153,0,91,143,5,145,0,0,213,117,0,189,114,0,183,102,0,-999.,-999.,-999.,-999.,3.00,126.00,0,-999.,-999.,-999.,213.00,123.00,0,1.5754,0,1.4374,0,1.4396,0,-999.,-999.
2019,12,24,ARD2,70.74,40.11,53.71,40.32,28.86,36.11,81.31,21.15,54.92,7.61,54.31,9.58,0.00,-996.00,36.27,7,53.47,8,42.36,13.20,2.99,7.92,2.30,20.67,10.58,0.47,6.19,2.38,29.12,28.95,29.04,29.97,607.31,10.82,0.00,0,0.00,50.20,45.40,47.65,52.84,42.40,47.00,52.39,44.95,48.21,-999.,-999.,-999.,50.14,48.85,49.44,-999.,-999.,-999.,52.56,51.66,52.04,181,86,0,141,180,0,87,180,0,0,0,999,288,86,170,1,228,0,151,0,0,226,81,226,0,0,210,111,0,198,108,0,186,99,0,-999.,-999.,-999.,-999.,288.00,147.00,0,-999.,-999.,-999.,216.00,132.00,0,1.5822,0,1.4389,0,1.4374,0,-999.,-999.
2019,12,25,ARD2,70.23,41.56,56.64,49.05,35.48,43.17,88.26,42.14,62.36,6.78,57.17,9.11,0.00,-996.00,38.02,8,38.89,7,38.19,16.83,2.34,8.49,3.03,21.56,13.58,0.10,6.58,2.96,29.00,28.90,28.96,29.89,556.53,11.83,0.00,0,0.00,51.94,46.83,49.28,56.07,44.66,49.77,54.30,46.60,50.05,-999.,-999.,-999.,51.15,49.62,50.21,-999.,-999.,-999.,52.68,51.80,52.19,170,52,0,277,52,0,287,154,0,0,0,999,288,56,199,284,166,0,149,0,0,129,18,130,0,0,213,111,0,198,108,0,186,78,0,-999.,-999.,-999.,-999.,288.00,150.00,0,-999.,-999.,-999.,210.00,114.00,0,1.5981,0,1.4376,0,1.4394,0,-999.,-999.
2019,12,26,ARD2,60.26,43.89,52.64,56.03,43.62,51.23,99.60,78.60,95.16,0.74,53.07,12.93,0.00,-996.00,41.37,-996,-999.00,-996,-999.00,8.96,0.00,4.24,1.71,10.82,6.44,0.00,2.64,1.58,29.18,29.00,29.09,30.02,414.31,5.96,0.00,0,0.00,53.17,49.01,51.07,55.44,48.02,51.57,55.18,48.79,51.76,-999.,-999.,-999.,52.07,50.94,51.33,-999.,-999.,-999.,52.88,52.30,52.56,181,81,0,160,81,0,121,175,0,0,0,999,288,85,258,275,12,0,170,0,32,2,101,15,0,0,210,108,0,195,102,0,186,96,0,-999.,-999.,-999.,-999.,285.00,117.00,0,-999.,-999.,-999.,210.00,15.00,0,1.6146,0,1.4381,0,1.4383,0,-999.,-999.
2019,12,27,ARD2,65.37,46.94,55.58,54.95,44.40,50.47,99.55,64.68,83.72,2.82,55.71,8.84,0.00,-996.00,43.59,5,27.78,2,23.61,11.03,4.22,7.57,1.55,16.15,8.97,0.12,5.76,1.53,29.20,28.96,29.11,30.04,540.16,6.84,0.01,1,0.12,54.54,51.24,52.81,57.22,50.76,53.72,56.43,51.46,53.57,-999.,-999.,-999.,53.19,52.05,52.48,-999.,-999.,-999.,53.47,52.72,53.09,185,93,0,288,57,0,23,168,0,0,0,999,288,81,193,121,288,0,145,0,0,192,218,254,0,0,213,123,0,201,120,0,177,108,0,-999.,-999.,-999.,-999.,282.00,135.00,0,-999.,-999.,-999.,222.00,132.00,0,1.6027,0,1.4374,0,1.4371,0,-999.,-999.
2019,12,28,ARD2,63.52,48.63,58.23,61.66,45.60,56.46,97.56,85.06,93.85,1.00,58.37,8.93,0.00,-996.00,45.11,7,40.62,10,21.18,21.61,4.02,10.02,2.45,28.43,17.43,1.85,7.94,2.43,28.96,28.66,28.80,29.72,233.05,1.70,0.66,25,2.04,55.78,53.40,54.56,57.67,53.76,55.53,57.40,52.95,55.09,-999.,-999.,-999.,54.43,53.19,53.72,-999.,-999.,-999.,54.10,53.40,53.74,147,288,0,146,288,0,228,283,0,0,0,999,288,288,283,1,166,0,146,0,0,169,214,169,0,0,177,27,0,177,30,0,174,288,0,-999.,-999.,-999.,-999.,258.00,3.00,0,-999.,-999.,-999.,255.00,3.00,0,1.5676,0,1.4337,0,1.4396,0,-999.,-999.
2019,12,29,ARD2,48.92,36.30,43.18,45.57,26.69,33.88,90.44,46.01,70.63,2.84,43.60,22.39,0.00,-996.00,30.37,12,39.24,13,22.57,17.50,3.05,8.72,3.02,24.40,14.42,1.54,6.56,2.69,29.07,28.78,28.91,29.84,647.34,9.37,0.00,0,0.00,53.91,47.89,50.86,53.91,43.86,48.75,53.56,46.63,50.47,-999.,-999.,-999.,54.43,52.68,53.52,-999.,-999.,-999.,54.73,54.05,54.32,6,274,0,3,288,0,3,199,0,0,0,999,288,280,0,277,14,0,158,0,0,169,96,182,0,0,3,288,0,3,288,0,174,288,0,-999.,-999.,-999.,-999.,3.00,288.00,0,-999.,-999.,-999.,213.00,147.00,0,1.5490,0,1.4266,0,1.4319,0,-999.,-999.
2019,12,30,ARD2,51.78,30.02,39.88,27.18,18.17,23.29,83.42,27.53,54.55,4.33,40.44,24.10,0.00,-996.00,23.13,13,60.42,12,29.17,15.43,2.85,8.09,2.91,25.14,12.37,0.66,6.13,2.67,29.26,29.05,29.16,30.10,591.49,12.85,0.00,0,0.00,48.09,44.24,46.29,48.61,39.06,43.12,51.13,43.44,46.59,-999.,-999.,-999.,52.65,50.56,51.22,-999.,-999.,-999.,54.43,53.73,54.10,180,84,0,19,193,0,56,185,0,0,0,999,288,84,37,283,4,0,149,0,0,166,27,163,0,0,204,117,0,192,117,0,177,105,0,-999.,-999.,-999.,-999.,3.00,174.00,0,-999.,-999.,-999.,213.00,282.00,0,1.5544,0,1.4249,0,1.4287,0,-999.,-999.
2019,12,31,ARD2,53.74,27.87,40.56,27.23,15.03,21.51,79.37,21.76,49.42,4.97,42.42,24.19,0.00,-996.00,21.20,12,39.86,8,15.38,12.31,1.95,5.79,1.71,16.44,10.26,0.00,4.07,1.81,29.34,29.13,29.23,30.17,591.87,12.89,0.00,0,0.00,47.30,42.15,44.67,48.51,37.77,42.12,50.54,41.41,45.32,-999.,-999.,-999.,50.63,48.85,49.52,-999.,-999.,-999.,53.85,52.88,53.31,184,94,0,265,187,0,95,187,0,0,0,999,288,94,66,126,288,0,150,0,2,138,220,155,0,0,213,117,0,198,117,0,183,105,0,-999.,-999.,-999.,-999.,3.00,168.00,0,-999.,-999.,-999.,6.00,270.00,0,1.5565,0,1.4231,0,1.4305,0,-999.,-999.
2020,1,1,ARD2,55.47,38.09,47.20,44.61,24.58,32.51,79.59,40.89,57.09,4.91,47.51,18.22,0.00,-996.00,32.19,8,89.24,9,9.38,19.44,5.68,12.40,3.73,28.86,15.70,3.90,9.97,3.22,29.13,28.70,28.89,29.82,315.57,5.01,0.00,0,0.00,46.87,43.24,45.08,45.83,39.10,42.53,48.38,43.05,45.72,-999.,-999.,-999.,49.35,48.51,48.86,-999.,-999.,-999.,52.84,52.32,52.58,167,75,0,288,27,0,288,162,0,0,0,999,288,83,154,2,276,0,147,0,0,143,108,143,0,0,213,117,0,207,102,0,192,96,0,-999.,-999.,-999.,-999.,3.00,144.00,0,-999.,-999.,-999.,48.00,285.00,0,1.5571,0,1.4275,0,1.4333,0,-999.,-999.
2020,1,2,ARD2,58.98,42.53,51.73,48.02,41.44,45.84,98.40,63.42,80.97,2.72,52.57,14.24,0.00,-996.00,39.98,-996,-999.00,-996,-999.00,14.96,0.00,8.23,4.17,24.99,12.44,0.00,6.30,4.09,28.76,28.57,28.65,29.57,461.84,4.94,0.00,0,0.00,50.29,46.80,48.25,51.01,45.06,47.48,52.00,47.37,49.00,-999.,-999.,-999.,50.29,49.08,49.57,-999.,-999.,-999.,52.39,51.98,52.22,177,274,0,212,250,0,276,180,0,0,0,999,288,274,195,288,174,0,136,0,29,16,232,11,0,0,207,3,0,198,3,0,189,3,0,-999.,-999.,-999.,-999.,276.00,3.00,0,-999.,-999.,-999.,243.00,138.00,0,1.5533,0,1.4266,0,1.4358,0,-999.,-999.
2020,1,3,ARD2,57.34,38.41,47.39,43.36,29.46,36.12,96.13,36.43,67.70,4.02,47.75,17.12,0.00,-996.00,34.04,15,46.24,0,25.09,13.49,1.53,7.15,2.61,20.98,11.06,0.00,5.19,2.66,29.23,28.75,29.01,29.95,701.85,11.37,0.00,0,0.00,50.00,46.39,47.94,51.75,43.98,46.82,52.50,45.69,48.27,-999.,-999.,-999.,50.45,49.46,50.03,-999.,-999.,-999.,52.72,51.87,52.26,173,283,0,14,156,0,1,199,0,0,0,999,288,283,100,281,3,0,153,0,9,156,245,156,0,0,207,120,0,195,114,0,180,288,0,-999.,-999.,-999.,-999.,240.00,156.00,0,-999.,-999.,-999.,216.00,135.00,0,1.5540,0,1.4255,0,1.4335,0,-999.,-999.
2020,1,4,ARD2,55.40,32.35,42.84,33.36,21.50,26.99,89.02,28.54,57.29,4.70,44.16,21.13,0.00,-996.00,27.10,7,20.43,11,12.90,9.05,0.99,5.17,1.62,13.37,7.11,0.00,3.16,2.04,29.43,29.22,29.33,30.27,588.62,12.83,0.00,0,0.00,48.72,43.58,46.10,51.26,39.14,44.48,51.58,42.61,46.38,-999.,-999.,-999.,50.31,48.78,49.47,-999.,-999.,-999.,52.83,51.78,52.22,191,36,0,15,162,0,37,181,0,0,0,999,288,36,68,126,15,0,152,0,9,267,181,284,0,0,210,111,0,195,111,0,180,105,0,-999.,-999.,-999.,-999.,3.00,156.00,0,-999.,-999.,-999.,213.00,111.00,0,1.5598,0,1.4266,0,1.4321,0,-999.,-999.
2020,1,5,ARD2,63.91,36.15,48.93,34.92,29.43,32.13,84.99,31.65,54.85,6.19,49.70,14.97,0.00,-996.00,32.41,1,26.71,8,16.61,12.90,1.41,6.68,2.76,20.02,10.29,0.00,4.70,3.00,29.28,29.20,29.25,30.19,593.67,13.00,0.00,0,0.00,49.50,43.92,46.53,51.93,40.36,45.42,52.68,43.50,47.22,-999.,-999.,-999.,49.75,48.60,49.22,-999.,-999.,-999.,52.63,51.53,52.03,170,67,0,100,281,0,98,170,0,0,0,999,288,67,148,128,85,0,150,0,11,194,249,150,0,0,213,111,0,195,111,0,183,105,0,-999.,-999.,-999.,-999.,249.00,114.00,0,-999.,-999.,-999.,216.00,114.00,0,1.5613,0,1.4264,0,1.4326,0,-999.,-999.
2020,1,6,ARD2,62.13,33.91,46.38,32.67,25.59,29.07,77.53,29.24,53.23,5.88,47.59,16.98,0.00,-996.00,29.91,15,27.65,14,23.11,11.29,0.63,5.46,2.48,18.05,8.84,0.00,3.53,2.42,29.33,29.15,29.23,30.16,600.88,12.58,0.00,0,0.00,49.05,43.25,46.23,51.69,39.55,45.21,52.20,42.37,46.70,-999.,-999.,-999.,49.69,48.38,49.11,-999.,-999.,-999.,52.30,51.30,51.87,171,92,0,163,85,0,55,184,0,0,0,999,288,55,140,288,170,0,156,0,24,190,137,229,0,0,210,114,0,195,111,0,183,105,0,-999.,-999.,-999.,-999.,3.00,150.00,0,-999.,-999.,-999.,213.00,114.00,0,1.5699,0,1.4275,0,1.4333,0,-999.,-999.
2020,1,7,ARD2,62.69,29.37,46.78,27.94,15.19,21.97,75.38,16.99,41.12,7.54,48.20,18.97,0.00,-996.00,23.99,8,25.28,12,20.45,11.60,0.13,6.07,2.45,16.81,9.38,0.00,4.43,2.15,29.46,29.33,29.38,30.32,614.80,13.41,0.00,0,0.00,48.56,42.51,45.64,51.46,38.48,44.51,51.49,41.48,46.01,-999.,-999.,-999.,49.46,48.15,48.82,-999.,-999.,-999.,52.38,51.08,51.70,192,86,0,122,164,0,87,176,0,0,0,999,288,86,140,122,288,0,152,0,19,186,115,178,0,0,213,114,0,198,114,0,183,105,0,-999.,-999.,-999.,-999.,3.00,117.00,0,-999.,-999.,-999.,216.00,114.00,0,1.5902,0,1.4279,0,1.4319,0,-999.,-999.
2020,1,8,ARD2,62.80,37.51,51.01,42.96,21.08,25.65,64.17,20.82,39.00,8.45,51.21,14.85,0.00,-996.00,31.23,7,51.04,8,46.88,21.09,7.18,11.49,3.32,29.59,17.36,4.82,9.43,3.06,29.33,29.04,29.21,30.14,698.92,12.46,0.00,0,0.00,48.25,43.40,45.92,51.57,40.19,45.59,50.52,42.83,46.47,-999.,-999.,-999.,49.08,48.11,48.68,-999.,-999.,-999.,51.87,51.10,51.52,179,96,0,288,157,0,288,167,0,0,0,999,288,92,166,1,284,0,159,0,0,139,16,136,0,0,210,114,0,195,114,0,186,105,0,-999.,-999.,-999.,-999.,9.00,132.00,0,-999.,-999.,-999.,210.00,123.00,0,1.6255,0,1.4301,0,1.4333,0,-999.,-999.
2020,1,9,ARD2,68.49,54.97,60.62,62.81,43.37,55.75,98.30,64.85,84.34,2.88,60.56,3.27,0.00,-996.00,-996.00,7,43.75,8,37.50,18.05,4.77,10.84,3.35,30.11,15.46,1.99,9.01,2.99,29.06,28.90,28.98,29.91,348.11,4.43,0.00,0,0.00,53.15,47.30,50.54,56.10,47.86,52.12,55.18,47.84,52.03,-999.,-999.,-999.,51.24,49.03,49.93,-999.,-999.,-999.,51.89,51.33,51.51,192,1,0,287,1,0,264,1,0,0,0,999,288,999,288,123,183,0,191,0,0,10,234,12,0,0,216,3,0,210,3,0,201,3,0,-999.,-999.,-999.,-999.,288.00,9.00,0,-999.,-999.,-999.,213.00,183.00,0,1.6540,0,1.4301,0,1.4374,0,-999.,-999.
2020,1,10,ARD2,68.49,35.35,58.35,65.54,33.20,56.32,97.74,88.01,92.99,1.26,58.35,13.08,0.00,-996.00,27.21,7,32.64,8,21.53,18.97,2.98,10.64,2.73,29.01,15.48,1.71,8.72,2.27,29.02,28.68,28.86,29.78,566.47,1.74,1.78,60,1.92,56.19,52.79,54.49,58.93,51.03,56.02,58.21,51.06,55.37,-999.,-999.,-999.,53.69,51.26,52.49,-999.,-999.,-999.,52.81,51.64,52.20,149,288,0,148,288,0,220,109,0,0,0,999,288,286,233,286,185,0,148,0,0,261,215,232,0,0,186,3,0,174,288,0,162,288,0,-999.,-999.,-999.,-999.,246.00,3.00,0,-999.,-999.,-999.,243.00,3.00,0,1.5859,0,1.4275,0,1.4353,0,-999.,-999.
2020,1,11,ARD2,40.07,26.27,32.43,33.73,21.10,27.22,96.08,59.44,81.68,1.22,32.59,31.83,0.00,-996.00,14.62,15,21.86,13,18.64,19.89,1.31,8.90,3.94,26.66,16.41,0.00,6.85,3.67,29.23,28.93,29.14,30.07,658.92,10.05,0.09,9,0.12,52.74,44.55,47.64,50.63,42.68,45.39,50.83,43.26,46.72,-999.,-999.,-999.,53.60,50.18,51.69,-999.,-999.,-999.,53.53,52.61,52.89,200,109,0,4,124,0,45,202,0,0,0,999,288,91,24,138,41,0,150,0,9,40,231,40,0,0,3,288,0,3,129,0,3,288,0,-999.,-999.,-999.,-999.,3.00,288.00,0,-999.,-999.,-999.,219.00,150.00,0,1.5438,0,1.4225,0,1.4287,0,-999.,-999.
2020,1,12,ARD2,52.09,30.26,38.99,39.83,27.68,34.07,96.81,60.08,83.66,1.69,39.26,23.83,0.00,-996.00,21.96,6,30.21,7,20.49,15.63,3.21,8.27,2.80,21.34,12.92,0.26,6.52,2.80,29.23,29.10,29.18,30.11,613.59,11.74,0.01,1,0.12,46.80,41.66,44.14,49.35,41.69,44.73,49.24,41.12,44.53,-999.,-999.,-999.,50.14,48.04,48.82,-999.,-999.,-999.,52.88,51.98,52.47,184,76,0,196,1,0,287,172,0,0,0,999,288,86,41,281,164,0,141,0,0,178,279,160,0,0,213,123,0,213,123,0,189,105,0,-999.,-999.,-999.,-999.,3.00,174.00,0,-999.,-999.,-999.,3.00,276.00,0,1.5502,0,1.4227,0,1.4269,0,-999.,-999.
2020,1,13,ARD2,57.43,35.11,46.43,56.09,34.62,45.65,99.87,90.81,97.20,0.37,46.59,18.73,0.00,-996.00,30.23,7,32.29,6,21.88,12.35,3.83,7.86,1.78,18.19,10.44,1.80,6.21,1.96,29.23,29.08,29.17,30.10,164.39,2.63,0.00,0,0.00,48.94,43.16,45.50,49.50,39.80,44.42,50.40,42.64,46.30,-999.,-999.,-999.,48.85,47.86,48.26,-999.,-999.,-999.,52.00,51.42,51.65,283,21,0,281,21,0,125,215,0,0,0,999,288,52,116,121,192,0,151,0,0,204,226,192,0,0,288,87,0,288,78,0,288,75,0,-999.,-999.,-999.,-999.,288.00,153.00,0,-999.,-999.,-999.,3.00,264.00,0,1.5487,0,1.4238,0,1.4287,0,-999.,-999.
2020,1,14,ARD2,65.97,52.23,57.72,56.82,51.48,54.16,99.15,64.27,88.81,2.10,57.72,5.90,0.00,-996.00,-996.00,8,38.19,6,21.53,11.05,4.15,7.53,1.47,16.37,9.46,3.19,6.02,1.35,29.17,29.05,29.10,30.04,630.67,11.38,0.00,0,0.00,54.86,48.99,51.75,59.14,49.59,53.26,58.41,50.45,53.34,-999.,-999.,-999.,51.91,48.88,50.29,-999.,-999.,-999.,52.02,51.08,51.49,167,259,0,288,258,0,111,161,0,0,0,999,288,999,288,129,287,0,149,0,0,175,121,168,0,0,204,3,0,195,3,0,180,3,0,-999.,-999.,-999.,-999.,288.00,3.00,0,-999.,-999.,-999.,216.00,147.00,0,1.5376,0,1.4214,0,1.4289,0,-999.,-999.
2020,1,15,ARD2,70.63,51.46,60.86,65.71,44.12,54.96,99.56,48.24,82.56,3.27,60.89,3.96,0.00,-996.00,-996.00,1,22.57,9,18.06,13.41,3.82,8.83,2.04,20.67,10.54,2.04,6.96,1.75,29.37,29.01,29.13,30.06,640.53,6.42,0.01,1,0.12,57.94,52.57,55.08,60.96,52.95,56.38,61.27,52.99,56.33,-999.,-999.,-999.,54.19,51.91,52.91,-999.,-999.,-999.,52.77,51.64,52.26,156,275,0,134,217,0,38,189,0,0,0,999,288,999,288,287,64,0,160,0,0,73,52,249,0,0,198,3,0,186,3,0,168,3,0,-999.,-999.,-999.,-999.,264.00,3.00,0,-999.,-999.,-999.,279.00,3.00,0,1.5341,0,1.4177,0,1.4299,0,-999.,-999.
2020,1,16,ARD2,51.71,37.61,41.65,45.14,30.59,37.41,97.93,70.11,85.15,1.36,41.39,20.34,0.00,-996.00,28.97,2,48.61,1,39.58,18.41,5.63,11.88,2.52,25.86,14.95,4.61,9.60,2.12,29.54,29.33,29.45,30.39,95.78,1.63,0.60,49,0.36,54.46,48.06,50.52,53.53,45.86,48.29,53.74,47.32,49.91,-999.,-999.,-999.,54.18,51.82,53.13,-999.,-999.,-999.,53.44,52.77,53.24,1,111,0,1,131,0,263,149,0,0,0,999,288,121,21,126,9,0,188,0,0,71,237,80,0,0,3,288,0,3,288,0,3,288,0,-999.,-999.,-999.,-999.,3.00,288.00,0,-999.,-999.,-999.,213.00,3.00,0,1.5441,0,1.4184,0,1.4269,0,-999.,-999.
2020,1,17,ARD2,54.77,39.76,45.55,54.62,38.28,45.10,99.61,93.82,98.28,0.16,45.33,17.73,0.00,-996.00,31.59,6,22.18,7,16.55,15.00,0.34,8.21,2.40,20.09,11.72,0.00,6.58,2.00,29.40,29.04,29.21,30.15,161.43,1.34,0.74,61,0.48,49.55,47.16,48.05,48.52,44.76,46.25,50.32,46.74,48.15,-999.,-999.,-999.,51.78,50.52,50.87,-999.,-999.,-999.,53.44,52.86,53.17,288,15,0,288,12,0,272,32,0,0,0,999,288,17,50,1,252,0,145,0,4,17,64,11,0,0,288,105,0,288,96,0,288,84,0,-999.,-999.,-999.,-999.,3.00,177.00,0,-999.,-999.,-999.,3.00,282.00,0,1.5426,0,1.4181,0,1.4273,0,-999.,-999.
2020,1,18,ARD2,57.38,33.66,47.27,57.06,18.97,33.70,99.46,30.04,63.26,3.90,47.47,19.48,0.00,-996.00,28.33,0,27.78,1,25.00,19.19,3.38,10.44,4.10,30.11,16.01,0.31,8.02,3.84,29.54,29.07,29.34,30.28,639.96,14.23,0.00,0,0.00,50.90,46.63,49.76,53.17,44.55,49.45,53.35,44.74,49.99,-999.,-999.,-999.,51.62,50.68,51.12,-999.,-999.,-999.,53.26,52.56,52.85,15,286,0,15,210,0,1,199,0,0,0,999,288,283,110,288,14,0,152,0,0,130,259,129,0,0,198,288,0,198,288,0,177,288,0,-999.,-999.,-999.,-999.,219.00,3.00,0,-999.,-999.,-999.,216.00,150.00,0,1.5364,0,1.4177,0,1.4278,0,-999.,-999.
2020,1,19,ARD2,52.86,27.41,39.59,27.51,12.93,22.13,83.79,25.20,53.13,4.53,40.98,24.86,0.00,-996.00,23.30,-996,-999.00,-996,-999.00,10.12,0.00,4.09,2.01,14.54,8.11,0.00,2.47,1.98,29.63,29.53,29.57,30.52,758.77,11.02,0.00,0,0.00,47.84,42.21,45.22,51.35,37.90,44.14,50.29,40.65,45.15,-999.,-999.,-999.,51.10,48.70,49.56,-999.,-999.,-999.,52.95,52.09,52.56,190,93,0,112,126,0,77,191,0,0,0,999,288,86,131,124,204,0,139,0,49,169,118,172,0,0,204,114,0,201,120,0,198,105,0,-999.,-999.,-999.,-999.,3.00,186.00,0,-999.,-999.,-999.,216.00,111.00,0,1.5460,0,1.4171,0,1.4269,0,-999.,-999.
2020,1,20,ARD2,54.61,26.56,39.38,29.67,20.36,24.52,84.59,30.78,58.06,4.16,40.91,24.42,0.00,-996.00,21.55,-996,-999.00,-996,-999.00,9.36,0.14,4.30,1.90,13.52,7.52,0.00,2.68,1.95,29.65,29.48,29.57,30.52,645.87,14.40,0.00,0,0.00,47.55,41.02,44.20,49.44,37.25,42.35,51.19,39.61,44.66,-999.,-999.,-999.,49.21,47.41,48.21,-999.,-999.,-999.,52.38,51.44,51.85,191,94,0,271,87,0,93,190,0,0,0,999,288,63,135,123,212,0,152,0,34,282,271,282,0,0,213,120,0,198,126,0,186,105,0,-999.,-999.,-999.,-999.,3.00,156.00,0,-999.,-999.,-999.,219.00,108.00,0,1.5484,0,1.4199,0,1.4283,0,-999.,-999.
2020,1,21,ARD2,42.24,28.36,36.05,34.04,23.27,28.24,87.05,61.33,73.44,2.02,36.16,29.70,0.00,-996.00,20.93,5,32.99,3,25.69,13.34,3.63,8.75,2.16,19.66,10.60,2.44,6.82,1.99,29.55,29.29,29.45,30.40,423.12,6.75,0.07,7,0.12,44.40,41.01,43.04,42.79,37.16,40.15,46.07,40.13,43.08,-999.,-999.,-999.,48.42,46.98,47.43,-999.,-999.,-999.,51.51,50.88,51.16,184,62,0,287,62,0,287,169,0,0,0,999,288,77,0,121,288,0,125,0,0,203,268,233,0,0,3,114,0,192,126,0,177,102,0,-999.,-999.,-999.,-999.,3.00,162.00,0,-999.,-999.,-999.,3.00,285.00,0,1.5514,0,1.4186,0,1.4299,0,-999.,-999.
2020,1,22,ARD2,40.63,36.90,38.70,40.28,34.12,37.86,99.56,87.58,96.79,0.25,38.49,26.24,0.00,-996.00,28.53,6,53.12,7,22.22,17.09,3.72,10.81,2.66,25.86,14.60,2.40,9.02,2.43,29.29,28.97,29.07,30.01,66.89,0.89,0.52,49,0.36,43.55,42.83,43.14,41.82,40.17,40.90,43.65,42.49,43.04,-999.,-999.,-999.,47.19,46.51,46.72,-999.,-999.,-999.,50.86,50.31,50.56,210,14,0,226,1,0,288,1,0,0,0,999,288,45,0,4,174,0,145,0,0,135,264,137,0,0,282,129,0,285,33,0,276,75,0,-999.,-999.,-999.,-999.,3.00,195.00,0,-999.,-999.,-999.,3.00,285.00,0,1.5488,0,1.4192,0,1.4289,0,-999.,-999.
2020,1,23,ARD2,55.85,38.14,44.37,43.38,32.12,37.45,100.00,43.66,79.38,2.50,44.65,18.01,0.00,-996.00,33.59,15,20.60,11,14.61,13.94,0.05,6.66,2.94,21.92,10.84,0.00,4.96,2.56,29.12,28.98,29.05,29.98,715.82,11.66,0.01,1,0.12,48.56,43.47,45.36,49.66,41.66,44.56,52.20,43.54,46.39,-999.,-999.,-999.,48.00,46.27,46.89,-999.,-999.,-999.,50.45,49.75,50.09,178,57,0,137,282,0,33,193,0,0,0,999,288,48,100,134,25,0,148,0,21,158,98,169,0,0,204,75,0,216,102,0,189,57,0,-999.,-999.,-999.,-999.,282.00,132.00,0,-999.,-999.,-999.,222.00,132.00,0,1.5423,0,1.4197,0,1.4296,0,-999.,-999.
2020,1,24,ARD2,54.63,33.90,43.38,33.40,27.69,30.86,85.70,37.14,63.28,3.98,44.24,20.74,0.00,-996.00,27.92,14,45.39,13,17.73,14.64,1.54,8.06,3.03,21.99,11.47,0.00,5.75,3.34,29.23,29.10,29.16,30.09,669.69,14.84,0.00,0,0.00,47.44,42.10,44.73,54.00,41.99,46.09,51.08,40.97,45.23,-999.,-999.,-999.,47.97,46.67,47.38,-999.,-999.,-999.,50.63,49.75,50.06,200,87,0,136,216,0,89,191,0,0,0,999,288,91,74,130,18,0,146,0,6,14,217,170,0,0,213,114,0,195,117,0,183,105,0,-999.,-999.,-999.,-999.,3.00,153.00,0,-999.,-999.,-999.,222.00,117.00,0,1.5452,0,1.4177,0,1.4314,0,-999.,-999.
2020,1,25,ARD2,63.57,31.46,48.08,47.29,29.60,37.31,93.75,39.44,69.05,4.65,48.36,17.48,0.00,-996.00,25.70,7,38.54,4,28.12,17.52,3.10,8.21,3.02,24.85,14.38,0.00,6.38,3.13,29.17,28.99,29.08,30.02,725.02,11.44,0.00,0,0.00,48.25,41.25,44.95,50.36,38.18,44.54,51.19,40.70,46.01,-999.,-999.,-999.,48.06,46.37,47.12,-999.,-999.,-999.,50.25,49.44,49.92,175,96,0,254,42,0,97,167,0,0,0,999,288,87,163,2,183,0,145,0,0,192,95,189,0,0,237,114,0,198,111,0,192,105,0,-999.,-999.,-999.,-999.,288.00,117.00,0,-999.,-999.,-999.,201.00,117.00,0,1.5454,0,1.4184,0,1.4310,0,-999.,-999.
2020,1,26,ARD2,63.34,43.91,52.12,49.10,42.97,45.77,98.75,51.10,80.29,3.07,53.23,11.38,0.00,-996.00,41.47,-996,-999.00,-996,-999.00,7.44,0.00,4.13,1.68,11.33,6.45,0.00,2.59,1.72,29.10,28.99,29.04,29.98,723.42,11.32,0.00,0,0.00,52.54,46.85,49.13,56.26,45.67,49.76,56.44,46.65,50.23,-999.,-999.,-999.,50.05,48.09,48.78,-999.,-999.,-999.,50.83,49.66,50.08,187,282,0,155,94,0,284,198,0,0,0,999,288,95,188,135,56,0,150,0,42,147,273,145,0,0,213,114,0,195,111,0,186,99,0,-999.,-999.,-999.,-999.,282.00,3.00,0,-999.,-999.,-999.,219.00,153.00,0,1.5393,0,1.4186,0,1.4321,0,-999.,-999.
2020,1,27,ARD2,61.23,36.24,47.30,54.74,36.24,45.10,100.00,60.38,92.91,1.12,47.81,16.26,0.00,-996.00,34.83,-996,-999.00,-996,-999.00,13.37,0.00,5.86,3.85,17.61,10.67,0.00,4.31,3.48,29.10,28.94,29.03,29.96,680.50,11.37,0.00,0,0.00,52.20,46.01,48.90,55.49,44.02,48.87,55.78,45.24,49.58,-999.,-999.,-999.,50.40,48.81,49.62,-999.,-999.,-999.,51.17,50.31,50.58,179,78,0,158,78,0,52,193,0,0,0,999,288,51,189,126,210,0,154,0,67,214,63,214,0,0,207,108,0,195,102,0,186,93,0,-999.,-999.,-999.,-999.,282.00,156.00,0,-999.,-999.,-999.,219.00,27.00,0,1.5412,0,1.4173,0,1.4390,0,-999.,-999.
2020,1,28,ARD2,52.45,37.26,47.60,51.96,36.05,46.68,99.27,88.28,96.61,0.38,47.45,20.15,0.00,-996.00,28.96,6,36.81,5,19.10,15.99,5.14,9.25,2.19,23.89,12.63,4.32,7.31,1.78,29.01,28.81,28.90,29.83,160.41,1.65,0.62,54,0.48,50.88,48.69,49.85,50.72,47.21,49.22,51.84,47.14,49.91,-999.,-999.,-999.,50.67,50.29,50.43,-999.,-999.,-999.,51.44,50.79,51.10,179,288,0,179,278,0,214,43,0,0,0,999,288,275,93,288,187,0,178,0,0,70,161,259,0,0,225,288,0,225,288,0,195,288,0,-999.,-999.,-999.,-999.,234.00,141.00,0,-999.,-999.,-999.,231.00,3.00,0,1.5377,0,1.4168,0,1.4308,0,-999.,-999.
2020,1,29,ARD2,41.28,35.53,38.45,36.18,33.81,34.53,95.79,77.27,85.92,1.16,38.20,26.60,0.00,-996.00,27.10,15,41.67,0,29.86,14.10,2.85,8.27,2.22,23.67,11.37,1.75,6.70,1.81,29.21,29.01,29.14,30.08,277.61,4.04,0.00,0,0.00,48.58,45.61,46.62,47.01,43.54,44.83,47.88,44.74,46.25,-999.,-999.,-999.,50.54,49.01,49.54,-999.,-999.,-999.,51.42,51.24,51.32,188,82,0,1,93,0,1,190,0,0,0,999,288,78,2,272,1,0,143,0,0,13,286,13,0,0,3,120,0,3,120,0,192,102,0,-999.,-999.,-999.,-999.,3.00,288.00,0,-999.,-999.,-999.,162.00,3.00,0,1.5407,0,1.4171,0,1.4292,0,-999.,-999.
2020,1,30,ARD2,39.84,37.78,38.94,35.96,33.02,34.28,87.76,79.40,83.23,1.36,38.75,26.19,0.00,-996.00,32.39,-996,-999.00,-996,-999.00,8.09,0.00,3.27,1.69,11.03,5.94,0.00,2.39,1.51,29.22,29.13,29.18,30.12,203.95,2.09,0.00,0,0.00,45.89,44.87,45.41,44.62,42.60,43.84,46.72,44.84,45.58,-999.,-999.,-999.,48.99,48.20,48.47,-999.,-999.,-999.,51.26,50.86,51.07,170,122,0,250,124,0,249,162,0,0,0,999,288,120,118,122,191,0,151,0,78,279,228,279,0,0,3,129,0,201,288,0,168,102,0,-999.,-999.,-999.,-999.,3.00,288.00,0,-999.,-999.,-999.,3.00,273.00,0,1.5431,0,1.4186,0,1.4283,0,-999.,-999.
2020,1,31,ARD2,54.16,34.37,43.25,37.09,27.34,33.55,87.11,47.95,69.60,3.19,43.69,20.74,0.00,-996.00,31.49,13,28.36,12,26.87,10.55,1.04,4.82,2.01,16.95,8.53,0.00,3.52,2.02,29.24,29.14,29.20,30.13,772.29,13.71,0.00,0,0.00,49.44,43.80,46.26,51.73,39.28,44.50,53.71,43.45,47.22,-999.,-999.,-999.,48.90,47.50,48.13,-999.,-999.,-999.,51.03,50.32,50.68,185,286,0,168,275,0,95,206,0,0,0,999,288,288,108,129,205,0,145,0,20,177,98,186,0,0,201,111,0,195,108,0,183,105,0,-999.,-999.,-999.,-999.,264.00,156.00,0,-999.,-999.,-999.,222.00,111.00,0,1.5425,0,1.4168,0,1.4289,0,-999.,-999.
2020,2,1,ARD2,64.47,29.02,45.96,32.64,24.51,28.94,88.75,21.79,57.07,6.11,48.53,18.25,0.00,-996.00,23.53,11,46.88,12,17.01,11.61,2.27,6.13,1.85,17.24,8.86,0.42,4.15,1.71,29.27,29.12,29.20,30.14,691.10,15.97,0.00,0,0.00,49.50,41.49,45.48,52.07,37.28,43.97,54.16,40.32,46.41,-999.,-999.,-999.,48.78,47.03,47.98,-999.,-999.,-999.,51.08,49.98,50.43,197,85,0,117,199,0,73,199,0,0,0,999,288,85,108,136,288,0,152,0,0,184,92,178,0,0,216,111,0,198,117,0,183,102,0,-999.,-999.,-999.,-999.,3.00,153.00,0,-999.,-999.,-999.,222.00,108.00,0,1.5444,0,1.4171,0,1.4319,0,-999.,-999.
2020,2,2,ARD2,80.69,37.29,58.83,35.08,29.46,32.43,79.77,15.65,41.88,12.68,60.65,6.01,0.00,78.86,32.06,9,36.81,8,34.03,17.18,2.73,8.74,3.17,24.56,13.69,0.00,6.35,3.16,29.12,28.85,28.99,29.93,731.25,15.70,0.00,0,0.00,52.09,43.40,47.65,55.08,39.82,46.99,56.55,42.59,49.11,-999.,-999.,-999.,49.82,47.59,48.51,-999.,-999.,-999.,50.92,49.86,50.33,189,54,0,174,193,0,54,192,0,0,0,189,282,65,185,1,284,0,153,0,0,288,31,288,0,0,216,111,0,198,105,0,186,99,0,-999.,-999.,-999.,-999.,288.00,144.00,0,-999.,-999.,-999.,219.00,111.00,0,1.5414,0,1.4164,0,1.4333,0,-999.,-999.
2020,2,3,ARD2,71.96,49.71,61.48,60.95,34.45,46.17,95.14,33.85,59.56,7.70,61.57,4.16,0.00,-996.00,47.48,8,74.13,9,19.23,19.84,2.37,13.11,3.44,28.57,16.18,0.45,10.67,2.89,28.86,28.72,28.78,29.71,623.86,9.77,0.11,2,0.96,54.09,48.54,51.34,55.26,46.65,51.22,56.64,48.56,52.72,-999.,-999.,-999.,51.76,49.77,50.35,-999.,-999.,-999.,51.42,50.34,50.71,175,288,2,279,2,2,277,2,2,2,2,999,288,288,287,2,180,2,174,2,2,128,278,115,2,2,288,111,2,198,99,2,189,87,2,-999.,-999.,-999.,-999.,288.00,129.00,2,-999.,-999.,-999.,288.00,111.00,2,1.5371,2,1.4166,2,1.4344,2,-999.,-999.
2020,2,4,ARD2,49.26,33.80,38.84,45.25,29.62,36.14,98.06,82.04,90.03,0.77,38.56,23.47,0.00,-996.00,24.29,0,55.56,1,23.96,16.77,4.14,9.95,2.00,25.21,13.44,3.14,8.09,1.65,29.09,28.79,28.95,29.88,287.19,3.00,0.60,22,1.32,54.12,46.03,49.54,54.84,44.10,48.26,54.77,44.79,48.71,-999.,-999.,-999.,51.87,50.16,51.16,-999.,-999.,-999.,51.58,51.10,51.38,1,272,0,5,283,0,38,250,0,0,0,999,288,272,0,239,44,0,146,0,0,250,5,249,0,0,3,288,0,3,288,0,3,288,0,-999.,-999.,-999.,-999.,3.00,288.00,0,-999.,-999.,-999.,210.00,33.00,0,1.5384,0,1.4166,0,1.4305,0,-999.,-999.
2020,2,5,ARD2,33.93,28.87,31.31,31.53,26.75,29.86,97.84,85.62,94.33,0.34,31.00,33.60,0.00,-996.00,23.12,-996,-999.00,-996,-999.00,-996.00,-996.00,-996.00,-996.00,18.28,-996.00,-996.00,-996.00,-996.00,29.11,28.88,28.97,29.90,464.58,3.61,0.45,43,0.24,45.94,41.95,43.48,44.02,39.46,41.56,44.74,40.91,42.39,-999.,-999.,-999.,50.13,47.05,48.42,-999.,-999.,-999.,51.60,50.97,51.34,5,288,0,72,288,0,93,6,0,0,250,999,288,36,250,19,286,0,144,0,250,999,999,15,250,0,3,288,0,3,138,0,3,108,0,-999.,-999.,-999.,-999.,3.00,288.00,0,-999.,-999.,-999.,24.00,276.00,0,1.5465,0,1.4166,0,1.4269,0,-999.,-999.
2020,2,6,ARD2,40.09,21.57,30.84,28.22,18.77,23.74,92.69,48.77,76.01,1.60,31.08,34.17,0.00,-996.00,12.61,-996,-999.00,-996,-999.00,-996.00,-996.00,-996.00,-996.00,17.76,-996.00,-996.00,-996.00,-996.00,28.94,28.75,28.83,29.76,726.95,16.74,0.16,16,0.12,44.61,39.47,41.80,45.36,39.09,41.65,48.79,38.23,42.42,-999.,-999.,-999.,47.03,45.49,46.20,-999.,-999.,-999.,50.97,49.86,50.39,185,88,0,185,88,0,24,209,0,0,47,999,288,87,47,16,196,0,155,0,47,999,999,169,47,0,207,114,0,210,111,0,183,108,0,-999.,-999.,-999.,-999.,3.00,156.00,0,-999.,-999.,-999.,3.00,288.00,0,1.5448,0,1.4176,0,1.4273,0,-999.,-999.
2020,2,7,ARD2,54.90,26.42,40.72,34.50,23.44,28.90,91.48,35.96,65.75,3.75,41.70,24.34,0.00,-996.00,20.91,15,15.65,14,15.27,12.12,0.00,5.05,2.53,19.15,9.99,0.00,2.82,2.95,29.18,28.78,28.95,29.88,735.15,13.41,0.01,1,0.12,45.89,39.03,42.21,49.15,40.22,44.01,50.31,38.49,43.48,-999.,-999.,-999.,46.44,44.73,45.59,-999.,-999.,-999.,49.89,49.17,49.54,193,34,0,148,5,0,33,201,0,0,0,999,288,34,135,284,9,0,151,0,26,164,282,164,0,0,222,126,0,213,126,0,189,96,0,-999.,-999.,-999.,-999.,279.00,153.00,0,-999.,-999.,-999.,12.00,129.00,0,1.5452,0,1.4186,0,1.4296,0,-999.,-999.
2020,2,8,ARD2,60.91,33.60,49.53,37.47,29.75,32.91,90.22,33.80,56.34,6.35,50.57,17.75,0.00,-996.00,31.00,-996,-999.00,-996,-999.00,14.84,0.00,6.56,4.11,21.27,12.60,0.00,4.91,4.18,29.28,29.04,29.17,30.10,712.20,16.68,0.00,0,0.00,49.28,41.91,45.60,53.38,39.90,46.24,54.10,41.40,47.19,-999.,-999.,-999.,47.97,45.76,46.64,-999.,-999.,-999.,49.59,48.56,49.15,178,94,0,288,60,0,90,199,0,0,0,999,288,89,249,133,288,0,153,0,61,196,46,188,0,0,207,111,0,195,108,0,180,102,0,-999.,-999.,-999.,-999.,288.00,114.00,0,-999.,-999.,-999.,219.00,114.00,0,1.5411,0,1.4162,0,1.4278,0,-999.,-999.
2020,2,9,ARD2,70.39,46.65,59.23,62.60,37.69,53.41,96.54,50.74,81.61,3.19,59.21,6.48,0.00,-996.00,42.12,7,40.62,8,32.99,19.13,5.36,11.77,2.44,26.15,15.26,3.08,9.83,2.25,29.10,28.92,29.01,29.94,654.78,5.76,0.48,14,1.56,54.39,47.70,50.86,57.33,47.39,52.37,57.22,48.29,52.68,-999.,-999.,-999.,50.94,48.00,49.06,-999.,-999.,-999.,50.20,49.17,49.51,192,288,0,217,1,0,86,1,0,0,0,999,288,287,273,277,205,0,169,0,0,136,219,174,0,0,228,21,0,216,18,0,198,12,0,-999.,-999.,-999.,-999.,288.00,3.00,0,-999.,-999.,-999.,228.00,18.00,0,1.5337,0,1.4140,0,1.4289,0,-999.,-999.
2020,2,10,ARD2,46.49,36.08,38.35,38.34,29.38,33.54,95.63,71.19,83.12,1.37,38.16,23.71,0.00,-996.00,28.07,0,60.49,1,17.83,13.57,1.60,8.07,2.02,20.31,11.37,0.00,6.48,1.77,29.20,29.04,29.13,30.06,283.31,2.82,0.50,41,0.24,52.61,45.51,47.95,53.31,42.97,45.88,52.02,44.79,47.08,-999.,-999.,-999.,51.06,48.96,50.12,-999.,-999.,-999.,50.59,49.98,50.35,1,94,0,1,110,0,214,5,0,0,0,999,288,180,4,117,205,0,130,0,2,46,173,180,0,0,3,288,0,3,288,0,3,288,0,-999.,-999.,-999.,-999.,24.00,288.00,0,-999.,-999.,-999.,255.00,6.00,0,1.5379,0,1.4138,0,1.4246,0,-999.,-999.
2020,2,11,ARD2,44.23,37.47,39.95,36.80,29.56,33.81,95.20,60.18,79.33,1.81,39.84,24.15,0.00,-996.00,29.82,1,48.26,2,25.35,15.28,5.17,9.67,2.10,22.79,12.54,4.00,7.80,1.84,29.31,29.08,29.21,30.15,303.52,3.86,0.08,8,0.12,45.51,44.20,44.81,44.51,41.96,42.99,46.81,43.79,44.85,-999.,-999.,-999.,48.92,47.61,48.08,-999.,-999.,-999.,50.65,50.20,50.48,166,94,0,288,209,0,288,180,0,0,0,999,288,96,0,135,288,0,164,0,0,163,258,126,0,0,201,123,0,201,111,0,180,105,0,-999.,-999.,-999.,-999.,3.00,288.00,0,-999.,-999.,-999.,18.00,288.00,0,1.5420,0,1.4138,0,1.4246,0,-999.,-999.
2020,2,12,ARD2,43.82,38.11,40.60,42.70,36.72,39.01,99.67,83.02,94.18,0.52,40.35,24.03,0.00,-996.00,30.31,15,20.21,12,20.21,12.79,0.77,5.97,2.53,18.19,9.23,0.00,4.20,2.40,29.11,28.86,28.97,29.90,327.95,3.82,1.00,76,1.08,46.30,43.70,44.78,45.70,41.84,43.43,47.98,43.42,45.13,-999.,-999.,-999.,47.61,46.89,47.22,-999.,-999.,-999.,50.20,49.75,49.98,187,1,0,172,288,0,118,275,0,0,0,999,288,1,28,287,174,0,139,0,6,7,55,5,0,0,204,111,0,210,108,0,189,84,0,-999.,-999.,-999.,-999.,3.00,144.00,0,-999.,-999.,-999.,3.00,273.00,0,1.5404,0,1.4151,0,1.4248,0,-999.,-999.
2020,2,13,ARD2,40.77,27.47,35.24,36.61,13.29,23.73,85.69,37.04,64.60,2.49,34.90,30.88,0.00,-996.00,20.16,0,34.03,1,28.47,12.79,4.96,8.78,1.64,21.70,10.53,3.48,7.16,1.45,29.50,29.11,29.35,30.29,757.39,15.78,0.00,0,0.00,46.69,42.47,44.29,49.15,41.63,44.37,50.81,41.03,44.81,-999.,-999.,-999.,47.44,46.44,47.02,-999.,-999.,-999.,50.05,49.32,49.63,2,286,0,2,283,0,18,194,0,0,0,999,288,274,0,277,1,0,154,0,0,131,220,54,0,0,201,288,0,207,132,0,183,288,0,-999.,-999.,-999.,-999.,12.00,156.00,0,-999.,-999.,-999.,216.00,135.00,0,1.5397,0,1.4129,0,1.4255,0,-999.,-999.
2020,2,14,ARD2,47.55,22.32,34.45,32.33,13.48,22.75,80.07,43.71,62.85,2.79,34.63,30.06,0.00,-996.00,14.43,7,36.93,2,21.25,11.79,1.80,6.45,1.84,24.18,10.31,0.00,4.89,2.12,29.54,29.30,29.44,30.38,746.31,17.77,0.00,0,0.00,45.50,38.74,41.94,56.43,37.95,45.31,50.63,37.05,42.78,-999.,-999.,-999.,47.17,44.96,45.91,-999.,-999.,-999.,49.59,48.92,49.24,190,79,0,260,23,0,259,174,0,0,0,999,288,66,3,121,288,0,154,0,1,182,121,194,0,0,216,129,0,189,129,0,183,105,0,-999.,-999.,-999.,-999.,3.00,171.00,0,-999.,-999.,-999.,219.00,279.00,0,1.5464,0,1.4135,0,1.4260,0,-999.,-999.
2020,2,15,ARD2,61.11,36.33,47.99,46.47,30.56,37.84,91.48,49.04,68.93,4.00,48.08,16.28,0.00,-996.00,29.29,7,53.17,8,27.46,20.96,1.77,10.35,3.84,28.43,17.24,0.00,8.43,3.54,29.30,29.07,29.17,30.11,785.19,14.21,0.00,0,0.00,48.09,40.93,44.29,50.70,38.66,44.46,51.78,40.19,45.50,-999.,-999.,-999.,47.21,45.35,46.07,-999.,-999.,-999.,49.03,48.51,48.81,184,74,0,271,53,0,288,185,0,0,0,999,288,73,151,1,194,0,166,0,4,123,280,140,0,0,222,111,0,204,99,0,198,93,0,-999.,-999.,-999.,-999.,285.00,126.00,0,-999.,-999.,-999.,204.00,114.00,0,1.5440,0,1.4137,0,1.4294,0,-999.,-999.
2020,2,16,ARD2,69.31,37.85,52.42,52.89,37.79,46.31,100.00,49.08,82.70,3.50,53.95,11.42,0.00,-996.00,35.74,3,18.63,4,17.49,10.25,0.86,4.09,1.61,13.96,8.58,0.00,1.92,2.19,29.09,28.89,28.99,29.92,742.18,15.61,0.00,0,0.00,53.33,44.21,48.25,57.79,42.38,49.24,58.80,43.60,50.05,-999.,-999.,-999.,49.50,46.65,47.65,-999.,-999.,-999.,49.46,48.47,48.85,193,76,0,146,76,0,80,201,0,0,0,999,288,76,228,1,288,0,154,0,25,170,115,170,0,0,213,99,0,198,99,0,189,87,0,-999.,-999.,-999.,-999.,279.00,135.00,0,-999.,-999.,-999.,213.00,135.00,0,1.5367,0,1.4134,0,1.4317,0,-999.,-999.
2020,2,17,ARD2,70.66,53.49,60.37,55.38,40.62,49.37,98.01,34.63,72.03,6.14,60.52,2.92,0.00,-996.00,-996.00,8,21.20,12,10.95,15.82,1.32,8.86,2.85,21.12,12.74,0.00,6.84,2.60,28.96,28.80,28.84,29.77,807.00,16.91,0.00,0,0.00,55.83,49.55,52.11,59.81,49.42,53.58,60.73,49.50,53.84,-999.,-999.,-999.,51.75,49.39,50.16,-999.,-999.,-999.,50.40,48.92,49.55,155,1,0,46,177,0,77,181,0,0,0,999,288,999,288,288,77,0,149,0,5,113,220,112,0,0,213,108,0,195,102,0,186,6,0,-999.,-999.,-999.,-999.,282.00,120.00,0,-999.,-999.,-999.,225.00,6.00,0,1.5308,0,1.4125,0,1.4317,0,-999.,-999.
2020,2,18,ARD2,59.95,39.93,50.50,50.33,27.78,34.64,88.71,36.22,56.29,5.64,50.23,15.06,0.00,-996.00,34.76,1,82.99,2,14.93,19.66,5.79,12.41,3.38,30.62,16.25,3.68,10.08,2.96,29.39,28.96,29.19,30.12,691.82,11.21,0.00,0,0.00,52.83,49.01,51.15,53.24,45.93,50.33,55.35,47.43,51.44,-999.,-999.,-999.,51.76,50.90,51.44,-999.,-999.,-999.,51.28,50.11,50.64,177,288,0,30,132,0,21,177,0,0,0,999,288,286,155,287,2,0,169,0,0,122,12,119,0,0,3,288,0,198,288,0,192,288,0,-999.,-999.,-999.,-999.,6.00,177.00,0,-999.,-999.,-999.,219.00,3.00,0,1.5372,0,1.4112,0,1.4308,0,-999.,-999.
2020,2,19,ARD2,55.24,33.19,45.33,36.37,23.87,28.99,80.77,32.87,54.89,5.24,45.36,20.79,0.00,-996.00,27.63,2,27.34,4,25.54,12.87,1.16,6.97,2.37,17.68,10.18,0.00,5.09,2.40,29.43,29.29,29.36,30.30,651.35,13.42,0.00,0,0.00,50.38,44.81,47.95,50.83,39.96,45.70,53.89,43.08,48.42,-999.,-999.,-999.,51.35,49.37,50.13,-999.,-999.,-999.,51.26,50.67,51.03,173,89,0,258,147,0,90,173,0,0,0,999,288,75,115,106,196,0,170,0,10,112,254,110,0,0,210,108,0,198,102,0,180,102,0,-999.,-999.,-999.,-999.,3.00,156.00,0,-999.,-999.,-999.,183.00,102.00,0,1.5477,0,1.4158,0,1.4299,0,-999.,-999.
2020,2,20,ARD2,49.23,30.81,41.40,39.16,23.85,30.22,85.82,52.26,64.68,3.22,41.22,24.98,0.00,-996.00,25.02,1,56.29,0,20.28,17.21,1.37,9.54,3.72,26.60,14.31,0.00,7.55,3.46,29.75,29.33,29.58,30.52,829.94,14.69,0.04,4,0.12,50.34,45.87,48.36,50.36,41.45,46.51,53.51,43.65,48.64,-999.,-999.,-999.,50.36,49.53,49.99,-999.,-999.,-999.,51.31,50.67,50.99,142,288,0,28,288,0,27,1,0,0,0,999,288,286,2,288,1,0,142,0,2,156,24,154,0,0,198,288,0,195,288,0,168,288,0,-999.,-999.,-999.,-999.,15.00,144.00,0,-999.,-999.,-999.,222.00,120.00,0,1.5473,0,1.4175,0,1.4289,0,-999.,-999.
2020,2,21,ARD2,47.71,21.46,35.06,24.28,12.03,18.85,86.54,23.90,55.84,3.68,35.39,30.41,0.00,-996.00,14.75,1,20.15,0,18.66,7.28,0.36,4.52,1.31,10.67,6.08,0.00,2.97,1.49,29.77,29.47,29.65,30.60,806.79,19.75,0.00,0,0.00,49.17,41.09,45.02,50.72,36.62,42.54,53.94,38.63,45.40,-999.,-999.,-999.,49.93,47.46,48.50,-999.,-999.,-999.,51.37,50.27,50.74,200,85,0,288,194,0,83,194,0,0,0,999,288,85,37,110,288,0,153,0,20,128,189,128,0,0,210,114,0,201,114,0,183,105,0,-999.,-999.,-999.,-999.,3.00,171.00,0,-999.,-999.,-999.,219.00,105.00,0,1.5575,0,1.4190,0,1.4262,0,-999.,-999.
2020,2,22,ARD2,60.40,36.54,47.81,36.47,22.46,31.38,67.81,37.73,53.64,5.69,47.46,16.53,0.00,-996.00,31.49,7,54.51,8,39.58,17.76,3.97,9.75,3.17,24.34,14.61,0.00,8.08,3.02,29.48,29.19,29.32,30.26,859.79,15.83,0.00,0,0.00,50.41,43.44,46.78,52.29,39.62,45.51,54.46,42.58,47.73,-999.,-999.,-999.,49.28,47.62,48.38,-999.,-999.,-999.,50.59,50.05,50.34,179,50,0,233,18,0,85,179,0,0,0,999,288,51,122,12,203,0,149,0,0,171,5,180,0,0,210,102,0,195,102,0,183,90,0,-999.,-999.,-999.,-999.,288.00,132.00,0,-999.,-999.,-999.,210.00,111.00,0,1.5719,0,1.4216,0,1.4305,0,-999.,-999.
2020,2,23,ARD2,57.70,45.59,51.68,56.91,34.46,45.63,99.50,61.37,80.29,2.45,51.50,13.35,0.00,-996.00,41.73,8,62.85,7,35.42,17.85,2.78,10.02,2.50,25.50,14.13,0.00,8.31,2.26,29.20,28.79,29.01,29.94,201.74,3.85,0.00,0,0.00,50.50,47.03,48.60,50.65,45.23,47.87,51.64,46.74,49.29,-999.,-999.,-999.,49.77,48.90,49.23,-999.,-999.,-999.,50.43,50.22,50.33,288,66,0,284,2,0,272,2,0,0,0,999,288,15,173,1,288,0,120,0,0,281,65,281,0,0,288,96,0,288,84,0,288,78,0,-999.,-999.,-999.,-999.,288.00,141.00,0,-999.,-999.,-999.,213.00,123.00,0,1.6012,0,1.4223,0,1.4349,0,-999.,-999.
2020,2,24,ARD2,57.92,42.96,51.13,56.44,37.84,42.64,95.74,59.26,72.94,3.46,51.36,14.56,0.00,-996.00,39.19,11,24.47,15,18.09,24.34,1.28,12.97,5.66,35.23,17.90,0.00,9.74,4.60,28.94,28.73,28.81,29.74,540.88,6.73,0.00,0,0.00,50.81,48.56,49.93,51.22,46.92,49.42,52.21,47.44,50.21,-999.,-999.,-999.,50.49,49.78,50.14,-999.,-999.,-999.,51.04,50.31,50.64,11,288,0,1,287,0,1,195,0,0,0,999,288,85,188,285,55,0,161,0,6,58,267,58,0,0,27,111,0,213,111,0,201,288,0,-999.,-999.,-999.,-999.,270.00,3.00,0,-999.,-999.,-999.,228.00,111.00,0,1.5967,0,1.4229,0,1.4369,0,-999.,-999.
2020,2,25,ARD2,57.20,38.38,46.96,40.19,23.73,33.41,89.07,32.00,62.62,4.56,46.75,17.21,0.00,-996.00,31.07,14,45.14,15,23.61,16.50,2.44,8.76,3.32,25.50,13.24,0.33,6.76,2.96,29.23,28.93,29.05,29.99,872.21,16.80,0.00,0,0.00,52.29,46.49,48.93,56.21,44.18,48.90,56.62,45.74,49.54,-999.,-999.,-999.,50.61,49.21,49.92,-999.,-999.,-999.,51.30,50.52,50.85,172,274,0,110,228,0,78,202,0,0,0,999,288,288,98,286,35,0,137,0,0,185,30,184,0,0,201,105,0,201,105,0,180,84,0,-999.,-999.,-999.,-999.,261.00,129.00,0,-999.,-999.,-999.,225.00,129.00,0,1.6321,0,1.4207,0,1.4353,0,-999.,-999.
2020,2,26,ARD2,45.51,28.62,37.69,34.56,17.00,24.37,94.43,34.23,61.01,3.17,37.56,27.94,0.00,-996.00,24.89,15,63.88,14,31.56,16.02,0.00,9.95,4.27,29.89,13.19,0.00,7.93,3.68,29.50,29.23,29.42,30.36,915.06,18.65,0.04,4,0.12,49.37,44.88,46.90,52.00,41.92,46.22,53.22,42.54,46.91,-999.,-999.,-999.,50.38,48.74,49.44,-999.,-999.,-999.,51.33,50.63,50.88,179,285,0,30,208,0,38,199,0,0,0,999,288,82,33,141,1,0,147,0,25,115,284,60,0,0,201,108,0,201,108,0,177,288,0,-999.,-999.,-999.,-999.,3.00,171.00,0,-999.,-999.,-999.,225.00,108.00,0,1.6634,0,1.4216,0,1.4294,0,-999.,-999.
2020,2,27,ARD2,60.96,24.13,42.28,27.89,18.09,21.83,84.13,19.26,49.78,6.15,43.78,22.45,0.00,-996.00,18.07,9,39.05,10,30.66,16.67,0.00,6.90,3.41,23.17,13.49,0.00,4.96,3.14,29.44,29.22,29.33,30.27,820.36,20.13,0.00,0,0.00,49.91,40.75,45.13,55.27,37.05,45.27,54.73,38.78,45.70,-999.,-999.,-999.,49.17,46.96,48.00,-999.,-999.,-999.,51.12,50.11,50.55,195,40,0,266,203,0,44,196,0,0,0,999,288,49,131,1,201,0,151,0,14,133,5,139,0,0,213,105,0,210,105,0,189,99,0,-999.,-999.,-999.,-999.,3.00,156.00,0,-999.,-999.,-999.,225.00,102.00,0,1.7097,0,1.4231,0,1.4324,0,-999.,-999.
2020,2,28,ARD2,64.38,34.89,49.33,34.51,24.76,30.30,87.35,24.35,51.79,6.87,50.68,15.36,0.00,-996.00,30.53,12,21.07,11,18.93,13.23,1.55,6.12,2.57,19.66,10.12,0.00,4.06,2.45,29.43,29.27,29.35,30.29,828.99,20.50,0.00,0,0.00,52.59,43.07,47.59,59.74,41.21,49.71,58.21,41.62,48.71,-999.,-999.,-999.,49.73,47.43,48.45,-999.,-999.,-999.,50.76,49.75,50.25,190,83,0,112,151,0,85,172,0,0,0,999,288,83,132,130,1,0,152,0,8,199,283,187,0,0,207,105,0,204,102,0,183,96,0,-999.,-999.,-999.,-999.,285.00,156.00,0,-999.,-999.,-999.,222.00,102.00,0,1.7871,0,1.4257,0,1.4305,0,-999.,-999.
2020,2,29,ARD2,75.94,34.98,57.34,41.40,26.16,31.31,84.49,16.85,42.21,11.61,58.69,9.54,0.00,-996.00,31.04,-996,-999.00,-996,-999.00,19.39,0.00,8.93,5.53,33.11,15.77,0.00,6.90,5.32,29.33,28.99,29.16,30.10,958.79,17.33,0.00,0,0.00,53.55,44.35,49.13,61.09,43.61,52.21,57.56,43.28,50.02,-999.,-999.,-999.,50.54,48.34,49.30,-999.,-999.,-999.,50.70,49.59,50.30,173,76,0,288,170,0,77,172,0,0,0,999,288,76,259,1,288,0,172,0,49,196,35,194,0,0,207,105,0,204,102,0,189,93,0,-999.,-999.,-999.,-999.,285.00,138.00,0,-999.,-999.,-999.,207.00,105.00,0,1.8657,0,1.4238,0,1.4314,0,-999.,-999.
2020,3,1,ARD2,77.59,55.99,64.63,56.10,41.73,51.33,84.44,37.57,64.33,8.48,64.16,0.00,1.79,-996.00,-996.00,8,84.38,9,15.62,21.85,8.44,15.84,3.12,32.30,18.30,6.99,13.12,2.60,28.98,28.74,28.84,29.77,827.58,19.57,0.00,0,0.00,58.06,50.54,53.74,66.88,52.74,58.66,62.62,50.52,55.55,-999.,-999.,-999.,53.17,50.43,51.29,-999.,-999.,-999.,51.33,50.40,50.75,186,50,0,283,1,0,288,181,0,0,0,999,288,999,288,1,193,0,155,0,0,103,250,61,0,0,213,60,0,204,99,0,183,54,0,-999.,-999.,-999.,-999.,288.00,114.00,0,-999.,-999.,-999.,225.00,114.00,0,1.9150,0,1.4255,0,1.4358,0,-999.,-999.
2020,3,2,ARD2,64.29,49.21,57.29,56.08,41.57,48.48,97.82,46.67,73.98,4.37,57.77,8.25,0.00,-996.00,-996.00,8,24.56,13,19.93,12.18,0.45,6.27,2.34,18.79,9.75,0.00,4.45,2.35,28.90,28.78,28.83,29.76,922.43,12.80,0.00,0,0.00,58.30,53.47,55.58,63.86,55.20,59.02,61.70,53.08,56.49,-999.,-999.,-999.,54.43,52.92,53.53,-999.,-999.,-999.,52.34,51.17,51.73,197,282,0,5,282,0,94,197,0,0,0,999,288,999,288,129,41,0,144,0,7,3,288,5,0,0,210,108,0,207,108,0,180,288,0,-999.,-999.,-999.,-999.,264.00,156.00,0,-999.,-999.,-999.,225.00,3.00,0,1.9631,0,1.4240,0,1.4346,0,-999.,-999.
2020,3,3,ARD2,66.29,46.08,54.60,51.29,38.36,43.72,93.72,36.53,69.68,5.15,55.20,8.81,0.00,-996.00,43.08,3,40.00,4,19.62,12.65,0.00,5.65,2.70,17.03,10.11,0.00,3.59,2.81,29.00,28.81,28.91,29.84,716.91,9.78,0.05,5,0.12,56.17,51.82,53.89,61.27,52.41,56.34,59.11,51.04,54.33,-999.,-999.,-999.,54.37,53.08,53.66,-999.,-999.,-999.,52.99,52.25,52.61,185,73,0,265,166,0,279,186,0,0,0,999,288,82,216,268,42,0,175,0,28,174,234,187,0,0,210,102,0,204,102,0,192,93,0,-999.,-999.,-999.,-999.,3.00,159.00,0,-999.,-999.,-999.,195.00,18.00,0,2.0135,0,1.4238,0,1.4365,0,-999.,-999.
2020,3,4,ARD2,57.74,48.15,53.36,51.08,30.23,41.24,96.26,37.43,66.30,4.84,53.85,12.06,0.00,-996.00,46.13,1,24.62,0,15.91,10.63,0.39,5.21,2.20,16.44,8.63,0.00,3.47,2.15,29.18,28.96,29.05,29.99,196.77,3.16,0.04,4,0.12,54.52,51.89,53.28,56.57,51.03,53.80,54.52,50.74,53.17,-999.,-999.,-999.,53.98,53.44,53.68,-999.,-999.,-999.,53.37,52.83,53.06,204,273,0,52,235,0,48,226,0,0,0,999,288,281,280,271,2,0,179,0,24,240,116,240,0,0,3,288,0,3,288,0,186,288,0,-999.,-999.,-999.,-999.,3.00,288.00,0,-999.,-999.,-999.,276.00,9.00,0,1.9827,0,1.4225,0,1.4383,0,-999.,-999.
2020,3,5,ARD2,71.58,36.89,55.04,38.71,20.74,31.40,85.31,20.88,44.96,9.72,55.65,10.77,0.00,-996.00,31.88,0,32.35,15,15.81,15.28,0.00,6.54,3.59,23.96,12.58,0.00,4.34,3.77,29.50,29.16,29.30,30.24,856.96,21.72,0.00,0,0.00,57.27,47.48,52.48,63.88,44.98,54.07,62.73,45.64,53.35,-999.,-999.,-999.,53.92,51.71,52.83,-999.,-999.,-999.,53.62,52.54,53.16,182,86,0,109,237,0,58,183,0,0,0,999,288,86,209,288,38,0,148,0,16,183,49,186,0,0,207,102,0,204,99,0,183,93,0,-999.,-999.,-999.,-999.,267.00,153.00,0,-999.,-999.,-999.,225.00,102.00,0,1.8823,0,1.4218,0,1.4314,0,-999.,-999.
2020,3,6,ARD2,66.69,37.06,52.13,26.07,14.37,21.19,58.58,13.56,32.08,10.03,53.15,13.13,0.00,-996.00,31.77,2,16.20,3,14.08,11.93,1.55,5.95,2.14,20.18,9.99,0.00,3.54,2.92,29.62,29.46,29.53,30.47,868.95,22.19,0.00,0,0.00,56.59,47.30,51.89,64.85,46.30,55.08,62.22,45.17,52.42,-999.,-999.,-999.,53.83,51.66,52.80,-999.,-999.,-999.,53.89,52.61,53.14,184,87,0,279,190,0,91,190,0,0,0,999,288,88,169,137,225,0,150,0,4,105,62,127,0,0,210,102,0,204,102,0,180,93,0,-999.,-999.,-999.,-999.,3.00,156.00,0,-999.,-999.,-999.,225.00,102.00,0,1.9141,0,1.4231,0,1.4299,0,-999.,-999.
2020,3,7,ARD2,65.79,35.55,52.39,33.78,17.74,28.17,84.46,21.25,42.77,8.94,53.46,14.33,0.00,-996.00,32.42,7,48.35,6,17.95,18.72,0.80,9.31,4.97,27.40,16.34,0.00,7.08,5.42,29.47,29.29,29.39,30.33,897.04,20.29,0.00,0,0.00,55.76,47.23,51.62,62.96,47.34,55.13,59.61,45.41,51.83,-999.,-999.,-999.,53.47,51.60,52.49,-999.,-999.,-999.,53.51,52.43,53.08,168,73,0,29,16,0,75,150,0,0,0,999,288,73,231,107,231,0,151,0,15,169,44,157,0,0,216,102,0,195,102,0,180,93,0,-999.,-999.,-999.,-999.,3.00,150.00,0,-999.,-999.,-999.,222.00,102.00,0,2.0020,0,1.4255,0,1.4296,0,-999.,-999.
2020,3,8,ARD2,62.31,43.84,54.63,51.56,29.99,45.14,84.83,45.65,70.67,4.38,54.55,11.93,0.00,-996.00,39.46,7,53.82,8,23.26,16.93,5.73,10.67,2.73,24.11,14.53,4.35,8.93,2.53,29.33,29.11,29.24,30.18,340.60,5.85,0.00,0,0.00,53.69,49.32,51.75,57.00,50.22,54.04,55.24,47.86,51.90,-999.,-999.,-999.,53.08,51.93,52.43,-999.,-999.,-999.,53.17,52.92,53.05,277,60,0,230,1,0,84,1,0,0,0,999,288,63,190,7,288,0,171,0,0,277,32,277,0,0,225,90,0,204,90,0,192,78,0,-999.,-999.,-999.,-999.,6.00,156.00,0,-999.,-999.,-999.,15.00,87.00,0,2.0737,0,1.4272,0,1.4287,0,-999.,-999.
2020,3,9,ARD2,78.66,48.79,64.27,60.54,42.30,53.41,95.80,35.98,70.55,7.14,64.29,1.27,0.00,-996.00,46.90,8,31.94,9,13.19,22.41,2.50,13.65,4.69,35.52,18.34,0.00,10.67,4.40,29.31,29.04,29.12,30.05,974.32,15.97,0.11,9,0.24,60.60,53.55,56.54,66.18,55.80,59.69,65.17,54.03,58.29,-999.,-999.,-999.,55.78,52.84,53.92,-999.,-999.,-999.,53.74,52.88,53.21,187,284,0,137,283,0,63,186,0,0,0,999,288,288,281,288,177,0,157,0,0,124,276,159,0,0,213,3,0,201,9,0,186,3,0,-999.,-999.,-999.,-999.,276.00,3.00,0,-999.,-999.,-999.,237.00,126.00,0,2.0343,0,1.4262,0,1.4301,0,-999.,-999.
2020,3,10,ARD2,76.35,38.83,58.80,60.86,36.90,47.35,95.77,36.42,69.44,7.00,58.88,7.41,0.00,-996.00,36.27,7,23.32,2,19.43,11.89,1.12,6.97,1.87,16.44,10.07,0.00,5.28,2.25,29.34,29.13,29.25,30.19,862.28,21.77,0.00,0,0.00,61.59,51.31,56.50,69.40,50.61,59.83,67.23,49.66,57.81,-999.,-999.,-999.,56.50,53.98,55.15,-999.,-999.,-999.,54.43,53.37,53.82,205,74,0,288,74,0,83,178,0,0,0,999,288,76,183,125,288,0,152,0,5,196,72,189,0,0,213,105,0,204,102,0,180,87,0,-999.,-999.,-999.,-999.,285.00,150.00,0,-999.,-999.,-999.,222.00,105.00,0,1.9747,0,1.4246,0,1.4283,0,-999.,-999.
2020,3,11,ARD2,75.83,58.48,67.85,61.84,47.51,55.47,96.23,38.53,67.70,8.33,69.21,0.00,2.15,-996.00,-996.00,-996,-999.00,-996,-999.00,16.07,0.00,7.65,3.87,26.31,11.80,0.00,5.36,3.26,29.12,28.90,29.01,29.94,730.89,14.87,0.00,0,0.00,64.13,57.67,60.37,70.92,59.74,64.51,68.43,57.74,61.85,-999.,-999.,-999.,58.55,56.43,57.09,-999.,-999.,-999.,55.22,54.12,54.59,188,285,0,102,256,0,61,210,0,0,0,999,288,999,288,1,288,0,143,0,35,115,233,103,0,0,213,96,0,207,96,0,183,78,0,-999.,-999.,-999.,-999.,282.00,117.00,0,-999.,-999.,-999.,225.00,3.00,0,1.9639,0,1.4244,0,1.4294,0,-999.,-999.
2020,3,12,ARD2,84.58,60.87,72.48,63.32,42.02,55.90,89.24,34.54,58.96,12.30,73.18,0.00,7.72,84.15,-996.00,8,21.20,12,19.43,19.89,0.24,10.16,3.93,27.34,14.32,0.00,7.48,3.47,29.00,28.80,28.86,29.79,869.39,15.74,0.00,0,0.00,66.33,58.98,62.24,74.25,61.23,66.91,71.64,58.68,63.83,-999.,-999.,-999.,60.12,57.74,58.67,-999.,-999.,-999.,56.16,55.02,55.56,157,3,0,119,276,0,44,258,0,0,0,157,230,999,288,276,177,0,141,0,5,125,232,125,0,0,192,99,0,189,96,0,165,24,0,-999.,-999.,-999.,-999.,282.00,114.00,0,-999.,-999.,-999.,285.00,12.00,0,1.9821,0,1.4238,0,1.4314,0,-999.,-999.
2020,3,13,ARD2,67.39,47.05,53.47,53.59,45.10,49.37,99.32,45.43,87.59,2.10,53.38,7.78,0.00,-996.00,41.03,2,38.89,4,27.08,21.52,2.34,13.12,2.77,29.01,16.37,1.33,10.22,2.13,29.21,29.00,29.11,30.04,290.21,2.80,1.07,47,1.92,62.74,55.90,58.65,66.99,54.88,59.89,61.86,54.46,57.72,-999.,-999.,-999.,60.19,57.70,59.00,-999.,-999.,-999.,56.93,56.16,56.62,1,280,0,183,29,0,288,1,0,0,0,999,288,271,251,113,5,0,131,0,0,232,206,232,0,0,3,288,0,3,288,0,3,288,0,-999.,-999.,-999.,-999.,36.00,288.00,0,-999.,-999.,-999.,264.00,3.00,0,1.8847,0,1.4203,0,1.4273,0,-999.,-999.
2020,3,14,ARD2,54.72,47.26,50.18,53.19,46.23,49.14,99.75,89.42,96.28,0.48,49.84,14.01,0.00,-996.00,42.09,1,46.32,5,14.74,17.39,1.43,7.43,2.31,28.66,13.20,0.00,5.75,1.97,29.36,29.09,29.22,30.15,346.54,3.36,0.44,28,0.96,56.05,54.27,55.07,56.64,53.02,54.39,57.20,53.65,54.86,-999.,-999.,-999.,57.67,56.10,56.61,-999.,-999.,-999.,56.82,56.44,56.67,194,1,0,174,287,0,75,287,0,0,0,999,288,8,131,284,83,0,142,0,3,92,90,92,0,0,219,144,0,213,117,0,198,111,0,-999.,-999.,-999.,-999.,3.00,177.00,0,-999.,-999.,-999.,3.00,282.00,0,1.5379,0,1.4149,0,1.4201,0,-999.,-999.
2020,3,15,ARD2,52.14,45.28,48.81,50.10,43.21,46.39,99.49,85.00,91.41,1.01,48.41,16.29,0.00,-996.00,40.19,1,44.10,2,32.29,14.90,2.29,8.71,1.88,19.95,12.58,0.55,7.02,1.76,29.46,29.29,29.38,30.32,392.02,5.47,0.08,7,0.24,54.81,52.66,53.84,54.66,50.27,52.82,56.17,52.12,54.08,-999.,-999.,-999.,56.26,55.18,55.57,-999.,-999.,-999.,56.44,55.94,56.20,196,83,0,284,51,0,288,170,0,0,0,999,288,92,91,120,276,0,124,0,0,153,286,143,0,0,3,108,0,204,102,0,186,90,0,-999.,-999.,-999.,-999.,3.00,168.00,0,-999.,-999.,-999.,3.00,285.00,0,1.5374,0,1.4151,0,1.4187,0,-999.,-999.
2020,3,16,ARD2,56.86,49.35,52.84,55.67,49.01,52.39,99.99,93.48,98.40,0.23,52.41,11.89,0.00,-996.00,46.07,4,28.47,5,23.96,15.77,3.06,6.42,1.89,21.05,11.79,0.56,4.80,1.60,29.28,29.15,29.21,30.15,499.02,6.47,0.05,5,0.12,57.31,53.15,54.98,58.75,52.36,54.96,59.59,53.08,55.91,-999.,-999.,-999.,55.99,54.79,55.27,-999.,-999.,-999.,55.94,55.62,55.77,169,48,0,207,39,0,288,170,0,0,0,999,288,33,216,1,195,0,140,0,0,7,68,7,0,0,219,102,0,219,108,0,177,87,0,-999.,-999.,-999.,-999.,288.00,144.00,0,-999.,-999.,-999.,3.00,144.00,0,1.5333,0,1.4136,0,1.4207,0,-999.,-999.
2020,3,17,ARD2,59.85,51.85,55.41,59.62,51.85,55.04,100.00,91.71,98.69,0.21,55.14,9.15,0.00,-996.00,-996.00,3,49.65,4,18.18,16.01,1.00,9.40,2.98,22.73,12.02,0.00,7.09,2.42,29.25,29.01,29.16,30.09,320.55,4.02,0.82,28,1.32,56.88,55.18,56.16,58.21,54.52,56.44,58.24,55.09,56.68,-999.,-999.,-999.,56.30,55.81,56.03,-999.,-999.,-999.,55.83,55.62,55.72,288,83,0,288,83,0,2,156,0,0,0,999,288,999,288,121,288,0,146,0,2,252,263,252,0,0,198,108,0,201,108,0,171,96,0,-999.,-999.,-999.,-999.,276.00,141.00,0,-999.,-999.,-999.,276.00,3.00,0,1.5323,0,1.4132,0,1.4203,0,-999.,-999.
2020,3,18,ARD2,77.32,59.25,67.29,68.27,58.54,63.69,99.11,68.68,89.00,3.02,67.19,0.00,3.29,-996.00,-996.00,8,45.49,7,35.42,21.14,2.96,10.04,2.93,31.43,18.50,1.08,8.24,2.68,29.05,28.94,28.99,29.92,711.65,11.44,0.51,43,0.24,63.99,56.75,60.01,67.64,57.18,61.58,67.69,57.15,62.03,-999.,-999.,-999.,59.31,56.28,57.18,-999.,-999.,-999.,56.35,55.56,55.94,183,24,0,172,21,0,1,193,0,0,0,999,288,999,288,130,211,0,161,0,0,268,32,267,0,0,222,3,0,222,42,0,192,27,0,-999.,-999.,-999.,-999.,288.00,3.00,0,-999.,-999.,-999.,288.00,117.00,0,1.5209,0,1.4110,0,1.4196,0,-999.,-999.
2020,3,19,ARD2,76.05,60.55,67.78,65.92,52.70,62.07,98.31,46.02,83.33,4.31,68.01,0.00,3.30,-996.00,-996.00,8,35.76,9,29.86,23.80,3.59,11.18,4.42,35.59,18.61,1.99,8.72,3.65,29.08,28.89,28.94,29.87,792.99,11.70,0.67,19,2.76,65.55,61.66,63.34,69.69,62.92,65.73,68.63,61.68,64.44,-999.,-999.,-999.,61.12,59.32,60.06,-999.,-999.,-999.,57.49,56.21,56.83,195,287,0,146,208,0,55,207,0,0,0,999,288,999,288,287,179,0,182,0,0,152,47,139,0,0,213,105,0,213,105,0,201,288,0,-999.,-999.,-999.,-999.,267.00,3.00,0,-999.,-999.,-999.,225.00,15.00,0,1.5114,0,1.4062,0,1.4189,0,-999.,-999.
2020,3,20,ARD2,61.07,38.03,46.55,59.16,34.43,38.65,94.92,50.71,74.23,2.90,46.75,15.45,0.00,-996.00,34.31,15,30.25,0,25.27,15.57,1.89,8.70,3.36,26.82,12.69,0.00,6.63,3.49,29.51,29.08,29.37,30.31,396.29,7.53,0.00,0,0.00,62.55,52.72,57.37,64.00,50.38,56.94,61.54,49.98,55.94,-999.,-999.,-999.,61.11,57.72,59.50,-999.,-999.,-999.,58.24,57.45,57.87,23,288,0,1,172,0,1,31,0,0,0,999,288,286,73,279,1,0,156,0,7,152,262,58,0,0,3,288,0,3,288,0,3,288,0,-999.,-999.,-999.,-999.,3.00,288.00,0,-999.,-999.,-999.,231.00,3.00,0,1.5199,0,1.4049,0,1.4187,0,-999.,-999.
2020,3,21,ARD2,58.26,34.50,46.42,46.47,30.91,38.60,93.70,52.18,75.35,3.10,46.15,18.62,0.00,-996.00,28.57,1,24.39,5,18.12,15.89,1.72,7.97,2.64,22.37,12.12,0.72,6.06,2.33,29.53,29.22,29.39,30.34,932.67,21.75,0.07,4,0.36,58.33,48.47,53.29,60.57,45.27,52.58,64.65,46.65,54.38,-999.,-999.,-999.,57.67,54.79,56.05,-999.,-999.,-999.,57.90,56.95,57.45,192,63,0,283,84,0,15,181,0,0,0,999,288,77,125,111,241,0,165,0,1,191,288,191,0,0,207,99,0,204,99,0,177,84,0,-999.,-999.,-999.,-999.,3.00,153.00,0,-999.,-999.,-999.,3.00,273.00,0,1.5308,0,1.4088,0,1.4164,0,-999.,-999.
2020,3,22,ARD2,57.13,48.04,52.66,55.86,46.31,51.91,99.58,90.51,97.32,0.38,52.31,12.42,0.00,-996.00,45.66,7,41.11,6,18.52,8.11,0.00,4.86,1.61,11.69,6.96,0.00,3.78,1.76,29.25,29.08,29.16,30.10,286.33,4.92,0.36,19,0.72,57.13,53.82,55.42,57.51,53.02,55.01,58.80,53.51,55.99,-999.,-999.,-999.,56.79,55.94,56.35,-999.,-999.,-999.,56.95,56.66,56.79,184,22,0,277,1,0,288,189,0,0,0,999,288,66,210,5,208,0,140,0,18,114,35,182,0,0,213,96,0,216,99,0,192,84,0,-999.,-999.,-999.,-999.,3.00,141.00,0,-999.,-999.,-999.,3.00,267.00,0,1.5269,0,1.4067,0,1.4201,0,-999.,-999.
2020,3,23,ARD2,64.99,54.03,58.95,62.19,54.03,57.44,100.00,80.31,95.04,0.99,58.70,5.49,0.00,-996.00,-996.00,5,48.61,4,25.35,14.56,3.21,6.97,2.50,19.37,10.98,1.61,5.06,2.04,29.17,28.94,29.07,30.00,482.79,7.43,0.01,1,0.12,60.53,56.05,58.05,61.99,55.85,58.41,63.21,56.14,59.31,-999.,-999.,-999.,58.15,56.57,57.05,-999.,-999.,-999.,56.79,56.55,56.68,203,74,0,155,74,0,43,165,0,0,0,999,288,999,288,131,288,0,163,0,0,212,33,212,0,0,219,93,0,228,99,0,183,84,0,-999.,-999.,-999.,-999.,285.00,132.00,0,-999.,-999.,-999.,189.00,132.00,0,1.5201,0,1.4062,0,1.4203,0,-999.,-999.
2020,3,24,ARD2,79.38,54.32,67.48,65.13,50.08,58.50,99.80,41.00,75.87,6.62,67.70,0.00,1.85,-996.00,-996.00,0,17.07,12,9.76,14.56,1.79,7.12,2.69,20.98,9.61,0.00,4.91,2.60,29.00,28.81,28.90,29.83,1061.74,22.97,0.02,2,0.12,68.02,59.34,62.90,72.88,59.99,64.89,74.34,59.86,64.96,-999.,-999.,-999.,61.50,58.17,59.27,-999.,-999.,-999.,57.74,56.70,57.07,172,282,0,76,282,0,36,180,0,0,0,999,288,999,288,277,64,0,153,0,1,101,280,101,0,0,195,102,0,210,96,0,183,33,0,-999.,-999.,-999.,-999.,276.00,3.00,0,-999.,-999.,-999.,228.00,99.00,0,1.5092,0,1.4041,0,1.4232,0,-999.,-999.
2020,3,25,ARD2,87.21,50.18,69.35,62.81,41.83,53.78,97.54,21.09,64.01,12.08,70.30,0.00,3.69,84.20,-996.00,8,28.57,9,22.14,18.90,0.63,8.94,4.73,26.60,15.16,0.00,6.49,4.71,28.99,28.80,28.90,29.82,1014.44,24.59,0.00,0,0.00,67.19,57.34,62.48,69.98,56.64,63.61,72.81,55.51,63.66,-999.,-999.,-999.,61.99,59.56,60.73,-999.,-999.,-999.,58.80,57.47,58.03,191,78,0,277,200,0,57,200,0,0,0,184,215,999,288,1,220,0,153,0,8,156,79,150,0,0,210,102,0,198,96,0,183,87,0,-999.,-999.,-999.,-999.,276.00,153.00,0,-999.,-999.,-999.,231.00,96.00,0,1.5183,0,1.4032,0,1.4237,0,-999.,-999.
2020,3,26,ARD2,91.35,65.26,76.57,68.93,62.39,65.49,94.84,46.10,70.68,10.74,76.40,0.00,13.31,95.47,-996.00,8,52.43,9,30.21,17.86,7.28,12.32,2.19,25.86,14.15,6.24,9.91,1.85,28.86,28.71,28.78,29.71,970.81,22.70,0.00,0,0.00,72.23,62.37,66.85,75.42,62.47,68.28,78.62,62.26,69.04,-999.,-999.,-999.,64.74,61.48,62.62,-999.,-999.,-999.,59.56,58.42,58.90,170,79,0,179,6,0,82,169,0,0,0,170,192,999,288,119,218,0,130,0,0,8,159,15,0,0,204,99,0,198,93,0,177,87,0,-999.,-999.,-999.,-999.,285.00,117.00,0,-999.,-999.,-999.,228.00,3.00,0,1.5114,0,1.4017,0,1.4271,0,-999.,-999.
2020,3,27,ARD2,75.16,68.70,71.53,67.42,63.53,65.60,91.84,71.56,81.79,4.88,71.49,0.00,6.93,-996.00,-996.00,8,72.57,9,18.06,18.37,3.98,10.35,3.36,26.37,15.24,2.50,8.25,2.88,28.79,28.69,28.75,29.67,384.98,6.33,0.00,0,0.00,68.23,66.15,67.03,68.56,66.16,67.39,69.04,65.89,67.43,-999.,-999.,-999.,64.78,64.22,64.48,-999.,-999.,-999.,60.66,59.45,60.15,202,84,0,51,127,0,67,206,0,0,0,999,288,999,288,133,181,0,121,0,0,102,232,151,0,0,3,99,0,3,288,0,174,288,0,-999.,-999.,-999.,-999.,12.00,141.00,0,-999.,-999.,-999.,279.00,3.00,0,1.5246,0,1.4034,0,1.4299,0,-999.,-999.
2020,3,28,ARD2,72.54,54.75,66.76,67.14,28.63,43.02,89.14,22.52,46.27,11.90,67.47,1.36,0.00,-996.00,-996.00,12,39.24,11,18.40,21.77,4.64,12.19,4.52,31.72,14.75,0.00,8.41,3.45,29.09,28.67,28.86,29.79,981.00,23.11,0.00,0,0.00,68.20,62.02,65.63,70.29,61.34,65.99,72.41,59.36,66.00,-999.,-999.,-999.,64.62,63.70,64.19,-999.,-999.,-999.,61.57,60.57,61.03,27,256,0,5,140,0,68,139,0,0,0,999,288,999,288,288,48,0,150,0,0,154,266,110,0,0,198,288,0,204,288,0,174,288,0,-999.,-999.,-999.,-999.,231.00,171.00,0,-999.,-999.,-999.,228.00,117.00,0,1.5488,0,1.4071,0,1.4285,0,-999.,-999.
2020,3,29,ARD2,74.23,45.67,60.13,46.76,30.53,37.85,75.29,22.37,46.94,10.74,60.57,5.05,0.00,-996.00,42.82,7,19.78,2,18.66,11.42,0.33,4.67,1.66,17.39,9.97,0.00,2.69,1.99,29.28,29.10,29.18,30.12,993.29,23.80,0.00,0,0.00,68.20,56.34,62.25,74.05,54.25,63.54,73.72,54.41,62.99,-999.,-999.,-999.,64.13,61.16,62.51,-999.,-999.,-999.,61.54,60.60,61.19,188,71,0,288,136,0,71,189,0,0,0,999,288,70,235,124,1,0,155,0,20,190,101,190,0,0,204,105,0,204,99,0,183,87,0,-999.,-999.,-999.,-999.,3.00,159.00,0,-999.,-999.,-999.,210.00,105.00,0,1.6421,0,1.4071,0,1.4258,0,-999.,-999.
2020,3,30,ARD2,61.83,50.40,55.63,52.03,45.65,49.24,98.56,58.21,80.32,3.27,55.77,8.89,0.00,-996.00,-996.00,5,35.06,3,21.03,20.85,0.55,8.86,4.27,28.43,15.56,0.00,5.99,3.75,29.19,28.96,29.09,30.02,404.41,-996.00,0.81,28,1.08,63.09,57.79,60.34,64.76,56.79,60.41,61.54,56.34,59.24,-999.,-999.,-999.,63.23,60.60,61.97,-999.,-999.,-999.,61.48,60.85,61.03,138,269,6,104,169,6,238,169,6,6,6,999,288,999,288,83,188,6,136,6,17,141,288,138,6,6,3,288,3,3,288,3,3,288,3,-999.,-999.,-999.,-999.,3.00,288.00,3,-999.,-999.,-999.,177.00,288.00,3,1.6726,2,1.4094,2,1.4247,2,-999.,-999.
2020,3,31,ARD2,65.77,50.79,56.72,50.71,43.17,47.66,97.78,44.55,74.04,4.67,56.74,6.72,0.00,-996.00,-996.00,15,16.25,2,12.64,13.36,0.54,6.04,2.47,21.85,11.45,0.00,4.53,2.48,29.18,29.00,29.09,30.03,1053.72,20.55,0.00,0,0.00,64.92,56.71,59.89,69.98,55.51,60.56,69.51,55.76,60.68,-999.,-999.,-999.,61.32,59.18,60.12,-999.,-999.,-999.,60.85,60.13,60.52,198,11,0,26,195,0,16,195,0,0,0,999,288,999,288,123,8,0,138,0,11,120,2,153,0,0,210,111,0,213,99,0,192,87,0,-999.,-999.,-999.,-999.,273.00,138.00,0,-999.,-999.,-999.,3.00,288.00,0,1.5282,0,1.4071,0,1.4185,0,-999.,-999.
2020,4,1,ARD2,70.32,45.53,59.05,50.48,44.53,47.77,98.02,44.50,68.26,6.26,59.28,7.07,0.00,-996.00,44.61,6,45.45,7,30.30,16.04,0.95,8.83,4.17,24.76,14.02,0.00,6.71,4.16,29.08,28.92,28.99,29.93,991.59,-996.00,0.00,0,0.00,63.73,55.96,60.03,65.28,54.43,59.86,67.71,54.05,60.17,-999.,-999.,-999.,61.23,59.40,60.46,-999.,-999.,-999.,60.30,59.74,60.12,181,76,17,192,76,17,81,163,17,17,17,999,288,78,267,1,207,17,153,17,24,126,71,196,17,17,204,99,7,192,96,7,165,87,7,-999.,-999.,-999.,-999.,12.00,153.00,7,-999.,-999.,-999.,213.00,96.00,7,1.5275,4,1.4053,4,1.4200,4,-999.,-999.
2020,4,2,ARD2,67.26,57.13,62.14,61.34,47.53,56.16,93.11,68.16,80.97,3.60,62.02,2.80,0.00,-996.00,-996.00,7,80.21,6,15.97,17.45,5.96,11.46,2.70,28.50,14.71,4.02,9.46,2.42,28.98,28.89,28.92,29.85,645.80,6.79,0.00,0,0.00,61.75,57.83,59.92,62.22,56.28,59.38,63.72,56.93,60.26,-999.,-999.,-999.,61.02,59.76,60.31,-999.,-999.,-999.,60.15,59.81,60.01,158,2,0,275,8,0,236,18,0,0,0,999,288,999,288,115,183,0,127,0,0,144,288,128,0,0,210,90,0,183,87,0,177,78,0,-999.,-999.,-999.,-999.,3.00,129.00,0,-999.,-999.,-999.,180.00,129.00,0,1.5310,0,1.4051,0,1.4235,0,-999.,-999.
2020,4,3,ARD2,63.95,35.84,42.07,61.40,33.44,40.25,99.65,88.88,93.20,0.62,41.76,15.10,0.00,-996.00,27.92,0,60.81,1,14.29,14.63,0.00,8.81,3.09,23.47,11.56,0.00,6.95,2.81,29.20,28.95,29.11,30.05,258.94,4.56,0.24,13,0.72,61.32,51.78,56.68,61.23,48.29,54.67,61.66,49.33,54.68,-999.,-999.,-999.,61.03,57.63,59.64,-999.,-999.,-999.,60.46,59.67,59.92,2,214,0,24,227,0,47,197,0,0,0,999,288,212,51,269,42,0,131,0,15,59,30,60,0,0,3,288,0,3,288,0,3,288,0,-999.,-999.,-999.,-999.,57.00,288.00,0,-999.,-999.,-999.,57.00,288.00,0,1.5376,0,1.4054,0,1.4214,0,-999.,-999.
2020,4,4,ARD2,47.30,37.08,41.68,41.52,34.07,38.13,96.19,78.44,87.20,1.19,41.22,22.81,0.00,-996.00,31.09,0,33.33,1,27.78,11.06,3.48,6.59,1.58,17.32,9.39,2.18,5.26,1.39,29.19,29.07,29.14,30.08,361.27,6.08,0.00,0,0.00,53.10,50.09,51.49,51.75,46.69,48.95,53.98,48.31,50.77,-999.,-999.,-999.,57.58,55.29,55.97,-999.,-999.,-999.,59.67,58.41,59.08,202,1,0,288,1,0,288,202,0,0,0,999,288,72,0,135,201,0,185,0,0,178,160,177,0,0,225,99,0,219,93,0,210,84,0,-999.,-999.,-999.,-999.,3.00,189.00,0,-999.,-999.,-999.,3.00,288.00,0,1.5453,0,1.4084,0,1.4203,0,-999.,-999.
2020,4,5,ARD2,67.39,42.16,53.04,57.03,41.54,48.86,99.45,63.83,86.73,2.40,52.48,10.23,0.00,-996.00,38.44,6,25.26,7,17.54,10.57,1.66,5.44,2.04,16.81,8.77,0.66,4.26,1.81,29.18,29.05,29.12,30.05,952.63,18.97,0.00,0,0.00,61.79,50.97,55.60,64.47,48.69,55.36,67.26,50.32,57.47,-999.,-999.,-999.,57.88,54.59,55.70,-999.,-999.,-999.,58.41,57.56,57.88,190,83,0,288,46,0,80,191,0,0,0,999,288,82,183,130,203,0,164,0,3,205,72,204,0,0,210,96,0,207,87,0,198,81,0,-999.,-999.,-999.,-999.,288.00,141.00,0,-999.,-999.,-999.,3.00,279.00,0,1.5348,0,1.4082,0,1.4237,0,-999.,-999.
2020,4,6,ARD2,73.27,58.26,64.93,62.45,57.06,59.95,96.68,66.57,84.56,3.59,64.57,0.00,0.77,-996.00,-996.00,8,55.56,7,32.99,15.41,3.72,8.48,2.88,22.08,12.86,2.67,6.97,2.49,29.10,28.97,29.04,29.97,1061.98,12.98,0.00,0,0.00,64.31,58.14,61.00,66.06,57.63,61.46,68.02,58.03,62.43,-999.,-999.,-999.,60.28,57.90,58.69,-999.,-999.,-999.,58.21,57.54,57.83,171,37,0,288,7,0,54,182,0,0,0,999,288,999,288,9,227,0,170,0,0,180,285,179,0,0,210,90,0,198,72,0,189,57,0,-999.,-999.,-999.,-999.,282.00,3.00,0,-999.,-999.,-999.,282.00,108.00,0,1.5288,0,1.4086,0,1.4239,0,-999.,-999.
2020,4,7,ARD2,88.11,63.95,73.53,66.15,55.97,62.61,97.45,35.04,72.18,9.65,73.29,0.00,11.03,87.66,-996.00,8,51.04,9,31.60,14.48,4.60,9.03,1.98,19.28,11.65,3.74,7.04,1.60,29.00,28.85,28.92,29.85,1049.36,20.75,0.00,0,0.00,70.59,61.90,65.42,72.97,61.93,66.41,75.49,62.19,67.33,-999.,-999.,-999.,63.45,60.22,61.27,-999.,-999.,-999.,59.38,58.17,58.66,185,2,0,108,168,0,64,184,0,0,0,188,207,999,288,7,201,0,148,0,0,200,13,116,0,0,210,87,0,204,48,0,180,39,0,-999.,-999.,-999.,-999.,288.00,111.00,0,-999.,-999.,-999.,231.00,3.00,0,1.5273,0,1.4077,0,1.4244,0,-999.,-999.
2020,4,8,ARD2,91.11,60.12,74.81,64.41,47.42,57.47,99.86,24.39,60.40,14.48,76.31,0.00,10.61,89.32,-996.00,9,25.27,10,19.13,15.43,0.00,7.02,3.17,21.85,10.51,0.00,4.40,2.82,28.93,28.80,28.86,29.78,966.34,25.44,0.00,0,0.00,73.58,62.85,67.76,79.95,62.24,69.84,79.18,62.10,68.97,-999.,-999.,-999.,65.37,62.42,63.65,-999.,-999.,-999.,60.75,59.20,59.91,178,60,0,40,288,0,81,176,0,0,0,160,183,999,288,288,206,0,150,0,11,176,239,193,0,0,201,108,0,204,108,0,177,84,0,-999.,-999.,-999.,-999.,276.00,114.00,0,-999.,-999.,-999.,243.00,111.00,0,1.5661,0,1.4067,0,1.4273,0,-999.,-999.
2020,4,9,ARD2,75.54,57.40,66.22,49.39,34.54,42.75,68.13,28.65,43.68,12.82,66.07,0.00,1.47,-996.00,-996.00,2,82.29,1,10.07,18.34,6.58,10.47,2.36,25.43,14.18,4.37,8.21,2.14,29.14,28.93,29.02,29.95,1096.30,19.47,0.00,0,0.00,68.50,62.62,65.54,74.66,62.71,68.32,72.37,60.64,65.19,-999.,-999.,-999.,65.28,63.37,64.25,-999.,-999.,-999.,61.57,60.48,61.13,154,284,0,147,247,0,74,155,0,0,0,999,288,999,288,287,30,0,151,0,0,155,276,154,0,0,192,99,0,189,99,0,171,288,0,-999.,-999.,-999.,-999.,12.00,153.00,0,-999.,-999.,-999.,252.00,3.00,0,1.7165,0,1.4067,0,1.4262,0,-999.,-999.
2020,4,10,ARD2,70.20,47.57,59.08,43.19,29.13,35.14,58.72,26.49,41.80,10.56,58.88,6.12,0.00,-996.00,42.99,6,19.58,2,16.08,14.58,1.69,7.32,2.27,20.54,10.12,1.22,5.46,1.79,29.23,29.01,29.12,30.06,965.99,26.64,0.00,0,0.00,69.58,58.28,63.62,77.16,58.17,67.07,74.48,55.45,63.72,-999.,-999.,-999.,64.08,61.61,62.88,-999.,-999.,-999.,62.06,61.23,61.51,199,75,0,281,104,0,281,206,0,0,0,999,288,76,245,117,275,0,151,0,2,103,175,113,0,0,207,102,0,204,96,0,183,87,0,-999.,-999.,-999.,-999.,3.00,153.00,0,-999.,-999.,-999.,225.00,96.00,0,1.9169,0,1.4077,0,1.4246,0,-999.,-999.
2020,4,11,ARD2,68.76,54.93,59.59,59.37,41.43,52.80,99.06,52.53,79.55,3.65,59.27,3.16,0.00,-996.00,-996.00,8,32.99,7,28.82,15.12,2.97,9.31,2.58,24.40,12.61,2.49,7.41,2.18,29.02,28.71,28.87,29.80,881.95,8.60,0.86,15,3.96,64.02,60.10,62.31,67.15,61.18,64.03,65.97,58.19,61.65,-999.,-999.,-999.,63.55,61.92,62.51,-999.,-999.,-999.,61.90,61.14,61.47,128,71,0,275,6,0,285,6,0,0,0,999,288,999,288,6,259,0,121,0,0,129,271,274,0,0,180,93,0,147,93,0,135,81,0,-999.,-999.,-999.,-999.,3.00,123.00,0,-999.,-999.,-999.,147.00,123.00,0,2.0114,0,1.4090,0,1.4269,0,-999.,-999.
2020,4,12,ARD2,75.11,39.68,58.17,63.48,27.74,51.39,99.28,53.82,79.26,3.48,57.87,7.61,0.00,-996.00,31.84,15,25.69,0,11.11,23.91,2.50,10.52,4.64,39.91,18.54,1.43,7.99,3.83,29.14,28.55,28.71,29.63,1188.46,17.97,0.05,5,0.12,68.49,59.22,63.26,74.23,57.18,64.35,73.08,55.08,63.51,-999.,-999.,-999.,63.61,61.39,62.38,-999.,-999.,-999.,62.17,60.96,61.38,176,288,0,131,288,0,90,178,0,0,0,999,288,288,217,287,141,0,153,0,0,179,80,182,0,0,186,288,0,186,288,0,162,288,0,-999.,-999.,-999.,-999.,228.00,120.00,0,-999.,-999.,-999.,186.00,120.00,0,1.5261,0,1.4051,0,1.4194,0,-999.,-999.
2020,4,13,ARD2,51.12,35.25,41.73,30.51,22.26,25.35,72.00,33.61,53.36,4.47,41.25,21.82,0.00,-996.00,27.06,0,36.46,1,32.99,15.44,3.35,9.64,2.21,27.34,12.95,2.03,7.74,2.03,29.33,29.13,29.24,30.18,1019.62,19.75,0.00,0,0.00,59.23,52.38,55.93,59.18,48.79,53.74,63.73,49.41,54.88,-999.,-999.,-999.,62.94,58.95,60.26,-999.,-999.,-999.,61.50,60.66,61.23,200,57,0,282,131,0,45,198,0,0,0,999,288,76,13,122,2,0,153,0,0,7,279,1,0,0,210,111,0,180,111,0,171,81,0,-999.,-999.,-999.,-999.,3.00,165.00,0,-999.,-999.,-999.,219.00,288.00,0,1.5403,0,1.4041,0,1.4182,0,-999.,-999.
2020,4,14,ARD2,49.12,35.84,42.10,35.95,24.45,32.34,92.72,49.82,69.22,2.96,41.96,22.52,0.00,-996.00,28.03,1,43.71,15,14.69,12.62,2.12,7.24,2.53,18.70,10.48,0.21,5.60,2.49,29.41,29.27,29.33,30.27,888.76,13.29,0.01,1,0.12,56.95,51.03,53.69,56.62,47.44,51.38,59.47,49.39,53.43,-999.,-999.,-999.,59.32,56.97,57.79,-999.,-999.,-999.,60.67,59.61,60.21,185,73,0,122,25,0,86,25,0,0,0,999,288,73,13,123,202,0,185,0,2,34,240,92,0,0,207,99,0,201,93,0,192,84,0,-999.,-999.,-999.,-999.,3.00,138.00,0,-999.,-999.,-999.,21.00,288.00,0,1.5465,0,1.4067,0,1.4182,0,-999.,-999.
2020,4,15,ARD2,62.17,31.04,47.28,40.79,28.79,32.84,95.86,29.73,61.91,5.45,47.70,18.40,0.00,-996.00,27.65,-996,-999.00,-996,-999.00,10.67,0.06,4.85,2.17,18.63,8.66,0.00,3.12,2.29,29.31,29.11,29.22,30.15,1011.38,28.57,0.00,0,0.00,62.10,48.13,54.81,63.52,44.01,53.38,68.56,45.55,55.90,-999.,-999.,-999.,58.39,55.36,56.73,-999.,-999.,-999.,59.61,58.53,59.08,194,63,0,283,163,0,64,188,0,0,0,999,288,47,184,2,202,0,151,0,30,202,82,192,0,0,207,93,0,201,90,0,183,84,0,-999.,-999.,-999.,-999.,273.00,153.00,0,-999.,-999.,-999.,3.00,288.00,0,1.5559,0,1.4116,0,1.4212,0,-999.,-999.
2020,4,16,ARD2,71.65,46.35,59.60,45.99,38.49,42.41,77.70,36.85,54.60,8.87,59.26,6.00,0.00,-996.00,43.60,7,56.60,6,22.22,19.24,2.91,10.71,4.14,29.53,16.27,0.81,8.68,4.02,29.21,28.99,29.10,30.03,980.88,27.49,0.00,0,0.00,64.42,53.02,58.36,69.39,50.27,59.04,70.02,51.49,59.67,-999.,-999.,-999.,59.59,56.95,58.03,-999.,-999.,-999.,58.96,58.32,58.62,176,45,0,245,21,0,41,188,0,0,0,999,288,45,221,96,220,0,151,0,0,183,36,213,0,0,207,90,0,210,90,0,180,81,0,-999.,-999.,-999.,-999.,285.00,129.00,0,-999.,-999.,-999.,228.00,90.00,0,1.6053,0,1.4106,0,1.4228,0,-999.,-999.
2020,4,17,ARD2,61.34,38.44,50.13,52.92,36.73,41.73,95.01,57.41,73.36,3.55,50.02,15.11,0.00,-996.00,38.43,0,43.59,15,17.58,12.76,0.12,7.59,2.49,20.60,10.62,0.00,5.90,2.36,29.23,28.97,29.15,30.08,834.87,11.23,0.00,0,0.00,60.26,55.72,58.21,62.46,54.86,58.85,62.40,52.61,57.63,-999.,-999.,-999.,59.59,58.32,58.95,-999.,-999.,-999.,59.20,58.57,58.86,53,287,0,62,280,0,288,178,0,0,0,999,288,264,149,141,14,0,173,0,15,126,286,126,0,0,207,288,0,207,288,0,186,288,0,-999.,-999.,-999.,-999.,3.00,180.00,0,-999.,-999.,-999.,72.00,33.00,0,1.7207,0,1.4123,0,1.4235,0,-999.,-999.
2020,4,18,ARD2,67.24,34.71,52.97,55.25,32.11,41.29,97.82,35.66,68.63,5.58,52.85,14.02,0.00,-996.00,30.03,7,25.80,6,18.37,12.36,0.05,6.45,2.33,20.67,10.12,0.00,4.71,2.42,29.22,28.86,29.06,29.99,1114.84,23.63,0.00,0,0.00,63.79,51.17,57.33,69.37,48.88,58.73,69.22,48.45,58.36,-999.,-999.,-999.,59.23,56.53,57.77,-999.,-999.,-999.,59.07,58.44,58.76,195,59,0,288,116,0,53,162,0,0,0,999,288,63,199,1,288,0,155,0,5,152,9,185,0,0,210,93,0,207,90,0,192,81,0,-999.,-999.,-999.,-999.,288.00,132.00,0,-999.,-999.,-999.,207.00,93.00,0,1.8496,0,1.4138,0,1.4248,0,-999.,-999.
2020,4,19,ARD2,73.60,51.85,62.25,63.13,51.31,58.40,98.95,61.84,87.87,2.64,62.26,2.27,0.00,-996.00,-996.00,-996,-999.00,-996,-999.00,12.86,0.58,5.61,2.64,20.31,10.48,0.00,4.07,2.57,28.92,28.73,28.81,29.73,954.42,12.04,0.00,0,0.00,66.31,59.61,62.03,70.66,60.69,64.18,70.16,58.89,62.86,-999.,-999.,-999.,61.23,59.22,59.82,-999.,-999.,-999.,59.31,58.55,58.85,191,285,0,155,285,0,288,190,0,0,0,999,288,999,288,267,184,0,175,0,29,193,283,193,0,0,216,90,0,213,90,0,195,288,0,-999.,-999.,-999.,-999.,270.00,126.00,0,-999.,-999.,-999.,219.00,174.00,0,1.9501,0,1.4162,0,1.4280,0,-999.,-999.
2020,4,20,ARD2,71.87,47.89,60.26,57.20,47.85,53.28,100.00,52.28,80.09,4.61,61.51,5.12,0.00,-996.00,46.46,-996,-999.00,-996,-999.00,10.28,0.00,3.69,2.03,15.05,7.59,0.00,2.26,1.96,29.02,28.88,28.96,29.89,915.40,21.41,0.00,0,0.00,68.67,57.25,62.87,74.23,56.98,65.30,73.06,55.33,63.73,-999.,-999.,-999.,62.46,59.59,60.85,-999.,-999.,-999.,59.90,58.91,59.45,192,65,0,169,65,0,19,196,0,0,0,999,288,66,275,286,29,0,134,0,70,133,43,136,0,0,210,90,0,207,90,0,186,78,0,-999.,-999.,-999.,-999.,270.00,117.00,0,-999.,-999.,-999.,210.00,93.00,0,2.0397,0,1.4129,0,1.4264,0,-999.,-999.
