,teros_1,teros_1,teros_2,teros_2,5t3_1,5t3_1,5t3_1,5t3_2,5t3_2,5t3_2,5te_3,5te_3,5te_3,5t3_4,5t3_4,5t3_4,logger_battery,logger_battery,logger_weather,logger_weather
,w_pot_kPa,temp_C,w_pot_kPa,temp_C,w_cnt_vol,temp_C,conductivity_mS/cm,w_cnt_vol,temp_C,conductivity_mS/cm,w_cnt_vol,temp_C,conductivity_mS/cm,w_cnt_vol,temp_C,conductivity_mS/cm,batt_pct,batt_volt,press_kPa,temp_C
datetime,,,,,,,,,,,,,,,,,,,,
2020-03-15 00:00:00,-9.5,13.5,-11.7,14.4,0.39,13.7,0.2,0.44799999999999995,13.9,3.63,0.439,14.4,4.72,0.0,0.0,0.0,100,6798,99.52,9.9
2020-03-15 01:00:00,-9.5,13.4,-11.7,14.4,0.386,13.6,0.18,0.44799999999999995,13.9,3.64,0.439,14.4,4.72,0.0,0.0,0.0,100,6796,99.54,9.6
2020-03-15 02:00:00,-9.4,13.4,-11.7,14.4,0.38299999999999995,13.6,0.18,0.449,13.9,3.63,0.44,14.4,4.71,0.0,0.0,0.0,100,6790,99.55,9.2
2020-03-15 03:00:00,-9.4,13.3,-11.7,14.4,0.38,13.5,0.18,0.449,13.9,3.63,0.44,14.4,4.71,0.0,0.0,0.0,100,6790,99.56,8.7
2020-03-15 04:00:00,-9.4,13.3,-11.7,14.3,0.376,13.4,0.18,0.449,13.8,3.64,0.441,14.4,4.69,0.0,0.0,0.0,100,6795,99.6,8.3
2020-03-15 05:00:00,-9.4,13.2,-11.7,14.3,0.375,13.4,0.18,0.449,13.8,3.64,0.441,14.4,4.69,0.0,0.0,0.0,100,6783,99.66,8.1
2020-03-15 06:00:00,-9.3,13.1,-11.6,14.3,0.364,13.3,0.18,0.449,13.8,3.63,0.442,14.3,4.68,0.0,0.0,0.0,100,6786,99.7,7.9
2020-03-15 07:00:00,-9.4,13.0,-11.6,14.3,0.326,13.2,0.19,0.449,13.7,3.62,0.442,14.3,4.68,0.0,0.0,0.0,100,6790,99.74,8.0
2020-03-15 08:00:00,-9.5,12.9,-11.6,14.2,0.325,13.1,0.18,0.449,13.7,3.62,0.442,14.3,4.68,0.0,0.0,0.0,100,6772,99.79,8.9
2020-03-15 09:00:00,-9.5,12.8,-11.6,14.2,0.324,13.0,0.16,0.449,13.7,3.62,0.442,14.3,4.69,0.0,0.0,0.0,100,6783,99.84,9.3
2020-03-15 10:00:00,-9.5,12.8,-11.6,14.2,0.324,13.0,0.16,0.449,13.6,3.62,0.442,14.3,4.67,0.0,0.0,0.0,100,6789,99.85,10.2
2020-03-15 11:00:00,-9.5,12.7,-11.6,14.1,0.32299999999999995,12.9,0.16,0.449,13.6,3.61,0.442,14.3,4.67,0.0,0.0,0.0,100,6795,99.79,10.3
2020-03-15 12:00:00,-9.5,12.7,-11.6,14.1,0.322,12.9,0.16,0.449,13.6,3.61,0.442,14.2,4.68,0.0,0.0,0.0,100,6790,99.69,10.3
2020-03-15 13:00:00,-9.5,12.7,-11.5,14.1,0.321,12.9,0.16,0.449,13.5,3.6,0.442,14.2,4.67,0.0,0.0,0.0,100,6800,99.63,11.2
2020-03-15 14:00:00,-9.5,12.7,-11.5,14.0,0.321,12.9,0.16,0.449,13.5,3.6,0.44299999999999995,14.2,4.66,0.0,0.0,0.0,100,6799,99.56,11.9
2020-03-15 15:00:00,-9.5,12.7,-11.5,14.0,0.32,12.9,0.16,0.449,13.5,3.61,0.44299999999999995,14.2,4.66,0.0,0.0,0.0,100,6799,99.52,11.9
2020-03-15 16:00:00,-9.5,12.7,-11.5,14.0,0.316,13.0,0.16,0.449,13.4,3.6,0.44299999999999995,14.2,4.66,0.0,0.0,0.0,100,6799,99.49,11.8
2020-03-15 17:00:00,-9.5,12.7,-11.5,13.9,0.316,13.0,0.16,0.449,13.4,3.6,0.44299999999999995,14.2,4.66,0.0,0.0,0.0,100,6802,99.46,11.3
2020-03-15 18:00:00,-9.5,12.7,-11.5,13.9,0.316,13.0,0.16,0.449,13.4,3.59,0.44299999999999995,14.2,4.66,0.0,0.0,0.0,100,6802,99.42,10.8
2020-03-15 19:00:00,-9.5,12.7,-11.5,13.9,0.315,13.1,0.16,0.449,13.4,3.6,0.44299999999999995,14.1,4.66,0.0,0.0,0.0,100,6802,99.42,10.5
2020-03-15 20:00:00,-9.5,12.7,-11.5,13.9,0.315,13.1,0.16,0.449,13.4,3.59,0.44299999999999995,14.1,4.66,0.0,0.0,0.0,100,6799,99.41,10.2
2020-03-15 21:00:00,-9.5,12.7,-11.5,13.8,0.315,13.0,0.16,0.449,13.4,3.6,0.442,14.1,4.67,0.0,0.0,0.0,100,6795,99.39,10.2
2020-03-15 22:00:00,-9.6,12.7,-11.5,13.7,0.315,13.0,0.16,0.44799999999999995,13.3,3.61,0.442,14.1,4.67,0.0,0.0,0.0,100,6796,99.35,10.3
2020-03-15 23:00:00,-9.6,12.7,-11.4,13.7,0.315,13.0,0.15,0.44799999999999995,13.3,3.61,0.441,14.1,4.67,0.0,0.0,0.0,100,6795,99.32,10.4
2020-03-16 00:00:00,-9.5,12.7,-11.4,13.7,0.319,13.0,0.16,0.449,13.3,3.6,0.44,14.1,4.68,0.0,0.0,0.0,100,6793,99.14,10.5
2020-03-16 01:00:00,-9.4,12.6,-11.4,13.7,0.324,13.0,0.16,0.44799999999999995,13.3,3.6,0.441,14.0,4.67,0.0,0.0,0.0,100,6796,99.13,10.5
2020-03-16 02:00:00,-9.3,12.6,-11.4,13.7,0.324,12.9,0.16,0.44799999999999995,13.3,3.59,0.441,14.0,4.67,0.0,0.0,0.0,100,6786,99.08,10.4
2020-03-16 03:00:00,-9.3,12.6,-11.3,13.7,0.324,12.9,0.16,0.44799999999999995,13.2,3.59,0.441,14.0,4.67,0.0,0.0,0.0,100,6793,99.05,10.1
2020-03-16 04:00:00,-9.3,12.6,-11.3,13.7,0.324,12.9,0.16,0.44799999999999995,13.2,3.58,0.442,14.0,4.67,0.0,0.0,0.0,100,6796,99.11,10.0
2020-03-16 05:00:00,-9.3,12.6,-11.3,13.6,0.324,12.9,0.16,0.449,13.2,3.58,0.442,14.0,4.66,0.0,0.0,0.0,100,6791,99.07,10.1
2020-03-16 06:00:00,-9.3,12.6,-11.3,13.6,0.324,12.9,0.16,0.449,13.2,3.58,0.442,14.0,4.65,0.0,0.0,0.0,100,6791,99.05,10.1
2020-03-16 07:00:00,-9.3,12.5,-11.3,13.6,0.324,12.9,0.16,0.449,13.2,3.58,0.442,14.0,4.65,0.0,0.0,0.0,100,6791,99.1,10.2
2020-03-16 08:00:00,-9.2,12.5,-11.3,13.6,0.324,12.9,0.16,0.449,13.2,3.58,0.442,14.0,4.64,0.0,0.0,0.0,100,6767,99.15,10.7
2020-03-16 09:00:00,-9.2,12.5,-11.2,13.6,0.324,12.9,0.16,0.449,13.1,3.58,0.442,13.9,4.65,0.0,0.0,0.0,100,6778,99.19,11.2
2020-03-16 10:00:00,-9.2,12.5,-11.2,13.6,0.32299999999999995,12.9,0.16,0.449,13.1,3.58,0.44299999999999995,13.9,4.64,0.0,0.0,0.0,100,6793,99.21,12.1
2020-03-16 11:00:00,-9.2,12.5,-11.2,13.5,0.32299999999999995,12.9,0.16,0.449,13.1,3.58,0.442,13.9,4.65,0.0,0.0,0.0,100,6790,99.12,13.2
2020-03-16 12:00:00,-9.2,12.6,-11.2,13.5,0.322,12.9,0.16,0.449,13.1,3.57,0.442,13.9,4.65,0.0,0.0,0.0,100,6799,99.04,14.5
2020-03-16 13:00:00,-9.2,12.6,-11.2,13.5,0.321,13.0,0.16,0.449,13.1,3.57,0.442,13.9,4.64,0.0,0.0,0.0,100,6799,98.97,15.1
2020-03-16 14:00:00,-9.2,12.7,-11.2,13.5,0.32,13.1,0.16,0.449,13.1,3.56,0.442,13.9,4.64,0.0,0.0,0.0,100,6803,98.9,14.9
2020-03-16 15:00:00,-9.2,12.8,-11.2,13.5,0.32,13.3,0.16,0.449,13.1,3.56,0.442,13.8,4.64,0.0,0.0,0.0,100,6805,98.86,14.7
2020-03-16 16:00:00,-9.2,12.9,-11.2,13.5,0.32,13.4,0.16,0.449,13.1,3.56,0.442,13.8,4.64,0.0,0.0,0.0,100,6802,98.85,14.4
2020-03-16 17:00:00,-9.2,13.0,-11.2,13.5,0.32,13.5,0.16,0.449,13.1,3.56,0.44299999999999995,13.8,4.63,0.0,0.0,0.0,100,6805,98.88,14.5
2020-03-16 18:00:00,-9.2,13.1,-11.2,13.5,0.319,13.6,0.16,0.45,13.1,3.56,0.44299999999999995,13.8,4.63,0.0,0.0,0.0,100,6800,98.86,14.0
2020-03-16 19:00:00,-9.2,13.2,-11.2,13.5,0.32,13.7,0.16,0.449,13.1,3.56,0.44299999999999995,13.8,4.64,0.0,0.0,0.0,100,6799,98.86,13.3
2020-03-16 20:00:00,-9.1,13.2,-11.2,13.5,0.319,13.8,0.16,0.45,13.1,3.56,0.44299999999999995,13.8,4.64,0.0,0.0,0.0,100,6799,98.92,12.8
2020-03-16 21:00:00,-9.1,13.3,-11.2,13.5,0.319,13.8,0.16,0.45,13.2,3.56,0.44299999999999995,13.7,4.63,0.0,0.0,0.0,100,6798,98.97,12.6
2020-03-16 22:00:00,-9.1,13.3,-11.2,13.5,0.318,13.8,0.16,0.45,13.2,3.56,0.44299999999999995,13.7,4.63,0.0,0.0,0.0,100,6804,98.97,12.5
2020-03-16 23:00:00,-9.1,13.3,-11.1,13.5,0.318,13.8,0.16,0.45,13.2,3.56,0.44299999999999995,13.7,4.63,0.0,0.0,0.0,100,6804,98.95,12.6
2020-03-17 00:00:00,-9.1,13.3,-11.1,13.6,0.317,13.8,0.16,0.449,13.2,3.56,0.442,13.7,4.62,0.0,0.0,0.0,100,6803,98.97,12.7
2020-03-17 01:00:00,-9.1,13.3,-11.1,13.6,0.316,13.8,0.16,0.45,13.3,3.55,0.44299999999999995,13.7,4.62,0.0,0.0,0.0,100,6802,98.98,12.7
2020-03-17 02:00:00,-9.1,13.3,-11.1,13.6,0.316,13.8,0.16,0.449,13.3,3.55,0.44299999999999995,13.7,4.61,0.0,0.0,0.0,100,6790,98.98,12.6
2020-03-17 03:00:00,-9.1,13.4,-11.1,13.6,0.317,13.8,0.16,0.449,13.3,3.56,0.44299999999999995,13.7,4.62,0.0,0.0,0.0,100,6790,98.97,12.4
2020-03-17 04:00:00,-9.1,13.4,-11.1,13.6,0.318,13.8,0.16,0.449,13.3,3.56,0.442,13.7,4.62,0.0,0.0,0.0,100,6790,98.98,12.1
2020-03-17 05:00:00,-9.1,13.4,-11.1,13.6,0.318,13.8,0.16,0.449,13.3,3.55,0.442,13.7,4.62,0.0,0.0,0.0,100,6787,99.0,11.9
2020-03-17 06:00:00,-9.1,13.4,-11.1,13.6,0.318,13.7,0.16,0.449,13.4,3.56,0.442,13.7,4.62,0.0,0.0,0.0,100,6790,99.06,11.7
2020-03-17 07:00:00,-9.1,13.3,-11.1,13.7,0.317,13.7,0.16,0.45,13.4,3.55,0.442,13.7,4.62,0.0,0.0,0.0,100,6786,99.09,11.6
2020-03-17 08:00:00,-9.1,13.3,-11.1,13.7,0.317,13.7,0.15,0.45,13.4,3.55,0.442,13.7,4.62,0.0,0.0,0.0,100,6772,99.1,12.1
2020-03-17 09:00:00,-9.1,13.3,-11.1,13.7,0.317,13.7,0.15,0.45,13.4,3.55,0.442,13.8,4.62,0.0,0.0,0.0,100,6782,99.14,12.5
2020-03-17 10:00:00,-9.2,13.3,-11.1,13.7,0.316,13.7,0.15,0.45,13.4,3.55,0.442,13.8,4.62,0.0,0.0,0.0,100,6796,99.11,13.2
2020-03-17 11:00:00,-9.2,13.3,-11.1,13.7,0.316,13.7,0.15,0.45,13.4,3.54,0.442,13.8,4.62,0.0,0.0,0.0,100,6796,99.05,13.9
2020-03-17 12:00:00,-9.2,13.3,-11.1,13.7,0.315,13.7,0.15,0.451,13.4,3.53,0.44299999999999995,13.8,4.62,0.0,0.0,0.0,100,6785,98.96,14.7
2020-03-17 13:00:00,-9.2,13.3,-11.1,13.7,0.315,13.7,0.14,0.451,13.4,3.53,0.442,13.8,4.62,0.0,0.0,0.0,100,6789,98.88,14.6
2020-03-17 14:00:00,-9.2,13.4,-11.1,13.7,0.315,13.8,0.14,0.451,13.4,3.53,0.442,13.8,4.62,0.0,0.0,0.0,100,6790,98.78,14.2
2020-03-17 15:00:00,-9.2,13.4,-11.1,13.7,0.315,13.9,0.14,0.45,13.4,3.54,0.442,13.8,4.62,0.0,0.0,0.0,100,6788,98.76,14.0
2020-03-17 16:00:00,-9.2,13.5,-11.1,13.7,0.315,13.9,0.14,0.45,13.4,3.55,0.442,13.8,4.63,0.0,0.0,0.0,100,6790,98.69,13.9
2020-03-17 17:00:00,-9.2,13.5,-11.0,13.7,0.315,14.0,0.14,0.45,13.4,3.55,0.442,13.8,4.62,0.0,0.0,0.0,100,6795,98.61,14.0
2020-03-17 18:00:00,-9.2,13.5,-11.0,13.7,0.316,14.0,0.14,0.45,13.4,3.55,0.442,13.8,4.63,0.0,0.0,0.0,100,6790,98.58,14.1
2020-03-17 19:00:00,-9.2,13.6,-11.0,13.7,0.316,14.0,0.13,0.45,13.4,3.55,0.442,13.8,4.63,0.0,0.0,0.0,100,6788,98.58,14.3
2020-03-17 20:00:00,-9.2,13.6,-11.0,13.7,0.316,14.0,0.13,0.45,13.4,3.53,0.442,13.8,4.63,0.0,0.0,0.0,100,6792,98.53,14.6
2020-03-17 21:00:00,-9.1,13.7,-11.0,13.7,0.33399999999999996,14.1,0.19,0.451,13.5,3.53,0.442,13.8,4.62,0.0,0.0,0.0,100,6793,98.52,14.9
2020-03-17 22:00:00,-9.0,13.7,-11.0,13.7,0.401,14.1,0.63,0.45399999999999996,13.5,3.51,0.444,13.8,4.61,0.0,0.0,0.0,100,6791,98.62,14.9
2020-03-17 23:00:00,-9.0,13.8,-11.0,13.8,0.46799999999999997,14.2,0.71,0.45399999999999996,13.5,3.48,0.444,13.8,4.6,0.0,0.0,0.0,100,6791,98.47,14.8
2020-03-18 00:00:00,-9.0,13.9,-11.0,13.8,0.46799999999999997,14.2,0.68,0.452,13.5,3.48,0.444,13.8,4.61,0.0,0.0,0.0,100,6803,98.33,15.2
2020-03-18 01:00:00,-9.0,14.0,-11.0,13.9,0.46799999999999997,14.2,0.77,0.451,13.5,3.48,0.444,13.8,4.61,0.0,0.0,0.0,100,6797,98.28,15.1
2020-03-18 02:00:00,-9.0,14.0,-11.0,13.9,0.469,14.2,0.8,0.451,13.5,3.48,0.444,13.8,4.61,0.0,0.0,0.0,100,6788,98.32,15.3
2020-03-18 03:00:00,-9.0,14.0,-11.0,13.9,0.47,14.2,0.82,0.45299999999999996,13.5,3.46,0.444,13.8,4.61,0.0,0.0,0.0,100,6789,98.29,15.5
2020-03-18 04:00:00,-9.0,14.0,-11.0,13.9,0.47100000000000003,14.3,0.83,0.452,13.6,3.46,0.444,13.8,4.61,0.0,0.0,0.0,100,6791,98.25,16.1
2020-03-18 05:00:00,-9.0,14.1,-10.9,13.9,0.47200000000000003,14.3,0.84,0.452,13.6,3.48,0.444,13.8,4.6,0.0,0.0,0.0,100,6793,98.3,16.1
2020-03-18 06:00:00,-9.0,14.1,-10.9,13.9,0.473,14.3,0.86,0.452,13.6,3.47,0.444,13.9,4.6,0.0,0.0,0.0,100,6790,98.35,15.4
2020-03-18 07:00:00,-9.0,14.1,-10.9,14.0,0.473,14.4,0.86,0.452,13.6,3.47,0.444,13.9,4.6,0.0,0.0,0.0,100,6792,98.39,15.5
2020-03-18 08:00:00,-9.0,14.2,-10.9,14.0,0.473,14.4,0.88,0.451,13.6,3.45,0.444,13.9,4.59,0.0,0.0,0.0,100,6761,98.42,16.9
2020-03-18 09:00:00,-9.0,14.2,-10.9,14.0,0.473,14.4,0.9,0.451,13.6,3.45,0.444,13.9,4.61,0.0,0.0,0.0,100,6792,98.44,19.8
2020-03-18 10:00:00,-9.0,14.2,-10.9,14.0,0.47200000000000003,14.4,0.92,0.451,13.7,3.46,0.44299999999999995,13.9,4.62,0.0,0.0,0.0,100,6794,98.47,21.9
2020-03-18 11:00:00,-9.0,14.3,-10.9,14.0,0.473,14.5,0.94,0.451,13.7,3.46,0.44299999999999995,13.9,4.62,0.0,0.0,0.0,100,6796,98.45,21.2
2020-03-18 12:00:00,-9.0,14.4,-10.9,14.0,0.473,14.6,0.96,0.451,13.7,3.45,0.44299999999999995,13.9,4.61,0.0,0.0,0.0,100,6802,98.37,22.8
2020-03-18 13:00:00,-9.0,14.6,-10.9,14.1,0.474,14.8,0.97,0.451,13.7,3.45,0.44299999999999995,13.9,4.61,0.0,0.0,0.0,100,6816,98.27,24.9
2020-03-18 14:00:00,-9.0,14.7,-10.9,14.1,0.47600000000000003,14.9,0.99,0.451,13.7,3.45,0.44299999999999995,13.9,4.61,0.0,0.0,0.0,100,6821,98.18,25.6
2020-03-18 15:00:00,-9.0,14.9,-10.9,14.1,0.47600000000000003,15.2,1.01,0.451,13.8,3.44,0.44299999999999995,13.9,4.61,0.0,0.0,0.0,100,6821,98.16,25.8
2020-03-18 16:00:00,-8.9,15.1,-10.9,14.1,0.47700000000000004,15.3,1.01,0.451,13.8,3.44,0.44299999999999995,13.9,4.61,0.0,0.0,0.0,100,6821,98.12,25.0
2020-03-18 17:00:00,-8.9,15.3,-10.9,14.2,0.47700000000000004,15.6,1.03,0.451,13.9,3.44,0.444,13.9,4.6,0.0,0.0,0.0,100,6824,98.09,24.6
2020-03-18 18:00:00,-8.9,15.5,-10.9,14.2,0.479,15.7,1.03,0.451,13.9,3.44,0.444,14.0,4.6,0.0,0.0,0.0,100,6818,98.13,23.0
2020-03-18 19:00:00,-8.9,15.6,-10.9,14.3,0.478,15.9,1.03,0.451,14.0,3.43,0.444,14.0,4.59,0.0,0.0,0.0,100,6812,98.15,21.7
2020-03-18 20:00:00,-8.9,15.8,-10.9,14.3,0.48100000000000004,16.0,1.02,0.452,14.0,3.43,0.445,14.0,4.58,0.0,0.0,0.0,100,6810,98.17,20.3
2020-03-18 21:00:00,-8.9,15.9,-10.9,14.4,0.486,16.1,1.03,0.45399999999999996,14.1,3.4,0.444,14.0,4.59,0.0,0.0,0.0,100,6815,98.15,20.0
2020-03-18 22:00:00,-8.9,15.9,-10.9,14.4,0.489,16.2,1.02,0.456,14.2,3.38,0.445,14.0,4.58,0.0,0.0,0.0,100,6815,98.17,19.9
2020-03-18 23:00:00,-8.9,16.1,-10.9,14.5,0.489,16.3,0.99,0.456,14.3,3.38,0.445,14.0,4.58,0.0,0.0,0.0,100,6812,98.15,18.9
2020-03-19 00:00:00,-8.9,16.3,-10.9,14.5,0.49,16.4,0.95,0.455,14.3,3.37,0.445,14.1,4.57,0.0,0.0,0.0,100,6806,98.08,17.7
2020-03-19 01:00:00,-8.9,16.3,-10.9,14.6,0.49,16.4,0.93,0.455,14.4,3.38,0.445,14.1,4.58,0.0,0.0,0.0,100,6809,98.06,18.0
2020-03-19 02:00:00,-8.9,16.4,-10.9,14.7,0.491,16.4,0.93,0.455,14.4,3.37,0.445,14.1,4.58,0.0,0.0,0.0,100,6807,98.0,17.7
2020-03-19 03:00:00,-8.9,16.4,-10.9,14.7,0.493,16.4,0.91,0.45799999999999996,14.5,3.34,0.446,14.1,4.57,0.0,0.0,0.0,100,6804,98.03,17.6
2020-03-19 04:00:00,-8.9,16.4,-10.9,14.8,0.494,16.6,0.72,0.457,14.6,3.35,0.446,14.2,4.56,0.0,0.0,0.0,100,6805,98.0,17.8
2020-03-19 05:00:00,-8.9,16.4,-10.9,14.8,0.495,16.6,0.68,0.457,14.6,3.34,0.446,14.2,4.56,0.0,0.0,0.0,100,6802,97.99,18.2
2020-03-19 06:00:00,-8.9,16.4,-10.9,14.9,0.495,16.6,0.72,0.457,14.7,3.33,0.446,14.2,4.57,0.0,0.0,0.0,100,6800,97.98,18.2
2020-03-19 07:00:00,-8.9,16.4,-10.9,15.0,0.495,16.6,0.75,0.457,14.7,3.33,0.446,14.2,4.56,0.0,0.0,0.0,100,6802,97.98,18.6
2020-03-19 08:00:00,-8.9,16.4,-10.9,15.0,0.493,16.6,0.77,0.457,14.8,3.32,0.446,14.3,4.56,0.0,0.0,0.0,100,6797,98.01,20.5
2020-03-19 09:00:00,-8.8,16.4,-10.9,15.0,0.49200000000000005,16.6,0.79,0.456,14.8,3.33,0.446,14.3,4.57,0.0,0.0,0.0,100,6817,98.1,22.7
2020-03-19 10:00:00,-8.8,16.4,-10.9,15.1,0.493,16.6,0.81,0.456,14.9,3.32,0.446,14.3,4.55,0.0,0.0,0.0,100,6818,98.13,22.9
2020-03-19 11:00:00,-8.8,16.5,-10.9,15.1,0.493,16.6,0.82,0.456,14.9,3.32,0.446,14.4,4.55,0.0,0.0,0.0,100,6818,98.07,23.0
2020-03-19 12:00:00,-8.8,16.5,-10.9,15.2,0.494,16.7,0.84,0.456,14.9,3.31,0.446,14.4,4.56,0.0,0.0,0.0,100,6816,98.04,23.9
2020-03-19 13:00:00,-8.8,16.6,-10.9,15.2,0.496,16.8,0.85,0.457,15.0,3.3,0.447,14.4,4.55,0.0,0.0,0.0,100,6826,98.05,21.4
2020-03-19 14:00:00,-8.8,16.7,-10.9,15.2,0.496,16.9,0.86,0.457,15.0,3.29,0.44799999999999995,14.4,4.54,0.0,0.0,0.0,100,6840,97.97,21.7
2020-03-19 15:00:00,-8.8,16.8,-10.9,15.3,0.496,17.0,0.87,0.457,15.0,3.29,0.447,14.5,4.53,0.0,0.0,0.0,100,6862,97.96,24.2
2020-03-19 16:00:00,-8.8,16.9,-10.9,15.3,0.496,17.0,0.85,0.457,15.1,3.28,0.447,14.5,4.53,0.0,0.0,0.0,100,6860,97.97,25.2
2020-03-19 17:00:00,-8.8,17.0,-10.9,15.3,0.49700000000000005,17.1,0.86,0.457,15.1,3.29,0.44799999999999995,14.5,4.53,0.0,0.0,0.0,100,6850,98.01,23.9
2020-03-19 18:00:00,-8.8,17.0,-10.9,15.4,0.498,17.2,0.86,0.457,15.2,3.27,0.44799999999999995,14.6,4.53,0.0,0.0,0.0,100,6843,98.07,20.9
2020-03-19 19:00:00,-8.8,17.1,-10.9,15.4,0.498,17.2,0.87,0.457,15.2,3.28,0.44799999999999995,14.6,4.53,0.0,0.0,0.0,100,6837,98.21,18.6
2020-03-19 20:00:00,-8.8,17.1,-10.9,15.5,0.498,17.3,0.89,0.457,15.2,3.27,0.44799999999999995,14.6,4.53,0.0,0.0,0.0,100,6833,98.33,17.4
2020-03-19 21:00:00,-8.8,17.1,-10.9,15.5,0.498,17.2,0.9,0.457,15.3,3.26,0.44799999999999995,14.6,4.52,0.0,0.0,0.0,100,6839,98.46,16.7
2020-03-19 22:00:00,-8.8,17.1,-10.9,15.6,0.498,17.2,0.91,0.45799999999999996,15.3,3.26,0.449,14.7,4.51,0.0,0.0,0.0,100,6835,98.54,15.9
2020-03-19 23:00:00,-8.8,17.0,-10.9,15.6,0.498,17.2,0.92,0.45799999999999996,15.4,3.26,0.449,14.7,4.51,0.0,0.0,0.0,100,6835,98.6,15.5
2020-03-20 00:00:00,-8.8,17.0,-10.9,15.6,0.49700000000000005,17.2,0.93,0.45799999999999996,15.4,3.26,0.449,14.7,4.51,0.0,0.0,0.0,100,6831,98.63,15.1
2020-03-20 01:00:00,-8.8,16.9,-10.9,15.7,0.49700000000000005,17.1,0.94,0.45799999999999996,15.5,3.26,0.449,14.8,4.49,0.0,0.0,0.0,100,6829,98.68,14.5
2020-03-20 02:00:00,-8.8,16.9,-10.9,15.7,0.49700000000000005,17.0,0.94,0.45799999999999996,15.5,3.25,0.45,14.8,4.48,0.0,0.0,0.0,100,6819,98.77,14.7
2020-03-20 03:00:00,-8.8,16.8,-10.9,15.7,0.498,17.0,0.94,0.45799999999999996,15.5,3.25,0.45,14.8,4.49,0.0,0.0,0.0,100,6819,98.84,13.3
2020-03-20 04:00:00,-8.8,16.7,-10.9,15.7,0.49700000000000005,16.9,0.95,0.45799999999999996,15.5,3.25,0.45,14.9,4.48,0.0,0.0,0.0,100,6817,99.06,11.5
2020-03-20 05:00:00,-8.8,16.6,-10.9,15.8,0.49700000000000005,16.8,0.96,0.45799999999999996,15.5,3.24,0.451,14.9,4.47,0.0,0.0,0.0,100,6820,99.27,9.6
2020-03-20 06:00:00,-8.8,16.4,-10.9,15.8,0.496,16.6,0.97,0.45799999999999996,15.6,3.23,0.451,14.9,4.48,0.0,0.0,0.0,100,6820,99.36,8.6
2020-03-20 07:00:00,-8.7,16.2,-10.9,15.8,0.496,16.4,0.97,0.45799999999999996,15.6,3.23,0.451,14.9,4.47,0.0,0.0,0.0,100,6816,99.53,8.0
2020-03-20 08:00:00,-8.7,16.0,-10.9,15.8,0.495,16.2,0.98,0.45799999999999996,15.5,3.23,0.452,14.9,4.46,0.0,0.0,0.0,100,6796,99.66,8.0
2020-03-20 09:00:00,-8.7,15.7,-10.9,15.8,0.494,15.9,1.0,0.45799999999999996,15.5,3.23,0.452,15.0,4.46,0.0,0.0,0.0,100,6799,99.77,7.6
2020-03-20 10:00:00,-8.7,15.5,-10.9,15.8,0.49200000000000005,15.7,1.01,0.45799999999999996,15.5,3.22,0.45299999999999996,15.0,4.44,0.0,0.0,0.0,100,6800,99.84,7.3
2020-03-20 11:00:00,-8.7,15.3,-10.9,15.8,0.49200000000000005,15.5,1.02,0.45799999999999996,15.5,3.21,0.45299999999999996,15.0,4.45,0.0,0.0,0.0,100,6810,99.85,7.8
2020-03-20 12:00:00,-8.7,15.1,-10.9,15.7,0.47600000000000003,15.3,0.43,0.45799999999999996,15.4,3.22,0.45299999999999996,15.0,4.45,0.0,0.0,0.0,100,6826,99.8,8.3
2020-03-20 13:00:00,-8.7,15.0,-10.9,15.7,0.467,15.2,0.22,0.45799999999999996,15.4,3.22,0.45299999999999996,15.0,4.44,0.0,0.0,0.0,100,6837,99.79,8.2
2020-03-20 14:00:00,-8.7,14.8,-10.9,15.6,0.41200000000000003,15.0,0.19,0.45799999999999996,15.3,3.22,0.45299999999999996,15.0,4.44,0.0,0.0,0.0,100,6841,99.8,7.9
2020-03-20 15:00:00,-8.7,14.7,-10.9,15.6,0.4,14.9,0.17,0.45799999999999996,15.2,3.21,0.45399999999999996,15.0,4.43,0.0,0.0,0.0,100,6847,99.81,8.1
2020-03-20 16:00:00,-8.7,14.5,-10.9,15.5,0.389,14.7,0.17,0.45799999999999996,15.2,3.21,0.45299999999999996,15.0,4.44,0.0,0.0,0.0,100,6848,99.82,8.1
2020-03-20 17:00:00,-8.7,14.4,-10.9,15.5,0.38,14.6,0.17,0.45799999999999996,15.1,3.21,0.45399999999999996,15.0,4.44,0.0,0.0,0.0,100,6846,99.82,8.3
2020-03-20 18:00:00,-8.9,14.2,-10.9,15.4,0.348,14.5,0.16,0.45899999999999996,15.1,3.2,0.45399999999999996,15.0,4.42,0.0,0.0,0.0,100,6837,99.83,7.3
2020-03-20 19:00:00,-8.9,14.1,-10.9,15.4,0.34,14.4,0.16,0.45899999999999996,15.0,3.2,0.45399999999999996,15.0,4.42,0.0,0.0,0.0,100,6838,99.81,4.6
2020-03-20 20:00:00,-8.9,14.0,-10.9,15.3,0.337,14.2,0.15,0.45799999999999996,14.9,3.2,0.45399999999999996,15.0,4.42,0.0,0.0,0.0,100,6834,99.85,2.6
2020-03-20 21:00:00,-8.9,13.8,-10.9,15.3,0.332,14.0,0.16,0.45799999999999996,14.8,3.2,0.45399999999999996,15.0,4.43,0.0,0.0,0.0,100,6831,99.91,1.6
2020-03-20 22:00:00,-8.9,13.6,-10.9,15.2,0.32899999999999996,13.9,0.16,0.45799999999999996,14.8,3.19,0.45299999999999996,15.0,4.43,0.0,0.0,0.0,100,6827,99.97,0.9
2020-03-20 23:00:00,-8.9,13.4,-10.9,15.1,0.327,13.7,0.16,0.45799999999999996,14.7,3.2,0.45299999999999996,15.0,4.43,0.0,0.0,0.0,100,6829,99.98,1.3
2020-03-21 00:00:00,-8.9,13.3,-10.9,15.1,0.326,13.6,0.16,0.45799999999999996,14.7,3.2,0.45299999999999996,15.0,4.43,0.0,0.0,0.0,100,6827,99.95,1.4
2020-03-21 01:00:00,-8.9,13.1,-10.9,15.0,0.324,13.4,0.16,0.457,14.6,3.2,0.45299999999999996,15.0,4.43,0.0,0.0,0.0,100,6827,99.88,1.8
2020-03-21 02:00:00,-8.9,13.0,-10.9,15.0,0.324,13.3,0.16,0.457,14.5,3.2,0.452,15.0,4.43,0.0,0.0,0.0,100,6809,99.83,2.2
2020-03-21 03:00:00,-8.9,12.8,-10.9,14.9,0.32299999999999995,13.1,0.16,0.457,14.4,3.19,0.45299999999999996,14.9,4.43,0.0,0.0,0.0,100,6814,99.83,1.6
2020-03-21 04:00:00,-8.9,12.7,-10.9,14.8,0.322,12.9,0.16,0.457,14.4,3.19,0.452,14.9,4.43,0.0,0.0,0.0,100,6812,99.82,0.7
2020-03-21 05:00:00,-8.9,12.5,-10.9,14.8,0.321,12.8,0.16,0.457,14.3,3.19,0.452,14.9,4.42,0.0,0.0,0.0,100,6813,99.87,0.4
2020-03-21 06:00:00,-8.9,12.4,-10.9,14.7,0.32,12.6,0.16,0.457,14.2,3.19,0.452,14.9,4.43,0.0,0.0,0.0,100,6814,99.88,1.2
2020-03-21 07:00:00,-8.9,12.2,-10.9,14.6,0.319,12.5,0.16,0.457,14.2,3.18,0.452,14.8,4.43,0.0,0.0,0.0,100,6818,99.93,2.6
2020-03-21 08:00:00,-8.9,12.1,-10.9,14.6,0.319,12.3,0.16,0.456,14.1,3.19,0.452,14.8,4.43,0.0,0.0,0.0,100,6809,100.03,5.1
2020-03-21 09:00:00,-8.9,12.0,-10.9,14.5,0.318,12.2,0.16,0.455,14.0,3.19,0.451,14.8,4.43,0.0,0.0,0.0,100,6853,100.07,7.9
2020-03-21 10:00:00,-8.9,11.9,-10.9,14.4,0.319,12.1,0.16,0.455,13.9,3.2,0.451,14.8,4.43,0.0,0.0,0.0,100,6900,100.01,10.8
2020-03-21 11:00:00,-8.9,11.8,-10.9,14.3,0.318,12.0,0.16,0.45399999999999996,13.8,3.2,0.451,14.7,4.43,0.0,0.0,0.0,100,6925,99.95,13.3
2020-03-21 12:00:00,-8.9,11.8,-10.9,14.3,0.317,12.0,0.16,0.45399999999999996,13.7,3.2,0.451,14.7,4.44,0.0,0.0,0.0,100,6935,99.87,15.7
2020-03-21 13:00:00,-8.9,11.8,-10.9,14.2,0.317,12.1,0.16,0.45399999999999996,13.6,3.2,0.451,14.6,4.44,0.0,0.0,0.0,100,6936,99.73,16.6
2020-03-21 14:00:00,-8.9,11.9,-10.9,14.1,0.318,12.2,0.16,0.45399999999999996,13.6,3.2,0.45,14.6,4.45,0.0,0.0,0.0,100,6938,99.6,17.5
2020-03-21 15:00:00,-8.9,12.0,-10.9,14.0,0.318,12.4,0.16,0.45299999999999996,13.5,3.2,0.449,14.6,4.44,0.0,0.0,0.0,100,6939,99.39,17.2
2020-03-21 16:00:00,-8.9,12.2,-10.9,14.0,0.318,12.5,0.16,0.45299999999999996,13.4,3.21,0.449,14.5,4.45,0.0,0.0,0.0,100,6926,99.29,17.0
2020-03-21 17:00:00,-8.9,12.3,-10.9,13.9,0.317,12.7,0.16,0.452,13.4,3.2,0.44799999999999995,14.5,4.46,0.0,0.0,0.0,100,6916,99.3,15.3
2020-03-21 18:00:00,-8.9,12.3,-10.9,13.9,0.317,12.8,0.15,0.452,13.4,3.21,0.44799999999999995,14.5,4.45,0.0,0.0,0.0,100,6912,99.34,13.2
2020-03-21 19:00:00,-8.9,12.4,-10.9,13.9,0.316,12.9,0.15,0.452,13.3,3.21,0.44799999999999995,14.4,4.45,0.0,0.0,0.0,100,6904,99.3,11.6
2020-03-21 20:00:00,-8.9,12.5,-10.9,13.7,0.315,13.0,0.15,0.452,13.3,3.21,0.44799999999999995,14.4,4.45,0.0,0.0,0.0,100,6900,99.16,10.3
2020-03-21 21:00:00,-8.9,12.5,-10.9,13.7,0.315,13.0,0.15,0.452,13.3,3.21,0.44799999999999995,14.4,4.45,0.0,0.0,0.0,100,6900,99.19,10.1
2020-03-21 22:00:00,-8.9,12.5,-10.9,13.7,0.315,13.0,0.15,0.451,13.3,3.21,0.44799999999999995,14.3,4.46,0.0,0.0,0.0,100,6897,99.23,10.1
2020-03-21 23:00:00,-8.9,12.5,-10.9,13.7,0.315,13.0,0.15,0.449,13.3,3.23,0.446,14.3,4.48,0.0,0.0,0.0,100,6895,99.2,9.6
2020-03-22 00:00:00,-8.9,12.5,-10.9,13.7,0.315,13.0,0.15,0.44799999999999995,13.3,3.23,0.446,14.2,4.47,0.0,0.0,0.0,100,6891,99.1,9.3
2020-03-22 01:00:00,-8.8,12.4,-10.9,13.7,0.32799999999999996,13.0,0.17,0.449,13.3,3.23,0.447,14.2,4.46,0.0,0.0,0.0,100,6890,99.11,9.3
2020-03-22 02:00:00,-8.6,12.3,-10.8,13.7,0.423,12.8,0.92,0.452,13.3,3.2,0.44799999999999995,14.2,4.45,0.0,0.0,0.0,100,6888,99.1,9.3
2020-03-22 03:00:00,-8.6,12.3,-10.8,13.7,0.43,12.8,0.98,0.452,13.3,3.19,0.447,14.2,4.46,0.0,0.0,0.0,100,6884,99.02,9.4
2020-03-22 04:00:00,-8.6,12.3,-10.8,13.6,0.43,12.8,0.96,0.451,13.2,3.18,0.447,14.2,4.46,0.0,0.0,0.0,100,6884,98.99,9.5
2020-03-22 05:00:00,-8.6,12.3,-10.8,13.6,0.431,12.7,0.94,0.452,13.2,3.18,0.447,14.2,4.46,0.0,0.0,0.0,100,6883,98.97,9.6
2020-03-22 06:00:00,-8.6,12.3,-10.8,13.6,0.43200000000000005,12.7,0.93,0.451,13.2,3.18,0.447,14.1,4.46,0.0,0.0,0.0,100,6883,99.02,9.7
2020-03-22 07:00:00,-8.6,12.3,-10.8,13.6,0.43200000000000005,12.7,0.93,0.451,13.2,3.17,0.447,14.1,4.47,0.0,0.0,0.0,100,6881,99.04,9.9
2020-03-22 08:00:00,-8.6,12.3,-10.8,13.6,0.433,12.7,0.94,0.451,13.2,3.17,0.447,14.1,4.47,0.0,0.0,0.0,100,6847,99.03,10.5
2020-03-22 09:00:00,-8.6,12.3,-10.8,13.6,0.433,12.7,0.93,0.45,13.2,3.18,0.446,14.1,4.47,0.0,0.0,0.0,100,6859,99.04,11.0
2020-03-22 10:00:00,-8.6,12.3,-10.8,13.6,0.433,12.7,0.95,0.45,13.2,3.18,0.446,14.1,4.46,0.0,0.0,0.0,100,6868,99.02,11.7
2020-03-22 11:00:00,-8.6,12.3,-10.8,13.5,0.433,12.8,0.96,0.45,13.1,3.18,0.446,14.1,4.46,0.0,0.0,0.0,100,6875,98.97,12.7
2020-03-22 12:00:00,-8.6,12.4,-10.8,13.5,0.433,12.8,0.96,0.45,13.1,3.18,0.446,14.1,4.46,0.0,0.0,0.0,100,6879,98.9,13.5
2020-03-22 13:00:00,-8.6,12.4,-10.8,13.5,0.433,12.9,0.98,0.45,13.1,3.18,0.445,14.0,4.46,0.0,0.0,0.0,100,6880,98.82,13.8
2020-03-22 14:00:00,-8.6,12.5,-10.8,13.5,0.43200000000000005,13.0,0.99,0.45,13.1,3.17,0.445,14.0,4.47,0.0,0.0,0.0,100,6882,98.73,14.1
2020-03-22 15:00:00,-8.6,12.6,-10.8,13.5,0.433,13.1,1.0,0.449,13.1,3.17,0.445,14.0,4.48,0.0,0.0,0.0,100,6881,98.67,14.6
2020-03-22 16:00:00,-8.6,12.7,-10.8,13.5,0.434,13.1,1.02,0.449,13.1,3.17,0.444,14.0,4.48,0.0,0.0,0.0,100,6878,98.62,14.4
2020-03-22 17:00:00,-8.6,12.8,-10.8,13.5,0.434,13.3,1.02,0.45,13.1,3.16,0.445,14.0,4.48,0.0,0.0,0.0,100,6875,98.62,13.8
2020-03-22 18:00:00,-8.6,12.8,-10.8,13.5,0.435,13.3,1.02,0.45,13.1,3.17,0.445,14.0,4.47,0.0,0.0,0.0,100,6872,98.62,13.5
2020-03-22 19:00:00,-8.6,12.9,-10.8,13.5,0.435,13.4,1.02,0.45,13.1,3.17,0.444,14.0,4.47,0.0,0.0,0.0,100,6871,98.63,13.3
2020-03-22 20:00:00,-8.6,12.9,-10.8,13.5,0.435,13.4,1.02,0.45,13.1,3.16,0.444,14.0,4.48,0.0,0.0,0.0,100,6867,98.71,13.3
2020-03-22 21:00:00,-8.6,13.0,-10.7,13.5,0.436,13.5,1.02,0.45,13.2,3.16,0.444,14.0,4.46,0.0,0.0,0.0,100,6866,98.75,13.4
2020-03-22 22:00:00,-8.6,13.0,-10.7,13.5,0.436,13.5,1.02,0.451,13.2,3.15,0.445,14.0,4.46,0.0,0.0,0.0,100,6866,98.76,13.5
2020-03-22 23:00:00,-8.6,13.1,-10.7,13.5,0.43700000000000006,13.5,1.01,0.451,13.2,3.15,0.445,13.9,4.46,0.0,0.0,0.0,100,6862,98.76,13.4
2020-03-23 00:00:00,-8.6,13.1,-10.7,13.5,0.43799999999999994,13.5,1.01,0.451,13.2,3.15,0.445,13.9,4.46,0.0,0.0,0.0,100,6861,98.75,13.2
2020-03-23 01:00:00,-8.6,13.1,-10.7,13.6,0.43799999999999994,13.6,1.01,0.451,13.2,3.14,0.445,13.9,4.46,0.0,0.0,0.0,100,6862,98.74,13.2
2020-03-23 02:00:00,-8.6,13.1,-10.7,13.6,0.439,13.6,1.01,0.451,13.3,3.14,0.445,13.9,4.45,0.0,0.0,0.0,100,6852,98.7,13.3
2020-03-23 03:00:00,-8.6,13.2,-10.7,13.6,0.439,13.6,1.01,0.451,13.3,3.13,0.445,13.9,4.46,0.0,0.0,0.0,100,6852,98.65,13.2
2020-03-23 04:00:00,-8.6,13.2,-10.7,13.6,0.439,13.6,1.01,0.451,13.3,3.13,0.445,13.9,4.45,0.0,0.0,0.0,100,6848,98.67,13.1
2020-03-23 05:00:00,-8.6,13.2,-10.7,13.6,0.44,13.6,1.02,0.451,13.3,3.13,0.446,13.9,4.45,0.0,0.0,0.0,100,6847,98.71,12.8
2020-03-23 06:00:00,-8.6,13.2,-10.7,13.6,0.441,13.6,1.03,0.451,13.3,3.13,0.446,13.9,4.45,0.0,0.0,0.0,100,6848,98.76,12.7
2020-03-23 07:00:00,-8.6,13.2,-10.7,13.6,0.442,13.6,1.03,0.451,13.4,3.13,0.445,13.9,4.44,0.0,0.0,0.0,100,6848,98.78,12.9
2020-03-23 08:00:00,-8.6,13.3,-10.7,13.6,0.44,13.6,1.03,0.451,13.4,3.13,0.447,13.9,4.44,0.0,0.0,0.0,100,6820,98.85,13.5
2020-03-23 09:00:00,-8.6,13.3,-10.7,13.7,0.441,13.7,1.03,0.451,13.4,3.12,0.447,13.9,4.43,0.0,0.0,0.0,100,6838,98.86,14.2
2020-03-23 10:00:00,-8.6,13.3,-10.7,13.7,0.441,13.7,1.03,0.452,13.4,3.12,0.447,13.9,4.43,0.0,0.0,0.0,100,6838,98.86,15.2
2020-03-23 11:00:00,-8.6,13.3,-10.7,13.7,0.441,13.7,1.03,0.451,13.4,3.12,0.446,13.9,4.42,0.0,0.0,0.0,100,6847,98.82,16.5
2020-03-23 12:00:00,-8.6,13.4,-10.7,13.7,0.442,13.8,1.03,0.451,13.4,3.12,0.445,13.9,4.44,0.0,0.0,0.0,100,6855,98.74,17.9
2020-03-23 13:00:00,-8.6,13.5,-10.7,13.7,0.442,13.9,1.03,0.451,13.4,3.12,0.445,13.9,4.44,0.0,0.0,0.0,100,6866,98.64,18.9
2020-03-23 14:00:00,-8.6,13.6,-10.7,13.7,0.44299999999999995,14.0,1.05,0.451,13.4,3.12,0.445,13.9,4.44,0.0,0.0,0.0,100,6869,98.55,19.2
2020-03-23 15:00:00,-8.6,13.7,-10.7,13.7,0.444,14.1,1.05,0.451,13.4,3.12,0.445,13.9,4.44,0.0,0.0,0.0,100,6869,98.46,18.7
2020-03-23 16:00:00,-8.6,13.9,-10.7,13.7,0.444,14.3,1.04,0.451,13.5,3.12,0.445,13.9,4.44,0.0,0.0,0.0,100,6875,98.33,18.9
2020-03-23 17:00:00,-8.6,14.0,-10.7,13.7,0.445,14.4,1.05,0.451,13.5,3.12,0.445,14.0,4.42,0.0,0.0,0.0,100,6868,98.24,19.0
2020-03-23 18:00:00,-8.6,14.1,-10.7,13.9,0.445,14.5,1.04,0.451,13.5,3.12,0.445,14.0,4.43,0.0,0.0,0.0,100,6865,98.22,18.1
2020-03-23 19:00:00,-8.6,14.2,-10.7,13.9,0.445,14.6,1.04,0.451,13.6,3.11,0.445,14.0,4.42,0.0,0.0,0.0,100,6860,98.22,17.4
2020-03-23 20:00:00,-8.5,14.3,-10.7,13.9,0.446,14.7,1.04,0.451,13.6,3.11,0.445,14.0,4.43,0.0,0.0,0.0,100,6857,98.25,16.9
2020-03-23 21:00:00,-8.5,14.3,-10.7,13.9,0.446,14.7,1.05,0.452,13.6,3.11,0.445,14.0,4.42,0.0,0.0,0.0,100,6855,98.25,16.3
2020-03-23 22:00:00,-8.5,14.4,-10.7,14.0,0.446,14.8,1.07,0.452,13.7,3.11,0.446,14.0,4.42,0.0,0.0,0.0,100,6854,98.23,16.1
2020-03-23 23:00:00,-8.5,14.4,-10.7,14.0,0.445,14.8,1.07,0.452,13.7,3.1,0.446,14.0,4.42,0.0,0.0,0.0,100,6850,98.17,16.0
2020-03-24 00:00:00,-8.5,14.5,-10.7,14.0,0.445,14.8,1.07,0.451,13.8,3.11,0.446,14.0,4.41,0.0,0.0,0.0,100,6850,98.07,16.0
2020-03-24 01:00:00,-8.5,14.5,-10.7,14.1,0.446,14.9,1.07,0.451,13.8,3.11,0.447,14.0,4.4,0.0,0.0,0.0,100,6848,97.99,16.2
2020-03-24 02:00:00,-8.5,14.5,-10.7,14.1,0.446,14.9,1.07,0.452,13.9,3.1,0.447,14.0,4.4,0.0,0.0,0.0,100,6844,97.91,16.3
2020-03-24 03:00:00,-8.5,14.6,-10.7,14.1,0.447,14.9,1.07,0.45399999999999996,13.9,3.08,0.447,14.0,4.41,0.0,0.0,0.0,100,6842,97.78,16.6
2020-03-24 04:00:00,-8.5,14.6,-10.7,14.2,0.447,14.9,1.07,0.45399999999999996,13.9,3.09,0.447,14.0,4.4,0.0,0.0,0.0,100,6843,97.72,17.4
2020-03-24 05:00:00,-8.5,14.6,-10.7,14.2,0.447,14.9,1.07,0.45399999999999996,14.0,3.08,0.447,14.1,4.4,0.0,0.0,0.0,100,6840,97.71,17.8
2020-03-24 06:00:00,-8.5,14.7,-10.7,14.2,0.44799999999999995,15.0,1.07,0.45399999999999996,14.0,3.08,0.447,14.1,4.4,0.0,0.0,0.0,100,6839,97.75,17.9
2020-03-24 07:00:00,-8.5,14.7,-10.7,14.3,0.447,15.0,1.08,0.45399999999999996,14.0,3.08,0.447,14.1,4.4,0.0,0.0,0.0,100,6847,97.83,18.7
2020-03-24 08:00:00,-8.5,14.7,-10.7,14.3,0.445,15.0,1.09,0.45399999999999996,14.0,3.08,0.447,14.1,4.4,0.0,0.0,0.0,100,6833,97.85,20.6
2020-03-24 09:00:00,-8.5,14.8,-10.7,14.3,0.44,15.1,0.73,0.45399999999999996,14.1,3.07,0.447,14.1,4.4,0.0,0.0,0.0,100,6881,97.91,22.3
2020-03-24 10:00:00,-8.5,14.9,-10.7,14.3,0.431,15.1,0.33,0.45399999999999996,14.1,3.07,0.447,14.1,4.4,0.0,0.0,0.0,100,6912,97.95,24.2
2020-03-24 11:00:00,-8.5,15.0,-10.7,14.4,0.428,15.2,0.22,0.455,14.1,3.07,0.44799999999999995,14.2,4.38,0.0,0.0,0.0,100,6929,97.97,26.3
2020-03-24 12:00:00,-8.5,15.1,-10.7,14.4,0.40299999999999997,15.2,0.17,0.455,14.1,3.06,0.44799999999999995,14.2,4.38,0.0,0.0,0.0,100,6938,97.96,26.8
2020-03-24 13:00:00,-8.5,15.2,-10.7,14.4,0.389,15.4,0.17,0.455,14.2,3.06,0.44799999999999995,14.2,4.38,0.0,0.0,0.0,100,6943,97.97,27.5
2020-03-24 14:00:00,-8.5,15.4,-10.7,14.5,0.365,15.6,0.18,0.456,14.2,3.05,0.44799999999999995,14.2,4.38,0.0,0.0,0.0,100,6944,97.97,27.9
2020-03-24 15:00:00,-8.5,15.5,-10.7,14.5,0.35100000000000003,15.7,0.16,0.457,14.2,3.04,0.44799999999999995,14.2,4.38,0.0,0.0,0.0,100,6935,97.96,27.3
2020-03-24 16:00:00,-8.5,15.7,-10.7,14.5,0.34299999999999997,15.9,0.15,0.457,14.3,3.04,0.44799999999999995,14.2,4.38,0.0,0.0,0.0,100,6931,97.97,26.7
2020-03-24 17:00:00,-8.5,15.8,-10.7,14.6,0.33899999999999997,16.1,0.15,0.457,14.3,3.04,0.44799999999999995,14.2,4.38,0.0,0.0,0.0,100,6922,98.01,25.0
2020-03-24 18:00:00,-8.5,16.0,-10.7,14.6,0.336,16.2,0.15,0.457,14.4,3.03,0.449,14.2,4.38,0.0,0.0,0.0,100,6910,98.09,22.2
2020-03-24 19:00:00,-8.6,16.1,-10.7,14.7,0.33399999999999996,16.3,0.15,0.457,14.4,3.04,0.449,14.3,4.36,0.0,0.0,0.0,100,6904,98.18,19.0
2020-03-24 20:00:00,-8.6,16.1,-10.7,14.7,0.332,16.4,0.15,0.45799999999999996,14.5,3.03,0.449,14.3,4.36,0.0,0.0,0.0,100,6899,98.25,16.6
2020-03-24 21:00:00,-8.7,16.2,-10.7,14.8,0.331,16.4,0.16,0.45799999999999996,14.5,3.03,0.45,14.3,4.36,0.0,0.0,0.0,100,6896,98.29,14.5
2020-03-24 22:00:00,-8.7,16.2,-10.7,14.8,0.33,16.4,0.16,0.45899999999999996,14.6,3.02,0.449,14.3,4.36,0.0,0.0,0.0,100,6890,98.33,12.7
2020-03-24 23:00:00,-8.7,16.1,-10.7,14.9,0.32899999999999996,16.3,0.16,0.45899999999999996,14.7,3.02,0.449,14.4,4.36,0.0,0.0,0.0,100,6888,98.32,11.5
2020-03-25 00:00:00,-8.7,16.1,-10.7,14.9,0.32799999999999996,16.2,0.16,0.45899999999999996,14.7,3.02,0.449,14.4,4.36,0.0,0.0,0.0,100,6888,98.26,11.2
2020-03-25 01:00:00,-8.7,16.0,-10.7,15.0,0.32899999999999996,16.2,0.16,0.45899999999999996,14.8,3.03,0.449,14.4,4.37,0.0,0.0,0.0,100,6884,98.22,10.4
2020-03-25 02:00:00,-8.7,15.9,-10.7,15.0,0.32799999999999996,16.1,0.16,0.45899999999999996,14.8,3.03,0.449,14.4,4.37,0.0,0.0,0.0,100,6877,98.19,9.2
2020-03-25 03:00:00,-8.7,15.8,-10.7,15.1,0.325,16.0,0.16,0.45899999999999996,14.8,3.02,0.449,14.5,4.35,0.0,0.0,0.0,100,6880,98.16,8.8
2020-03-25 04:00:00,-8.7,15.7,-10.7,15.1,0.324,15.8,0.16,0.46,14.8,3.02,0.449,14.5,4.36,0.0,0.0,0.0,100,6876,98.17,8.2
2020-03-25 05:00:00,-8.7,15.6,-10.7,15.1,0.32299999999999995,15.7,0.16,0.46,14.9,3.02,0.45,14.5,4.36,0.0,0.0,0.0,100,6875,98.16,8.1
2020-03-25 06:00:00,-8.7,15.5,-10.7,15.2,0.322,15.6,0.16,0.46,14.9,3.02,0.45,14.6,4.36,0.0,0.0,0.0,100,6875,98.2,7.9
2020-03-25 07:00:00,-8.7,15.3,-10.7,15.2,0.322,15.5,0.16,0.46,14.9,3.02,0.45,14.6,4.36,0.0,0.0,0.0,100,6894,98.23,12.0
2020-03-25 08:00:00,-8.7,15.2,-10.7,15.2,0.322,15.3,0.16,0.46,14.9,3.02,0.45,14.6,4.35,0.0,0.0,0.0,100,6889,98.24,17.6
2020-03-25 09:00:00,-8.7,15.1,-10.7,15.2,0.322,15.2,0.16,0.46,14.9,3.01,0.451,14.6,4.34,0.0,0.0,0.0,100,6919,98.23,21.7
2020-03-25 10:00:00,-8.7,15.1,-10.7,15.2,0.322,15.2,0.16,0.46,14.9,3.01,0.451,14.6,4.34,0.0,0.0,0.0,100,6945,98.19,24.3
2020-03-25 11:00:00,-8.7,15.2,-10.7,15.2,0.321,15.2,0.16,0.45899999999999996,14.8,3.01,0.451,14.6,4.35,0.0,0.0,0.0,100,6957,98.09,26.5
2020-03-25 12:00:00,-8.7,15.3,-10.7,15.2,0.321,15.3,0.16,0.45899999999999996,14.8,3.01,0.451,14.7,4.35,0.0,0.0,0.0,100,6961,98.0,28.3
2020-03-25 13:00:00,-8.7,15.5,-10.7,15.2,0.32,15.4,0.16,0.45899999999999996,14.8,3.01,0.451,14.7,4.34,0.0,0.0,0.0,100,6960,97.89,29.6
2020-03-25 14:00:00,-8.7,15.6,-10.7,15.2,0.32,15.6,0.15,0.45899999999999996,14.8,2.98,0.451,14.7,4.35,0.0,0.0,0.0,100,6959,97.81,30.4
2020-03-25 15:00:00,-8.7,15.8,-10.7,15.2,0.319,15.7,0.15,0.45899999999999996,14.8,2.97,0.451,14.7,4.34,0.0,0.0,0.0,100,6954,97.72,31.1
2020-03-25 16:00:00,-8.7,16.0,-10.7,15.2,0.319,15.9,0.14,0.45899999999999996,14.8,2.96,0.451,14.7,4.35,0.0,0.0,0.0,100,6945,97.68,31.2
2020-03-25 17:00:00,-8.7,16.1,-10.7,15.2,0.319,16.1,0.14,0.45899999999999996,14.8,2.96,0.451,14.7,4.34,0.0,0.0,0.0,100,6931,97.67,30.2
2020-03-25 18:00:00,-8.7,16.3,-10.7,15.2,0.319,16.3,0.14,0.45899999999999996,14.8,2.96,0.451,14.7,4.33,0.0,0.0,0.0,100,6922,97.65,27.1
2020-03-25 19:00:00,-8.7,16.4,-10.7,15.2,0.319,16.4,0.14,0.46,14.9,2.96,0.451,14.7,4.33,0.0,0.0,0.0,100,6913,97.67,22.0
2020-03-25 20:00:00,-8.7,16.5,-10.7,15.2,0.319,16.5,0.14,0.45899999999999996,14.9,2.96,0.451,14.8,4.32,0.0,0.0,0.0,100,6910,97.7,21.0
2020-03-25 21:00:00,-8.7,16.5,-10.7,15.3,0.319,16.6,0.14,0.45799999999999996,15.0,2.97,0.451,14.8,4.32,0.0,0.0,0.0,100,6907,97.74,21.7
2020-03-25 22:00:00,-8.7,16.5,-10.7,15.3,0.318,16.6,0.14,0.457,15.0,2.98,0.451,14.8,4.32,0.0,0.0,0.0,100,6905,97.74,21.7
2020-03-25 23:00:00,-8.7,16.5,-10.7,15.4,0.318,16.6,0.14,0.456,15.0,2.99,0.451,14.8,4.33,0.0,0.0,0.0,100,6902,97.72,21.9
2020-03-26 00:00:00,-8.7,16.6,-10.7,15.4,0.318,16.7,0.14,0.451,15.1,3.03,0.452,14.8,4.32,0.0,0.0,0.0,100,6899,97.67,21.9
2020-03-26 01:00:00,-8.7,16.6,-10.7,15.4,0.318,16.7,0.14,0.447,15.1,3.06,0.452,14.8,4.32,0.0,0.0,0.0,100,6894,97.63,21.5
2020-03-26 02:00:00,-8.7,16.6,-10.8,15.5,0.318,16.7,0.14,0.444,15.2,3.09,0.452,14.9,4.32,0.0,0.0,0.0,100,6890,97.61,20.7
2020-03-26 03:00:00,-8.7,16.7,-10.7,15.5,0.318,16.8,0.13,0.44299999999999995,15.2,3.09,0.452,14.9,4.32,0.0,0.0,0.0,100,6888,97.61,19.8
2020-03-26 04:00:00,-8.7,16.7,-10.7,15.6,0.318,16.8,0.13,0.44299999999999995,15.2,3.09,0.452,14.9,4.31,0.0,0.0,0.0,100,6884,97.62,19.0
2020-03-26 05:00:00,-8.7,16.7,-10.7,15.6,0.318,16.8,0.13,0.442,15.3,3.1,0.45299999999999996,14.9,4.31,0.0,0.0,0.0,100,6881,97.67,18.3
2020-03-26 06:00:00,-8.7,16.7,-10.7,15.6,0.318,16.8,0.13,0.441,15.3,3.1,0.45299999999999996,14.9,4.3,0.0,0.0,0.0,100,6879,97.71,17.9
2020-03-26 07:00:00,-8.7,16.7,-10.7,15.7,0.318,16.8,0.13,0.441,15.4,3.1,0.45299999999999996,15.0,4.3,0.0,0.0,0.0,100,6888,97.76,20.0
2020-03-26 08:00:00,-8.7,16.7,-10.7,15.7,0.318,16.8,0.13,0.441,15.4,3.1,0.45299999999999996,15.0,4.3,0.0,0.0,0.0,100,6887,97.78,23.8
2020-03-26 09:00:00,-8.7,16.8,-10.7,15.7,0.317,16.9,0.13,0.441,15.5,3.1,0.45399999999999996,15.0,4.29,0.0,0.0,0.0,100,6907,97.81,26.8
2020-03-26 10:00:00,-8.7,16.8,-10.7,15.8,0.317,16.9,0.13,0.441,15.5,3.09,0.45399999999999996,15.0,4.3,0.0,0.0,0.0,100,6927,97.81,28.1
2020-03-26 11:00:00,-8.7,17.0,-10.7,15.8,0.317,17.0,0.13,0.441,15.5,3.08,0.45399999999999996,15.0,4.29,0.0,0.0,0.0,100,6942,97.74,31.2
2020-03-26 12:00:00,-8.7,17.1,-10.7,15.8,0.316,17.1,0.12,0.441,15.5,3.07,0.45399999999999996,15.0,4.29,0.0,0.0,0.0,100,6954,97.64,32.6
2020-03-26 13:00:00,-8.7,17.3,-10.7,15.8,0.316,17.3,0.12,0.44,15.6,3.06,0.45399999999999996,15.1,4.29,0.0,0.0,0.0,100,6958,97.55,34.1
2020-03-26 14:00:00,-8.7,17.5,-10.7,15.9,0.316,17.5,0.12,0.44,15.6,3.05,0.45399999999999996,15.1,4.29,0.0,0.0,0.0,100,6962,97.47,34.0
2020-03-26 15:00:00,-8.7,17.7,-10.7,15.9,0.316,17.7,0.12,0.43799999999999994,15.6,2.87,0.45399999999999996,15.1,4.28,0.0,0.0,0.0,100,6957,97.44,33.2
2020-03-26 16:00:00,-8.7,17.9,-10.7,15.9,0.316,17.9,0.12,0.43799999999999994,15.7,2.81,0.455,15.2,4.26,0.0,0.0,0.0,100,6946,97.4,31.9
2020-03-26 17:00:00,-8.7,18.1,-10.7,16.0,0.316,18.1,0.12,0.43700000000000006,15.7,2.78,0.456,15.2,4.27,0.0,0.0,0.0,100,6932,97.36,30.0
2020-03-26 18:00:00,-8.7,18.3,-10.7,16.0,0.316,18.3,0.12,0.43700000000000006,15.8,2.72,0.456,15.2,4.25,0.0,0.0,0.0,100,6923,97.38,26.8
2020-03-26 19:00:00,-8.7,18.4,-10.7,16.1,0.316,18.5,0.12,0.43700000000000006,15.9,2.43,0.456,15.2,4.26,0.0,0.0,0.0,100,6919,97.41,23.6
2020-03-26 20:00:00,-8.7,18.5,-10.7,16.2,0.316,18.6,0.12,0.43700000000000006,16.0,2.42,0.457,15.2,4.25,0.0,0.0,0.0,100,6915,97.45,22.3
2020-03-26 21:00:00,-8.7,18.5,-10.7,16.2,0.316,18.6,0.12,0.43700000000000006,16.0,2.4,0.457,15.3,4.24,0.0,0.0,0.0,100,6912,97.51,22.0
2020-03-26 22:00:00,-8.7,18.5,-10.7,16.3,0.316,18.7,0.12,0.43700000000000006,16.1,2.38,0.457,15.3,4.24,0.0,0.0,0.0,100,6911,97.53,22.0
2020-03-26 23:00:00,-8.7,18.5,-10.7,16.4,0.316,18.7,0.12,0.43700000000000006,16.2,2.37,0.457,15.3,4.25,0.0,0.0,0.0,100,6901,97.51,21.8
2020-03-27 00:00:00,-8.7,18.5,-10.7,16.4,0.316,18.7,0.12,0.43700000000000006,16.3,2.35,0.457,15.4,4.23,0.0,0.0,0.0,100,6903,97.5,21.3
2020-03-27 01:00:00,-8.7,18.5,-10.7,16.5,0.316,18.7,0.12,0.43799999999999994,16.3,2.34,0.45799999999999996,15.4,4.23,0.0,0.0,0.0,100,6900,97.49,21.1
2020-03-27 02:00:00,-8.7,18.5,-10.7,16.6,0.316,18.7,0.12,0.43799999999999994,16.4,2.33,0.45799999999999996,15.4,4.23,0.0,0.0,0.0,100,6894,97.48,21.1
2020-03-27 03:00:00,-8.7,18.5,-10.7,16.6,0.316,18.7,0.12,0.43799999999999994,16.5,2.32,0.45799999999999996,15.5,4.23,0.0,0.0,0.0,100,6892,97.46,21.0
2020-03-27 04:00:00,-8.7,18.5,-10.7,16.7,0.316,18.7,0.12,0.43799999999999994,16.5,2.3,0.45799999999999996,15.5,4.23,0.0,0.0,0.0,100,6890,97.48,20.8
2020-03-27 05:00:00,-8.7,18.5,-10.7,16.7,0.316,18.7,0.12,0.43799999999999994,16.6,2.29,0.45799999999999996,15.6,4.23,0.0,0.0,0.0,100,6887,97.49,20.4
2020-03-27 06:00:00,-8.7,18.5,-10.7,16.8,0.316,18.6,0.12,0.43799999999999994,16.6,2.29,0.45899999999999996,15.6,4.21,0.0,0.0,0.0,100,6883,97.49,20.0
2020-03-27 07:00:00,-8.7,18.5,-10.7,16.8,0.315,18.6,0.12,0.43799999999999994,16.7,2.28,0.45899999999999996,15.6,4.22,0.0,0.0,0.0,100,6884,97.54,20.4
2020-03-27 08:00:00,-8.7,18.5,-10.7,16.8,0.315,18.6,0.12,0.43799999999999994,16.7,2.26,0.45899999999999996,15.7,4.2,0.0,0.0,0.0,100,6861,97.56,21.4
2020-03-27 09:00:00,-8.7,18.5,-10.7,16.9,0.315,18.6,0.12,0.43799999999999994,16.7,2.25,0.45899999999999996,15.7,4.21,0.0,0.0,0.0,100,6875,97.57,21.8
2020-03-27 10:00:00,-8.8,18.5,-10.7,16.9,0.315,18.6,0.12,0.43799999999999994,16.8,2.23,0.46,15.7,4.21,0.0,0.0,0.0,100,6881,97.57,22.6
2020-03-27 11:00:00,-8.8,18.5,-10.8,16.9,0.315,18.6,0.12,0.43799999999999994,16.8,2.21,0.46,15.8,4.2,0.0,0.0,0.0,100,6886,97.57,23.0
2020-03-27 12:00:00,-8.8,18.5,-10.9,17.0,0.315,18.7,0.12,0.439,16.8,2.2,0.46,15.8,4.2,0.0,0.0,0.0,100,6883,97.54,22.8
2020-03-27 13:00:00,-8.8,18.5,-11.0,17.0,0.314,18.7,0.12,0.43799999999999994,16.8,2.19,0.46,15.8,4.2,0.0,0.0,0.0,100,6891,97.44,22.7
2020-03-27 14:00:00,-8.8,18.6,-11.0,17.0,0.314,18.8,0.12,0.439,16.9,2.18,0.461,15.9,4.19,0.0,0.0,0.0,100,6886,97.46,23.0
2020-03-27 15:00:00,-8.8,18.6,-11.0,17.1,0.314,18.8,0.12,0.43799999999999994,16.9,2.17,0.461,15.9,4.19,0.0,0.0,0.0,100,6884,97.36,22.9
2020-03-27 16:00:00,-8.8,18.6,-11.0,17.1,0.314,18.8,0.12,0.396,16.9,2.41,0.461,15.9,4.2,0.0,0.0,0.0,100,6882,97.35,23.1
2020-03-27 17:00:00,-8.8,18.7,-11.0,17.1,0.314,18.9,0.12,0.379,16.9,2.49,0.461,16.0,4.19,0.0,0.0,0.0,100,6877,97.36,23.4
2020-03-27 18:00:00,-8.8,18.7,-11.0,17.1,0.314,18.9,0.12,0.379,17.0,2.48,0.461,16.0,4.19,0.0,0.0,0.0,100,6876,97.37,22.7
2020-03-27 19:00:00,-8.8,18.7,-11.0,17.2,0.314,18.9,0.12,0.379,17.0,2.49,0.461,16.0,4.19,0.0,0.0,0.0,100,6871,97.37,21.7
2020-03-27 20:00:00,-8.8,18.7,-11.0,17.2,0.314,19.0,0.12,0.379,17.0,2.48,0.462,16.0,4.18,0.0,0.0,0.0,100,6869,97.45,21.1
2020-03-27 21:00:00,-8.8,18.7,-11.0,17.2,0.314,19.0,0.12,0.379,17.1,2.47,0.462,16.1,4.18,0.0,0.0,0.0,100,6868,97.49,20.3
2020-03-27 22:00:00,-8.8,18.7,-11.0,17.2,0.314,19.0,0.12,0.377,17.1,2.43,0.462,16.1,4.17,0.0,0.0,0.0,100,6862,97.46,19.9
2020-03-27 23:00:00,-8.8,18.7,-11.0,17.3,0.314,18.9,0.12,0.377,17.1,2.41,0.462,16.1,4.17,0.0,0.0,0.0,100,6859,97.39,20.0
2020-03-28 00:00:00,-8.8,18.7,-11.0,17.3,0.314,18.9,0.12,0.377,17.1,2.41,0.462,16.2,4.17,0.0,0.0,0.0,100,6862,97.36,20.6
2020-03-28 01:00:00,-8.8,18.7,-11.0,17.3,0.314,18.9,0.12,0.377,17.2,2.41,0.46299999999999997,16.2,4.17,0.0,0.0,0.0,100,6862,97.37,21.2
2020-03-28 02:00:00,-8.8,18.7,-11.0,17.4,0.314,18.8,0.12,0.377,17.2,2.41,0.46299999999999997,16.2,4.16,0.0,0.0,0.0,100,6857,97.35,21.7
2020-03-28 03:00:00,-8.8,18.6,-11.0,17.4,0.314,18.8,0.12,0.377,17.2,2.41,0.46299999999999997,16.2,4.17,0.0,0.0,0.0,100,6858,97.27,21.3
2020-03-28 04:00:00,-8.8,18.6,-11.0,17.4,0.314,18.8,0.12,0.376,17.2,2.4,0.46299999999999997,16.2,4.17,0.0,0.0,0.0,100,6853,97.36,20.9
2020-03-28 05:00:00,-8.8,18.6,-11.0,17.4,0.314,18.8,0.12,0.376,17.2,2.4,0.46299999999999997,16.3,4.16,0.0,0.0,0.0,100,6853,97.51,21.0
2020-03-28 06:00:00,-8.9,18.6,-10.9,17.4,0.314,18.8,0.12,0.376,17.3,2.39,0.46399999999999997,16.3,4.15,0.0,0.0,0.0,100,6848,97.66,20.1
2020-03-28 07:00:00,-8.9,18.6,-10.9,17.4,0.314,18.8,0.12,0.376,17.3,2.37,0.46399999999999997,16.3,4.16,0.0,0.0,0.0,100,6847,97.81,18.3
2020-03-28 08:00:00,-8.9,18.5,-10.9,17.5,0.313,18.7,0.12,0.377,17.3,2.37,0.46399999999999997,16.4,4.15,0.0,0.0,0.0,100,6823,97.87,17.3
2020-03-28 09:00:00,-8.9,18.5,-10.9,17.5,0.313,18.6,0.12,0.376,17.3,2.35,0.46399999999999997,16.4,4.14,0.0,0.0,0.0,100,6866,97.87,20.1
2020-03-28 10:00:00,-8.9,18.3,-10.9,17.5,0.313,18.5,0.12,0.376,17.3,2.33,0.46399999999999997,16.4,4.14,0.0,0.0,0.0,100,6906,97.85,21.8
2020-03-28 11:00:00,-8.9,18.2,-10.9,17.5,0.312,18.4,0.12,0.375,17.3,2.32,0.46399999999999997,16.4,4.15,0.0,0.0,0.0,100,6942,97.88,22.4
2020-03-28 12:00:00,-8.9,18.1,-10.9,17.5,0.312,18.3,0.12,0.375,17.3,2.3,0.465,16.4,4.15,0.0,0.0,0.0,100,6963,97.89,23.1
2020-03-28 13:00:00,-8.9,18.0,-10.9,17.5,0.311,18.2,0.12,0.375,17.3,2.29,0.465,16.5,4.13,0.0,0.0,0.0,100,6977,97.91,23.2
2020-03-28 14:00:00,-8.9,18.0,-10.9,17.5,0.311,18.0,0.12,0.374,17.3,2.26,0.465,16.5,4.13,0.0,0.0,0.0,100,6984,97.89,23.2
2020-03-28 15:00:00,-8.9,17.9,-10.9,17.5,0.311,18.0,0.12,0.374,17.3,2.25,0.465,16.5,4.13,0.0,0.0,0.0,100,6983,97.89,23.5
2020-03-28 16:00:00,-8.9,17.9,-10.9,17.5,0.311,18.0,0.12,0.374,17.2,2.23,0.466,16.5,4.12,0.0,0.0,0.0,100,6976,97.94,23.0
2020-03-28 17:00:00,-8.9,17.8,-10.9,17.5,0.311,18.0,0.12,0.374,17.2,2.21,0.466,16.5,4.12,0.0,0.0,0.0,100,6964,98.02,22.0
2020-03-28 18:00:00,-8.9,17.8,-10.9,17.4,0.311,17.9,0.12,0.374,17.2,2.19,0.466,16.5,4.12,0.0,0.0,0.0,100,6955,98.13,20.1
2020-03-28 19:00:00,-8.9,17.7,-10.9,17.4,0.312,17.9,0.12,0.374,17.1,2.18,0.466,16.5,4.12,0.0,0.0,0.0,100,6951,98.22,16.9
2020-03-28 20:00:00,-8.9,17.7,-10.9,17.4,0.311,17.8,0.12,0.375,17.1,2.17,0.466,16.6,4.11,0.0,0.0,0.0,100,6945,98.32,14.3
2020-03-28 21:00:00,-8.9,17.6,-10.8,17.4,0.311,17.7,0.12,0.375,17.1,2.17,0.466,16.6,4.1,0.0,0.0,0.0,100,6942,98.42,12.0
2020-03-28 22:00:00,-9.0,17.5,-10.8,17.4,0.311,17.6,0.12,0.375,17.1,2.16,0.467,16.6,4.11,0.0,0.0,0.0,100,6942,98.55,13.4
2020-03-28 23:00:00,-9.0,17.4,-10.8,17.4,0.311,17.5,0.12,0.375,17.1,2.15,0.467,16.6,4.1,0.0,0.0,0.0,100,6938,98.64,13.9
2020-03-29 00:00:00,-9.0,17.3,-10.8,17.4,0.31,17.4,0.12,0.375,17.1,2.15,0.467,16.6,4.1,0.0,0.0,0.0,100,6935,98.72,12.3
2020-03-29 01:00:00,-9.0,17.1,-10.8,17.4,0.31,17.2,0.12,0.375,17.0,2.14,0.467,16.6,4.1,0.0,0.0,0.0,100,6932,98.74,11.0
2020-03-29 02:00:00,-9.0,17.0,-10.8,17.3,0.311,17.1,0.12,0.374,17.0,2.13,0.467,16.6,4.1,0.0,0.0,0.0,100,6926,98.73,9.1
2020-03-29 03:00:00,-9.0,16.9,-10.8,17.3,0.309,17.0,0.12,0.375,17.0,2.13,0.467,16.6,4.1,0.0,0.0,0.0,100,6922,98.73,6.8
2020-03-29 04:00:00,-9.0,16.7,-10.8,17.3,0.309,16.8,0.12,0.375,16.9,2.13,0.466,16.6,4.11,0.0,0.0,0.0,100,6916,98.75,6.3
2020-03-29 05:00:00,-9.0,16.6,-10.8,17.3,0.309,16.7,0.12,0.375,16.9,2.12,0.466,16.6,4.12,0.0,0.0,0.0,100,6916,98.79,5.8
2020-03-29 06:00:00,-9.0,16.4,-10.8,17.2,0.309,16.5,0.12,0.375,16.9,2.12,0.46299999999999997,16.6,4.15,0.0,0.0,0.0,100,6914,98.9,4.7
2020-03-29 07:00:00,-9.0,16.2,-10.8,17.2,0.309,16.4,0.12,0.374,16.8,2.12,0.46,16.6,4.18,0.0,0.0,0.0,100,6927,99.07,6.7
2020-03-29 08:00:00,-9.0,16.1,-10.8,17.1,0.31,16.2,0.12,0.373,16.8,2.12,0.45799999999999996,16.6,4.2,0.0,0.0,0.0,100,6934,99.19,14.4
2020-03-29 09:00:00,-9.0,15.9,-10.8,17.1,0.309,16.1,0.12,0.37200000000000005,16.7,2.11,0.456,16.6,4.24,0.0,0.0,0.0,100,6965,99.25,18.6
2020-03-29 10:00:00,-9.0,15.9,-10.8,17.0,0.308,16.0,0.12,0.37200000000000005,16.6,2.07,0.45299999999999996,16.6,4.26,0.0,0.0,0.0,100,6983,99.27,20.4
2020-03-29 11:00:00,-9.0,15.9,-10.8,17.0,0.308,16.0,0.12,0.371,16.6,2.05,0.452,16.6,4.27,0.0,0.0,0.0,100,6994,99.23,22.4
2020-03-29 12:00:00,-9.0,16.0,-10.8,16.9,0.308,16.0,0.13,0.371,16.5,2.02,0.451,16.6,4.28,0.0,0.0,0.0,100,6999,99.14,24.9
2020-03-29 13:00:00,-9.0,16.1,-10.8,16.9,0.308,16.1,0.13,0.37,16.5,1.99,0.451,16.6,4.29,0.0,0.0,0.0,100,6996,99.03,26.3
2020-03-29 14:00:00,-9.0,16.2,-10.8,16.9,0.308,16.3,0.13,0.37,16.4,1.97,0.45,16.6,4.29,0.0,0.0,0.0,100,6992,98.97,26.6
2020-03-29 15:00:00,-9.0,16.4,-10.8,16.8,0.307,16.4,0.13,0.37,16.4,1.94,0.45,16.5,4.3,0.0,0.0,0.0,100,6989,98.93,26.7
2020-03-29 16:00:00,-9.0,16.5,-10.9,16.8,0.307,16.6,0.13,0.369,16.3,1.91,0.449,16.5,4.3,0.0,0.0,0.0,100,6979,98.89,25.1
2020-03-29 17:00:00,-9.0,16.6,-10.9,16.8,0.308,16.8,0.13,0.369,16.3,1.9,0.449,16.5,4.3,0.0,0.0,0.0,100,6967,98.92,22.1
2020-03-29 18:00:00,-9.0,16.7,-10.9,16.7,0.308,16.9,0.12,0.369,16.3,1.89,0.449,16.5,4.3,0.0,0.0,0.0,100,6962,98.94,19.0
2020-03-29 19:00:00,-9.0,16.8,-10.9,16.7,0.308,17.0,0.13,0.369,16.3,1.88,0.449,16.5,4.3,0.0,0.0,0.0,100,6957,98.93,16.5
2020-03-29 20:00:00,-9.0,16.8,-10.9,16.7,0.308,17.0,0.12,0.369,16.3,1.88,0.449,16.5,4.3,0.0,0.0,0.0,100,6954,99.0,16.2
2020-03-29 21:00:00,-9.0,16.8,-10.9,16.7,0.308,17.0,0.13,0.369,16.3,1.87,0.449,16.5,4.29,0.0,0.0,0.0,100,6949,99.02,15.1
2020-03-29 22:00:00,-9.0,16.8,-10.9,16.8,0.308,17.0,0.13,0.369,16.4,1.87,0.449,16.5,4.29,0.0,0.0,0.0,100,6948,99.01,14.1
2020-03-29 23:00:00,-9.0,16.7,-10.9,16.8,0.308,17.0,0.13,0.369,16.4,1.86,0.449,16.5,4.3,0.0,0.0,0.0,100,6945,98.99,13.4
2020-03-30 00:00:00,-9.0,16.7,-10.9,16.8,0.307,16.9,0.13,0.37,16.4,1.86,0.449,16.4,4.3,0.0,0.0,0.0,100,6943,98.97,12.9
2020-03-30 01:00:00,-9.0,16.7,-10.9,16.8,0.308,16.9,0.13,0.37,16.4,1.86,0.449,16.4,4.31,0.0,0.0,0.0,100,6941,98.94,13.2
2020-03-30 02:00:00,-9.1,16.6,-10.9,16.8,0.308,16.8,0.13,0.369,16.4,1.86,0.44799999999999995,16.4,4.3,0.0,0.0,0.0,100,6940,98.9,14.0
2020-03-30 03:00:00,-9.1,16.6,-10.9,16.8,0.308,16.8,0.13,0.369,16.4,1.85,0.44799999999999995,16.4,4.3,0.0,0.0,0.0,100,6938,98.91,14.0
2020-03-30 04:00:00,-9.1,16.5,-10.9,16.8,0.308,16.7,0.13,0.369,16.4,1.85,0.44799999999999995,16.4,4.3,0.0,0.0,0.0,100,6935,98.91,13.8
2020-03-30 05:00:00,-9.1,16.5,-10.9,16.8,0.308,16.7,0.13,0.369,16.4,1.84,0.44799999999999995,16.4,4.3,0.0,0.0,0.0,100,6935,98.88,14.1
2020-03-30 06:00:00,-9.1,16.4,-10.9,16.8,0.308,16.6,0.13,0.369,16.4,1.84,0.44799999999999995,16.4,4.3,0.0,0.0,0.0,100,6935,98.94,15.2
2020-03-30 07:00:00,-9.1,16.4,-10.9,16.8,0.307,16.6,0.13,0.369,16.4,1.84,0.44799999999999995,16.4,4.3,0.0,0.0,0.0,100,6932,98.95,15.0
2020-03-30 08:00:00,-9.1,16.3,-10.9,16.8,0.307,16.5,0.13,0.368,16.4,1.84,0.447,16.4,4.31,0.0,0.0,0.0,100,6898,98.92,14.2
2020-03-30 09:00:00,-9.1,16.3,-10.9,16.8,0.306,16.5,0.12,0.369,16.4,1.84,0.447,16.4,4.31,0.0,0.0,0.0,100,6910,98.87,14.4
2020-03-30 10:00:00,-9.1,16.3,-10.9,16.7,0.306,16.5,0.13,0.369,16.4,1.83,0.447,16.4,4.31,0.0,0.0,0.0,100,6914,98.77,14.3
2020-03-30 11:00:00,-9.1,16.2,-11.0,16.7,0.306,16.4,0.12,0.368,16.4,1.83,0.44799999999999995,16.4,4.29,0.0,0.0,0.0,100,6921,98.6,16.0
2020-03-30 12:00:00,-9.1,16.2,-11.0,16.7,0.306,16.4,0.12,0.368,16.3,1.82,0.44799999999999995,16.4,4.29,0.0,0.0,0.0,100,6919,98.5,16.1
2020-03-30 13:00:00,-9.1,16.1,-11.0,16.7,0.306,16.4,0.13,0.368,16.3,1.81,0.44799999999999995,16.4,4.29,0.0,0.0,0.0,100,6922,98.39,16.2
2020-03-30 14:00:00,-9.1,16.1,-11.0,16.7,0.307,16.4,0.13,0.365,16.3,1.82,0.446,16.4,4.32,0.0,0.0,0.0,100,6916,98.55,14.2
2020-03-30 15:00:00,-8.8,15.6,-10.5,16.7,0.38799999999999996,16.0,0.43,0.389,16.3,2.57,0.456,16.4,4.21,0.0,0.0,0.0,100,6915,98.35,11.5
2020-03-30 16:00:00,-8.6,15.0,-10.2,16.6,0.46,15.9,0.82,0.409,16.3,2.75,0.461,16.4,4.15,0.0,0.0,0.0,100,6910,98.31,11.6
2020-03-30 17:00:00,-8.6,15.1,-10.2,16.6,0.462,15.9,0.83,0.41100000000000003,16.2,2.73,0.462,16.4,4.14,0.0,0.0,0.0,100,6910,98.37,11.2
2020-03-30 18:00:00,-8.6,15.2,-10.2,16.5,0.462,15.9,0.85,0.41200000000000003,16.2,2.73,0.462,16.4,4.13,0.0,0.0,0.0,100,6910,98.37,10.9
2020-03-30 19:00:00,-8.6,15.2,-10.2,16.5,0.462,15.8,0.88,0.413,16.2,2.73,0.462,16.4,4.13,0.0,0.0,0.0,100,6905,98.36,10.8
2020-03-30 20:00:00,-8.6,15.2,-10.2,16.5,0.462,15.8,0.89,0.413,16.2,2.74,0.462,16.4,4.12,0.0,0.0,0.0,100,6909,98.4,10.7
2020-03-30 21:00:00,-8.6,15.2,-10.2,16.5,0.462,15.7,0.91,0.413,16.1,2.75,0.462,16.4,4.13,0.0,0.0,0.0,100,6905,98.4,10.6
2020-03-30 22:00:00,-8.6,15.1,-10.2,16.4,0.462,15.7,0.91,0.414,16.1,2.76,0.462,16.4,4.12,0.0,0.0,0.0,100,6903,98.34,10.5
2020-03-30 23:00:00,-8.6,15.1,-10.2,16.4,0.461,15.6,0.94,0.414,16.1,2.77,0.462,16.4,4.12,0.0,0.0,0.0,100,6903,98.35,10.6
2020-03-31 00:00:00,-8.6,15.1,-10.2,16.4,0.46,15.6,0.94,0.415,16.0,2.79,0.462,16.4,4.11,0.0,0.0,0.0,100,6903,98.35,10.7
2020-03-31 01:00:00,-8.6,15.0,-10.2,16.3,0.46,15.5,0.94,0.415,16.0,2.78,0.462,16.4,4.11,0.0,0.0,0.0,100,6904,98.39,10.8
2020-03-31 02:00:00,-8.6,15.0,-10.2,16.3,0.45899999999999996,15.5,0.96,0.41600000000000004,16.0,2.78,0.462,16.4,4.1,0.0,0.0,0.0,100,6895,98.43,11.0
2020-03-31 03:00:00,-8.6,15.0,-10.1,16.3,0.45899999999999996,15.4,0.97,0.41700000000000004,15.9,2.79,0.462,16.3,4.1,0.0,0.0,0.0,100,6896,98.46,11.0
2020-03-31 04:00:00,-8.6,14.9,-10.1,16.2,0.45899999999999996,15.4,0.97,0.418,15.9,2.79,0.462,16.3,4.1,0.0,0.0,0.0,100,6894,98.52,11.0
2020-03-31 05:00:00,-8.6,14.9,-10.1,16.2,0.45799999999999996,15.3,0.97,0.419,15.9,2.79,0.462,16.3,4.1,0.0,0.0,0.0,100,6893,98.58,11.1
2020-03-31 06:00:00,-8.5,14.9,-10.1,16.2,0.45799999999999996,15.3,0.98,0.42,15.8,2.79,0.462,16.3,4.09,0.0,0.0,0.0,100,6893,98.64,11.2
2020-03-31 07:00:00,-8.5,14.8,-10.1,16.2,0.457,15.2,0.98,0.42200000000000004,15.8,2.78,0.46299999999999997,16.3,4.09,0.0,0.0,0.0,100,6892,98.73,11.3
2020-03-31 08:00:00,-8.5,14.8,-10.1,16.1,0.45799999999999996,15.2,0.99,0.423,15.8,2.77,0.462,16.3,4.09,0.0,0.0,0.0,100,6868,98.82,12.1
2020-03-31 09:00:00,-8.5,14.8,-10.1,16.1,0.45799999999999996,15.2,0.99,0.423,15.7,2.78,0.46299999999999997,16.2,4.09,0.0,0.0,0.0,100,6903,98.89,13.7
2020-03-31 10:00:00,-8.5,14.7,-10.1,16.1,0.45799999999999996,15.1,1.0,0.423,15.7,2.78,0.46299999999999997,16.2,4.08,0.0,0.0,0.0,100,6929,98.91,15.6
2020-03-31 11:00:00,-8.5,14.7,-10.1,16.0,0.45799999999999996,15.1,1.01,0.424,15.7,2.77,0.46299999999999997,16.2,4.08,0.0,0.0,0.0,100,6961,98.86,18.2
2020-03-31 12:00:00,-8.5,14.8,-10.1,16.0,0.452,15.1,0.74,0.424,15.6,2.77,0.46299999999999997,16.2,4.07,0.0,0.0,0.0,100,6982,98.79,19.1
2020-03-31 13:00:00,-8.5,14.8,-10.1,16.0,0.42700000000000005,15.2,0.28,0.425,15.6,2.76,0.46299999999999997,16.2,4.06,0.0,0.0,0.0,100,6991,98.73,20.4
2020-03-31 14:00:00,-8.5,14.9,-10.1,15.9,0.38,15.2,0.21,0.425,15.6,2.75,0.46299999999999997,16.2,4.06,0.0,0.0,0.0,100,6999,98.66,21.5
2020-03-31 15:00:00,-8.5,15.0,-10.1,15.9,0.36700000000000005,15.4,0.18,0.425,15.5,2.75,0.46299999999999997,16.2,4.06,0.0,0.0,0.0,100,6998,98.61,22.1
2020-03-31 16:00:00,-8.5,15.1,-10.1,15.9,0.355,15.5,0.18,0.426,15.5,2.75,0.46299999999999997,16.2,4.06,0.0,0.0,0.0,100,6992,98.58,22.2
2020-03-31 17:00:00,-8.6,15.2,-10.1,15.9,0.345,15.6,0.19,0.426,15.5,2.75,0.46299999999999997,16.1,4.06,0.0,0.0,0.0,100,6980,98.58,21.0
2020-03-31 18:00:00,-8.7,15.3,-10.1,15.9,0.34,15.8,0.19,0.426,15.5,2.75,0.46299999999999997,16.1,4.05,0.0,0.0,0.0,100,6972,98.6,17.9
2020-03-31 19:00:00,-8.7,15.4,-10.0,15.9,0.337,15.9,0.19,0.426,15.5,2.74,0.46299999999999997,16.1,4.06,0.0,0.0,0.0,100,6965,98.6,12.7
2020-03-31 20:00:00,-8.7,15.4,-10.0,15.9,0.33299999999999996,15.9,0.19,0.42700000000000005,15.5,2.75,0.46299999999999997,16.1,4.05,0.0,0.0,0.0,100,6959,98.65,10.0
2020-03-31 21:00:00,-8.7,15.4,-10.0,15.9,0.331,15.9,0.19,0.42700000000000005,15.5,2.74,0.46299999999999997,16.1,4.05,0.0,0.0,0.0,100,6959,98.66,9.2
2020-03-31 22:00:00,-8.7,15.4,-10.0,15.9,0.32899999999999996,15.9,0.19,0.42700000000000005,15.6,2.74,0.46299999999999997,16.1,4.05,0.0,0.0,0.0,100,6954,98.66,8.3
2020-03-31 23:00:00,-8.7,15.3,-10.0,15.9,0.327,15.8,0.19,0.42700000000000005,15.6,2.75,0.46299999999999997,16.0,4.05,0.0,0.0,0.0,100,6952,98.63,7.7
2020-04-01 00:00:00,-8.7,15.3,-10.0,15.9,0.326,15.7,0.18,0.428,15.6,2.75,0.46299999999999997,16.0,4.06,0.0,0.0,0.0,100,6954,98.56,7.9
2020-04-01 01:00:00,-8.7,15.2,-10.0,15.9,0.324,15.6,0.17,0.428,15.6,2.75,0.46299999999999997,16.0,4.05,0.0,0.0,0.0,100,6951,98.53,7.6
2020-04-01 02:00:00,-8.7,15.1,-10.0,15.9,0.32299999999999995,15.5,0.18,0.428,15.6,2.75,0.46299999999999997,16.0,4.05,0.0,0.0,0.0,100,6943,98.52,7.6
2020-04-01 03:00:00,-8.7,15.0,-10.0,15.9,0.322,15.4,0.18,0.42700000000000005,15.6,2.75,0.46299999999999997,16.0,4.05,0.0,0.0,0.0,100,6945,98.46,7.8
2020-04-01 04:00:00,-8.7,14.9,-10.0,15.9,0.321,15.3,0.17,0.42700000000000005,15.6,2.76,0.462,16.0,4.05,0.0,0.0,0.0,100,6942,98.4,8.1
2020-04-01 05:00:00,-8.7,14.8,-10.0,15.9,0.32,15.2,0.17,0.42700000000000005,15.6,2.76,0.462,16.0,4.05,0.0,0.0,0.0,100,6941,98.37,8.7
2020-04-01 06:00:00,-8.7,14.8,-10.0,15.9,0.32,15.1,0.17,0.42700000000000005,15.6,2.76,0.462,16.0,4.05,0.0,0.0,0.0,100,6940,98.41,7.9
2020-04-01 07:00:00,-8.7,14.7,-10.0,15.9,0.32,15.1,0.16,0.42700000000000005,15.5,2.77,0.462,16.0,4.05,0.0,0.0,0.0,100,6954,98.48,11.1
2020-04-01 08:00:00,-8.7,14.6,-10.0,15.8,0.319,15.0,0.16,0.42700000000000005,15.5,2.77,0.46299999999999997,16.0,4.04,0.0,0.0,0.0,100,6956,98.52,15.5
2020-04-01 09:00:00,-8.7,14.6,-10.0,15.8,0.318,14.9,0.16,0.42700000000000005,15.5,2.77,0.46299999999999997,16.0,4.04,0.0,0.0,0.0,100,6977,98.56,18.4
2020-04-01 10:00:00,-8.7,14.6,-10.0,15.8,0.318,14.9,0.16,0.42700000000000005,15.5,2.77,0.46299999999999997,16.0,4.04,0.0,0.0,0.0,100,6998,98.54,20.1
2020-04-01 11:00:00,-8.7,14.7,-10.0,15.8,0.317,14.9,0.16,0.426,15.4,2.77,0.46299999999999997,16.0,4.04,0.0,0.0,0.0,100,7006,98.46,21.1
2020-04-01 12:00:00,-8.7,14.8,-10.0,15.7,0.316,15.0,0.16,0.426,15.4,2.77,0.46299999999999997,16.0,4.04,0.0,0.0,0.0,100,7011,98.36,22.6
2020-04-01 13:00:00,-8.7,14.9,-10.0,15.7,0.316,15.1,0.16,0.426,15.4,2.76,0.462,16.0,4.04,0.0,0.0,0.0,100,7006,98.25,23.1
2020-04-01 14:00:00,-8.7,15.0,-10.0,15.7,0.316,15.2,0.16,0.425,15.4,2.77,0.462,16.0,4.03,0.0,0.0,0.0,100,7008,98.15,22.5
2020-04-01 15:00:00,-8.7,15.2,-10.0,15.7,0.315,15.4,0.16,0.425,15.4,2.76,0.462,15.9,4.04,0.0,0.0,0.0,100,6998,98.09,22.3
2020-04-01 16:00:00,-8.7,15.3,-10.0,15.7,0.315,15.5,0.16,0.425,15.3,2.77,0.462,15.9,4.05,0.0,0.0,0.0,100,6991,98.07,21.1
2020-04-01 17:00:00,-8.7,15.4,-10.0,15.7,0.315,15.6,0.16,0.425,15.3,2.76,0.462,15.9,4.04,0.0,0.0,0.0,100,6983,98.08,19.7
2020-04-01 18:00:00,-8.7,15.5,-9.9,15.7,0.315,15.8,0.16,0.425,15.4,2.76,0.462,15.9,4.05,0.0,0.0,0.0,100,6977,98.09,18.0
2020-04-01 19:00:00,-8.7,15.5,-9.9,15.7,0.315,15.8,0.16,0.425,15.4,2.77,0.462,15.9,4.04,0.0,0.0,0.0,100,6974,98.12,16.8
2020-04-01 20:00:00,-8.7,15.5,-9.9,15.7,0.315,15.9,0.16,0.424,15.4,2.77,0.462,15.9,4.03,0.0,0.0,0.0,100,6970,98.19,16.1
2020-04-01 21:00:00,-8.7,15.5,-9.9,15.7,0.315,15.9,0.16,0.423,15.4,2.78,0.462,15.9,4.03,0.0,0.0,0.0,100,6966,98.2,15.0
2020-04-01 22:00:00,-8.7,15.5,-9.9,15.7,0.315,15.9,0.16,0.42100000000000004,15.4,2.79,0.462,15.9,4.03,0.0,0.0,0.0,100,6960,98.18,14.0
2020-04-01 23:00:00,-8.7,15.5,-9.9,15.8,0.315,15.9,0.16,0.41700000000000004,15.5,2.82,0.462,15.8,4.03,0.0,0.0,0.0,100,6960,98.18,13.3
2020-04-02 00:00:00,-8.7,15.5,-9.9,15.8,0.315,15.8,0.16,0.41200000000000003,15.5,2.86,0.462,15.8,4.03,0.0,0.0,0.0,100,6956,98.12,13.1
2020-04-02 01:00:00,-8.7,15.4,-9.9,15.8,0.314,15.8,0.16,0.408,15.5,2.88,0.462,15.8,4.04,0.0,0.0,0.0,100,6955,98.09,13.6
2020-04-02 02:00:00,-8.7,15.4,-9.9,15.8,0.314,15.7,0.16,0.406,15.5,2.89,0.462,15.8,4.02,0.0,0.0,0.0,100,6953,98.04,14.0
2020-04-02 03:00:00,-8.7,15.3,-9.9,15.8,0.314,15.7,0.16,0.406,15.5,2.9,0.462,15.8,4.02,0.0,0.0,0.0,100,6953,98.02,14.2
2020-04-02 04:00:00,-8.7,15.3,-9.9,15.8,0.313,15.6,0.16,0.405,15.5,2.91,0.462,15.8,4.02,0.0,0.0,0.0,100,6951,98.01,14.5
2020-04-02 05:00:00,-8.7,15.2,-9.9,15.8,0.313,15.6,0.16,0.40399999999999997,15.5,2.91,0.46299999999999997,15.8,4.02,0.0,0.0,0.0,100,6947,98.04,14.1
2020-04-02 06:00:00,-8.7,15.2,-9.9,15.8,0.313,15.6,0.16,0.40399999999999997,15.5,2.91,0.46299999999999997,15.8,4.02,0.0,0.0,0.0,100,6947,98.1,14.0
2020-04-02 07:00:00,-8.7,15.2,-9.9,15.8,0.313,15.5,0.16,0.40399999999999997,15.5,2.9,0.46299999999999997,15.8,4.02,0.0,0.0,0.0,100,6948,98.14,14.9
2020-04-02 08:00:00,-8.7,15.1,-9.9,15.8,0.313,15.5,0.16,0.40399999999999997,15.5,2.9,0.46299999999999997,15.8,4.02,0.0,0.0,0.0,100,6921,98.17,15.7
2020-04-02 09:00:00,-8.7,15.1,-9.9,15.8,0.313,15.5,0.16,0.40399999999999997,15.5,2.9,0.46299999999999997,15.8,4.01,0.0,0.0,0.0,100,6931,98.23,16.2
2020-04-02 10:00:00,-8.7,15.1,-9.9,15.8,0.313,15.5,0.16,0.40399999999999997,15.5,2.9,0.46299999999999997,15.8,4.01,0.0,0.0,0.0,100,6948,98.19,18.5
2020-04-02 11:00:00,-8.7,15.1,-9.9,15.8,0.312,15.5,0.16,0.40299999999999997,15.5,2.9,0.46299999999999997,15.8,4.01,0.0,0.0,0.0,100,6952,98.14,19.2
2020-04-02 12:00:00,-8.7,15.2,-9.9,15.8,0.312,15.5,0.16,0.40299999999999997,15.5,2.77,0.46299999999999997,15.8,4.0,0.0,0.0,0.0,100,6954,98.12,20.2
2020-04-02 13:00:00,-8.7,15.3,-9.9,15.8,0.312,15.6,0.16,0.401,15.5,2.34,0.46299999999999997,15.8,4.0,0.0,0.0,0.0,100,6957,98.03,20.3
2020-04-02 14:00:00,-8.7,15.4,-9.9,15.8,0.312,15.7,0.16,0.401,15.5,2.31,0.46299999999999997,15.8,4.0,0.0,0.0,0.0,100,6951,97.99,20.0
2020-04-02 15:00:00,-8.7,15.5,-10.0,15.8,0.312,15.8,0.16,0.4,15.5,2.28,0.46399999999999997,15.8,4.0,0.0,0.0,0.0,100,6947,97.97,19.0
2020-04-02 16:00:00,-8.7,15.6,-10.1,15.8,0.312,15.9,0.16,0.4,15.5,2.27,0.46299999999999997,15.8,4.0,0.0,0.0,0.0,100,6942,97.97,18.9
2020-04-02 17:00:00,-8.7,15.7,-10.1,15.8,0.312,16.0,0.16,0.392,15.5,2.26,0.46299999999999997,15.8,4.0,0.0,0.0,0.0,100,6939,97.99,18.1
2020-04-02 18:00:00,-8.8,15.7,-10.1,15.8,0.312,16.1,0.16,0.38,15.5,2.28,0.46299999999999997,15.8,4.0,0.0,0.0,0.0,100,6938,98.0,17.7
2020-04-02 19:00:00,-8.8,15.8,-10.1,15.8,0.312,16.2,0.16,0.379,15.5,2.26,0.46299999999999997,15.8,4.0,0.0,0.0,0.0,100,6937,98.03,17.5
2020-04-02 20:00:00,-8.8,15.8,-10.1,15.8,0.312,16.2,0.16,0.37799999999999995,15.5,2.25,0.46299999999999997,15.8,4.01,0.0,0.0,0.0,100,6935,98.07,17.5
2020-04-02 21:00:00,-8.8,15.9,-10.2,15.8,0.312,16.2,0.16,0.37799999999999995,15.5,2.24,0.46299999999999997,15.8,4.0,0.0,0.0,0.0,100,6931,98.08,17.9
2020-04-02 22:00:00,-8.8,15.9,-10.2,15.8,0.312,16.3,0.16,0.37799999999999995,15.6,2.21,0.46299999999999997,15.8,4.0,0.0,0.0,0.0,100,6930,98.12,17.9
2020-04-02 23:00:00,-8.8,16.0,-10.2,15.9,0.312,16.3,0.16,0.377,15.6,2.21,0.46299999999999997,15.8,3.99,0.0,0.0,0.0,100,6928,98.15,17.8
2020-04-03 00:00:00,-8.8,16.0,-10.2,15.9,0.312,16.3,0.16,0.377,15.6,2.2,0.46399999999999997,15.8,3.99,0.0,0.0,0.0,100,6929,98.18,17.8
2020-04-03 01:00:00,-8.8,16.0,-10.2,15.9,0.311,16.3,0.16,0.377,15.6,2.19,0.46299999999999997,15.8,4.0,0.0,0.0,0.0,100,6924,98.23,17.6
2020-04-03 02:00:00,-8.8,16.1,-10.2,15.9,0.311,16.4,0.16,0.376,15.6,2.18,0.461,15.8,4.03,0.0,0.0,0.0,100,6922,98.2,16.9
2020-04-03 03:00:00,-8.8,16.1,-10.2,15.9,0.311,16.4,0.16,0.376,15.7,2.17,0.461,15.8,4.02,0.0,0.0,0.0,100,6916,98.19,16.3
2020-04-03 04:00:00,-8.8,16.1,-10.2,16.0,0.311,16.4,0.16,0.376,15.7,2.16,0.461,15.8,4.02,0.0,0.0,0.0,100,6910,98.39,11.7
2020-04-03 05:00:00,-8.8,16.1,-10.2,16.0,0.312,16.4,0.16,0.375,15.7,2.15,0.461,15.9,4.02,0.0,0.0,0.0,100,6903,98.46,7.1
2020-04-03 06:00:00,-8.8,16.0,-10.2,16.0,0.313,16.3,0.16,0.373,15.7,2.14,0.46,15.9,4.03,0.0,0.0,0.0,100,6900,98.53,5.7
2020-04-03 07:00:00,-8.8,15.9,-10.2,16.0,0.313,16.2,0.16,0.37200000000000005,15.7,2.13,0.46,15.9,4.03,0.0,0.0,0.0,100,6899,98.63,4.5
2020-04-03 08:00:00,-8.8,15.7,-10.2,16.0,0.312,16.0,0.16,0.373,15.7,2.1,0.461,15.9,4.02,0.0,0.0,0.0,100,6865,98.73,3.9
2020-04-03 09:00:00,-8.8,15.4,-10.2,16.0,0.312,15.7,0.16,0.37200000000000005,15.8,2.1,0.461,15.9,4.02,0.0,0.0,0.0,100,6875,98.85,3.5
2020-04-03 10:00:00,-8.8,15.2,-10.2,16.0,0.313,15.5,0.16,0.37200000000000005,15.7,2.1,0.461,15.9,4.02,0.0,0.0,0.0,100,6888,98.91,3.9
2020-04-03 11:00:00,-8.8,15.0,-10.2,16.0,0.312,15.2,0.16,0.37200000000000005,15.7,2.1,0.461,15.9,4.02,0.0,0.0,0.0,100,6894,98.89,4.6
2020-04-03 12:00:00,-8.8,14.7,-10.2,16.0,0.312,15.0,0.16,0.373,15.7,2.09,0.462,15.9,4.01,0.0,0.0,0.0,100,6901,98.87,4.8
2020-04-03 13:00:00,-8.8,14.5,-10.2,16.0,0.311,14.8,0.16,0.374,15.6,2.08,0.462,15.9,4.01,0.0,0.0,0.0,100,6902,98.87,4.5
2020-04-03 14:00:00,-8.8,14.4,-10.2,16.0,0.311,14.7,0.16,0.374,15.6,2.08,0.46299999999999997,15.9,4.0,0.0,0.0,0.0,100,6907,98.85,4.1
2020-04-03 15:00:00,-8.8,14.2,-10.2,15.9,0.311,14.5,0.16,0.374,15.5,2.07,0.46299999999999997,15.9,3.99,0.0,0.0,0.0,100,6908,98.81,3.6
2020-04-03 16:00:00,-8.8,14.0,-10.2,15.9,0.311,14.3,0.16,0.374,15.5,2.07,0.46299999999999997,15.9,3.99,0.0,0.0,0.0,100,6906,98.79,3.3
2020-04-03 17:00:00,-8.8,13.8,-10.3,15.8,0.311,14.1,0.16,0.374,15.4,2.06,0.46399999999999997,15.9,3.99,0.0,0.0,0.0,100,6901,98.79,3.0
2020-04-03 18:00:00,-8.8,13.6,-10.3,15.7,0.31,13.9,0.16,0.374,15.3,2.05,0.46399999999999997,15.9,3.99,0.0,0.0,0.0,100,6900,98.83,2.8
2020-04-03 19:00:00,-8.8,13.4,-10.3,15.7,0.31,13.8,0.16,0.374,15.2,2.06,0.46399999999999997,15.9,3.98,0.0,0.0,0.0,100,6899,98.85,2.8
2020-04-03 20:00:00,-8.9,13.2,-10.3,15.6,0.31,13.6,0.16,0.373,15.2,2.04,0.46399999999999997,15.9,3.98,0.0,0.0,0.0,100,6899,98.85,2.8
2020-04-03 21:00:00,-8.9,13.1,-10.3,15.6,0.31,13.4,0.16,0.373,15.1,2.04,0.46399999999999997,15.8,3.98,0.0,0.0,0.0,100,6898,98.92,2.8
2020-04-03 22:00:00,-8.9,12.9,-10.3,15.5,0.31,13.3,0.16,0.37200000000000005,15.0,2.04,0.46399999999999997,15.8,3.98,0.0,0.0,0.0,100,6900,98.94,2.9
2020-04-03 23:00:00,-8.9,12.8,-10.3,15.4,0.31,13.1,0.16,0.37200000000000005,15.0,2.04,0.46399999999999997,15.8,3.98,0.0,0.0,0.0,100,6897,98.88,3.2
2020-04-04 00:00:00,-8.9,12.6,-10.3,15.3,0.31,13.0,0.17,0.37200000000000005,14.9,2.03,0.46399999999999997,15.8,3.98,0.0,0.0,0.0,100,6897,98.86,3.3
2020-04-04 01:00:00,-8.9,12.5,-10.3,15.3,0.309,12.9,0.17,0.37200000000000005,14.8,2.03,0.46299999999999997,15.8,3.99,0.0,0.0,0.0,100,6896,98.83,3.4
2020-04-04 02:00:00,-8.9,12.4,-10.3,15.2,0.309,12.7,0.17,0.371,14.7,2.04,0.46299999999999997,15.8,3.98,0.0,0.0,0.0,100,6884,98.79,3.6
2020-04-04 03:00:00,-8.9,12.2,-10.3,15.1,0.309,12.6,0.17,0.371,14.6,2.03,0.46299999999999997,15.7,3.98,0.0,0.0,0.0,100,6884,98.78,3.5
2020-04-04 04:00:00,-8.9,12.1,-10.3,15.1,0.309,12.5,0.17,0.37,14.5,2.04,0.46299999999999997,15.7,3.99,0.0,0.0,0.0,100,6881,98.81,3.6
2020-04-04 05:00:00,-8.9,12.0,-10.3,15.0,0.309,12.4,0.17,0.37,14.4,2.03,0.46299999999999997,15.7,3.98,0.0,0.0,0.0,100,6886,98.8,3.6
2020-04-04 06:00:00,-8.9,11.9,-10.3,14.9,0.309,12.3,0.17,0.37,14.4,2.03,0.46299999999999997,15.6,3.99,0.0,0.0,0.0,100,6885,98.85,3.7
2020-04-04 07:00:00,-8.9,11.8,-10.3,14.8,0.309,12.2,0.17,0.37,14.3,2.02,0.46299999999999997,15.6,3.99,0.0,0.0,0.0,100,6886,98.89,4.1
2020-04-04 08:00:00,-8.9,11.7,-10.3,14.8,0.309,12.1,0.17,0.369,14.2,2.02,0.46299999999999997,15.6,3.98,0.0,0.0,0.0,100,6856,98.9,4.8
2020-04-04 09:00:00,-9.0,11.7,-10.3,14.7,0.308,12.0,0.17,0.369,14.1,2.02,0.462,15.5,3.99,0.0,0.0,0.0,100,6867,98.92,5.4
2020-04-04 10:00:00,-9.0,11.6,-10.3,14.6,0.308,11.9,0.17,0.368,14.1,2.02,0.462,15.5,4.0,0.0,0.0,0.0,100,6877,98.93,6.4
2020-04-04 11:00:00,-9.0,11.5,-10.3,14.6,0.308,11.9,0.17,0.368,14.0,2.01,0.462,15.4,4.0,0.0,0.0,0.0,100,6884,98.93,7.4
2020-04-04 12:00:00,-9.0,11.5,-10.4,14.5,0.308,11.9,0.17,0.368,13.9,2.0,0.462,15.4,4.0,0.0,0.0,0.0,100,6888,98.9,7.7
2020-04-04 13:00:00,-9.0,11.5,-10.4,14.4,0.308,11.9,0.17,0.36700000000000005,13.8,2.0,0.462,15.4,3.99,0.0,0.0,0.0,100,6891,98.82,7.5
2020-04-04 14:00:00,-9.0,11.5,-10.4,14.4,0.308,11.9,0.17,0.36700000000000005,13.7,2.0,0.461,15.3,4.0,0.0,0.0,0.0,100,6897,98.7,7.2
2020-04-04 15:00:00,-9.0,11.5,-10.4,14.3,0.308,11.9,0.17,0.366,13.7,1.99,0.46,15.3,4.01,0.0,0.0,0.0,100,6904,98.63,8.0
2020-04-04 16:00:00,-9.0,11.5,-10.4,14.2,0.309,11.9,0.17,0.366,13.6,1.99,0.46,15.2,4.01,0.0,0.0,0.0,100,6906,98.58,9.4
2020-04-04 17:00:00,-9.0,11.5,-10.4,14.2,0.309,11.9,0.17,0.365,13.6,1.98,0.46,15.2,4.02,0.0,0.0,0.0,100,6907,98.6,9.4
2020-04-04 18:00:00,-9.0,11.6,-10.4,14.1,0.308,11.9,0.17,0.365,13.5,1.98,0.46,15.2,4.0,0.0,0.0,0.0,100,6900,98.64,8.6
2020-04-04 19:00:00,-9.0,11.6,-10.4,14.1,0.308,12.0,0.17,0.365,13.5,1.97,0.46,15.2,4.01,0.0,0.0,0.0,100,6899,98.67,8.1
2020-04-04 20:00:00,-9.0,11.6,-10.4,14.0,0.308,12.0,0.17,0.365,13.5,1.94,0.46,15.1,4.0,0.0,0.0,0.0,100,6899,98.72,7.7
2020-04-04 21:00:00,-9.0,11.6,-10.4,14.0,0.308,12.0,0.17,0.364,13.4,1.93,0.46,15.1,4.01,0.0,0.0,0.0,100,6899,98.73,7.1
2020-04-04 22:00:00,-9.0,11.6,-10.4,14.0,0.308,12.0,0.17,0.364,13.4,1.93,0.46,15.0,4.01,0.0,0.0,0.0,100,6896,98.75,6.8
2020-04-04 23:00:00,-9.0,11.6,-10.4,13.9,0.308,12.0,0.17,0.364,13.4,1.93,0.45899999999999996,15.0,4.01,0.0,0.0,0.0,100,6895,98.75,6.6
2020-04-05 00:00:00,-9.0,11.5,-10.4,13.9,0.308,11.9,0.17,0.364,13.3,1.92,0.45899999999999996,15.0,4.02,0.0,0.0,0.0,100,6894,98.76,6.4
2020-04-05 01:00:00,-9.0,11.5,-10.4,13.9,0.308,11.9,0.17,0.364,13.3,1.92,0.45799999999999996,14.9,4.02,0.0,0.0,0.0,100,6893,98.74,6.3
2020-04-05 02:00:00,-9.0,11.5,-10.4,13.8,0.308,11.9,0.17,0.364,13.2,1.88,0.457,14.9,4.03,0.0,0.0,0.0,100,6888,98.71,6.4
2020-04-05 03:00:00,-9.0,11.5,-10.4,13.7,0.308,11.9,0.17,0.364,13.2,1.88,0.456,14.9,4.04,0.0,0.0,0.0,100,6888,98.69,6.3
2020-04-05 04:00:00,-9.0,11.4,-10.4,13.7,0.308,11.9,0.17,0.364,13.2,1.87,0.45399999999999996,14.8,4.08,0.0,0.0,0.0,100,6891,98.69,6.3
2020-04-05 05:00:00,-9.0,11.4,-10.4,13.7,0.308,11.8,0.17,0.363,13.2,1.88,0.451,14.8,4.11,0.0,0.0,0.0,100,6884,98.73,6.3
2020-04-05 06:00:00,-9.0,11.4,-10.4,13.6,0.308,11.8,0.17,0.363,13.1,1.88,0.44799999999999995,14.8,4.13,0.0,0.0,0.0,100,6888,98.78,6.3
2020-04-05 07:00:00,-9.0,11.4,-10.4,13.6,0.308,11.8,0.17,0.363,13.1,1.87,0.446,14.7,4.16,0.0,0.0,0.0,100,6891,98.85,6.7
2020-04-05 08:00:00,-9.0,11.3,-10.4,13.6,0.308,11.7,0.17,0.363,13.1,1.87,0.444,14.7,4.19,0.0,0.0,0.0,100,6867,98.89,8.1
2020-04-05 09:00:00,-9.0,11.3,-10.4,13.6,0.308,11.7,0.17,0.363,13.1,1.87,0.44299999999999995,14.7,4.2,0.0,0.0,0.0,100,6882,98.92,9.9
2020-04-05 10:00:00,-9.0,11.3,-10.4,13.5,0.308,11.7,0.17,0.36200000000000004,13.0,1.87,0.442,14.6,4.21,0.0,0.0,0.0,100,6912,98.94,12.5
2020-04-05 11:00:00,-9.0,11.4,-10.4,13.5,0.308,11.8,0.17,0.363,13.0,1.86,0.442,14.6,4.21,0.0,0.0,0.0,100,6940,98.9,16.1
2020-04-05 12:00:00,-9.0,11.5,-10.4,13.5,0.307,11.9,0.17,0.363,13.0,1.85,0.442,14.6,4.2,0.0,0.0,0.0,100,6956,98.82,18.5
2020-04-05 13:00:00,-9.0,11.6,-10.4,13.5,0.307,12.0,0.17,0.36200000000000004,13.0,1.85,0.441,14.6,4.2,0.0,0.0,0.0,100,6979,98.74,20.5
2020-04-05 14:00:00,-9.0,11.8,-10.4,13.4,0.307,12.3,0.17,0.36200000000000004,13.0,1.84,0.44,14.5,4.23,0.0,0.0,0.0,100,6986,98.65,21.7
2020-04-05 15:00:00,-9.0,12.0,-10.5,13.4,0.307,12.5,0.17,0.36200000000000004,12.9,1.83,0.44,14.5,4.23,0.0,0.0,0.0,100,6990,98.57,22.5
2020-04-05 16:00:00,-9.0,12.2,-10.5,13.4,0.307,12.7,0.17,0.361,13.0,1.83,0.44,14.5,4.22,0.0,0.0,0.0,100,6987,98.49,21.9
2020-04-05 17:00:00,-9.0,12.5,-10.5,13.4,0.307,13.0,0.17,0.36200000000000004,13.0,1.82,0.44,14.5,4.21,0.0,0.0,0.0,100,6980,98.51,19.9
2020-04-05 18:00:00,-9.0,12.7,-10.5,13.4,0.307,13.2,0.17,0.36200000000000004,13.0,1.82,0.439,14.4,4.22,0.0,0.0,0.0,100,6972,98.55,17.8
2020-04-05 19:00:00,-9.0,12.9,-10.5,13.4,0.308,13.4,0.17,0.36200000000000004,13.0,1.81,0.44,14.4,4.22,0.0,0.0,0.0,100,6967,98.56,16.8
2020-04-05 20:00:00,-9.0,13.0,-10.5,13.5,0.308,13.6,0.17,0.36200000000000004,13.1,1.81,0.439,14.4,4.23,0.0,0.0,0.0,100,6964,98.63,16.4
2020-04-05 21:00:00,-9.0,13.1,-10.5,13.5,0.308,13.7,0.17,0.36200000000000004,13.1,1.81,0.439,14.4,4.21,0.0,0.0,0.0,100,6960,98.67,16.1
2020-04-05 22:00:00,-9.0,13.2,-10.5,13.5,0.308,13.8,0.17,0.36200000000000004,13.2,1.82,0.439,14.4,4.22,0.0,0.0,0.0,100,6958,98.65,15.9
2020-04-05 23:00:00,-9.0,13.3,-10.5,13.6,0.308,13.8,0.17,0.363,13.2,1.81,0.439,14.4,4.22,0.0,0.0,0.0,100,6957,98.68,15.7
2020-04-06 00:00:00,-9.1,13.4,-10.5,13.6,0.308,13.9,0.17,0.363,13.3,1.81,0.439,14.4,4.22,0.0,0.0,0.0,100,6955,98.67,15.4
2020-04-06 01:00:00,-9.1,13.4,-10.5,13.6,0.308,13.9,0.17,0.363,13.4,1.81,0.439,14.4,4.22,0.0,0.0,0.0,100,6951,98.62,15.1
2020-04-06 02:00:00,-9.1,13.5,-10.5,13.7,0.308,14.0,0.17,0.363,13.4,1.81,0.439,14.4,4.22,0.0,0.0,0.0,100,6944,98.54,14.9
2020-04-06 03:00:00,-9.1,13.5,-10.5,13.7,0.308,14.0,0.17,0.363,13.5,1.81,0.439,14.4,4.22,0.0,0.0,0.0,100,6945,98.5,14.3
2020-04-06 04:00:00,-9.1,13.6,-10.5,13.8,0.308,14.1,0.16,0.363,13.5,1.81,0.439,14.4,4.22,0.0,0.0,0.0,100,6942,98.51,14.4
2020-04-06 05:00:00,-9.1,13.6,-10.5,13.9,0.308,14.1,0.16,0.364,13.6,1.8,0.44,14.4,4.21,0.0,0.0,0.0,100,6941,98.52,14.8
2020-04-06 06:00:00,-9.1,13.6,-10.5,13.9,0.308,14.1,0.17,0.364,13.6,1.8,0.439,14.4,4.22,0.0,0.0,0.0,100,6939,98.56,15.1
2020-04-06 07:00:00,-9.1,13.7,-10.5,14.0,0.308,14.1,0.16,0.364,13.6,1.8,0.439,14.4,4.22,0.0,0.0,0.0,100,6942,98.6,15.7
2020-04-06 08:00:00,-9.1,13.7,-10.5,14.0,0.308,14.2,0.16,0.364,13.7,1.8,0.44,14.4,4.21,0.0,0.0,0.0,100,6926,98.62,17.7
2020-04-06 09:00:00,-9.1,13.8,-10.5,14.0,0.308,14.2,0.16,0.364,13.7,1.8,0.44,14.4,4.21,0.0,0.0,0.0,100,6941,98.66,19.4
2020-04-06 10:00:00,-9.1,13.9,-10.5,14.0,0.308,14.3,0.16,0.364,13.8,1.79,0.44,14.4,4.21,0.0,0.0,0.0,100,6948,98.61,21.0
2020-04-06 11:00:00,-9.1,14.0,-10.5,14.1,0.308,14.4,0.16,0.364,13.8,1.79,0.439,14.4,4.21,0.0,0.0,0.0,100,6953,98.57,21.1
2020-04-06 12:00:00,-9.1,14.2,-10.5,14.1,0.308,14.5,0.16,0.364,13.9,1.78,0.439,14.4,4.21,0.0,0.0,0.0,100,6955,98.47,21.9
2020-04-06 13:00:00,-9.1,14.4,-10.5,14.1,0.308,14.7,0.17,0.364,13.9,1.77,0.439,14.4,4.21,0.0,0.0,0.0,100,6962,98.4,22.6
2020-04-06 14:00:00,-9.1,14.5,-10.5,14.2,0.308,14.8,0.16,0.363,13.9,1.77,0.439,14.5,4.21,0.0,0.0,0.0,100,6980,98.32,24.4
2020-04-06 15:00:00,-9.1,14.7,-10.5,14.2,0.308,15.0,0.16,0.363,14.0,1.76,0.439,14.5,4.22,0.0,0.0,0.0,100,6974,98.28,24.2
2020-04-06 16:00:00,-9.1,14.9,-10.5,14.2,0.308,15.2,0.16,0.363,14.0,1.75,0.439,14.5,4.22,0.0,0.0,0.0,100,6968,98.31,22.5
2020-04-06 17:00:00,-9.1,15.1,-10.6,14.3,0.308,15.4,0.16,0.363,14.1,1.75,0.436,14.5,4.24,0.0,0.0,0.0,100,6962,98.28,21.7
2020-04-06 18:00:00,-9.1,15.2,-10.6,14.3,0.308,15.6,0.16,0.363,14.1,1.74,0.434,14.5,4.29,0.0,0.0,0.0,100,6955,98.25,20.9
2020-04-06 19:00:00,-9.1,15.3,-10.6,14.4,0.308,15.7,0.16,0.363,14.2,1.75,0.434,14.5,4.3,0.0,0.0,0.0,100,6951,98.31,19.8
2020-04-06 20:00:00,-9.1,15.4,-10.6,14.5,0.308,15.8,0.16,0.364,14.3,1.74,0.434,14.6,4.29,0.0,0.0,0.0,100,6948,98.35,19.4
2020-04-06 21:00:00,-9.1,15.5,-10.6,14.5,0.308,15.9,0.16,0.364,14.3,1.74,0.434,14.6,4.29,0.0,0.0,0.0,100,6945,98.37,18.8
2020-04-06 22:00:00,-9.1,15.6,-10.6,14.6,0.308,15.9,0.16,0.364,14.4,1.74,0.434,14.6,4.3,0.0,0.0,0.0,100,6943,98.36,18.3
2020-04-06 23:00:00,-9.1,15.6,-10.6,14.6,0.308,16.0,0.16,0.364,14.4,1.74,0.434,14.6,4.3,0.0,0.0,0.0,100,6941,98.36,17.5
2020-04-07 00:00:00,-9.1,15.6,-10.6,14.7,0.308,16.0,0.16,0.364,14.5,1.74,0.433,14.6,4.31,0.0,0.0,0.0,100,6938,98.33,17.6
2020-04-07 01:00:00,-9.1,15.7,-10.6,14.7,0.308,16.0,0.16,0.364,14.6,1.74,0.434,14.6,4.31,0.0,0.0,0.0,100,6936,98.32,18.0
2020-04-07 02:00:00,-9.1,15.7,-10.6,14.8,0.308,16.0,0.16,0.365,14.6,1.73,0.434,14.7,4.3,0.0,0.0,0.0,100,6929,98.24,18.1
2020-04-07 03:00:00,-9.1,15.7,-10.6,14.9,0.308,16.0,0.16,0.365,14.7,1.73,0.434,14.7,4.3,0.0,0.0,0.0,100,6926,98.19,18.2
2020-04-07 04:00:00,-9.1,15.7,-10.6,14.9,0.308,16.1,0.16,0.365,14.7,1.73,0.434,14.7,4.3,0.0,0.0,0.0,100,6925,98.18,18.4
2020-04-07 05:00:00,-9.1,15.8,-10.6,15.0,0.308,16.1,0.16,0.365,14.8,1.73,0.434,14.8,4.3,0.0,0.0,0.0,100,6924,98.21,18.5
2020-04-07 06:00:00,-9.1,15.8,-10.6,15.0,0.308,16.1,0.16,0.365,14.8,1.73,0.434,14.8,4.3,0.0,0.0,0.0,100,6920,98.21,18.5
2020-04-07 07:00:00,-9.1,15.8,-10.6,15.0,0.308,16.1,0.16,0.365,14.9,1.72,0.434,14.8,4.3,0.0,0.0,0.0,100,6924,98.24,19.2
2020-04-07 08:00:00,-9.1,15.9,-10.6,15.1,0.308,16.2,0.16,0.365,14.9,1.72,0.434,14.8,4.29,0.0,0.0,0.0,100,6918,98.24,21.5
2020-04-07 09:00:00,-9.2,15.9,-10.6,15.1,0.308,16.2,0.16,0.365,15.0,1.71,0.434,14.9,4.3,0.0,0.0,0.0,100,6930,98.23,23.8
2020-04-07 10:00:00,-9.2,16.0,-10.6,15.2,0.308,16.3,0.16,0.365,15.0,1.69,0.434,14.9,4.3,0.0,0.0,0.0,100,6937,98.17,24.7
2020-04-07 11:00:00,-9.2,16.1,-10.6,15.2,0.308,16.4,0.16,0.365,15.0,1.67,0.434,14.9,4.3,0.0,0.0,0.0,100,6957,98.12,26.6
2020-04-07 12:00:00,-9.2,16.3,-10.6,15.2,0.307,16.5,0.16,0.366,15.1,1.66,0.433,15.0,4.3,0.0,0.0,0.0,100,6969,98.03,29.8
2020-04-07 13:00:00,-9.2,16.5,-10.6,15.3,0.307,16.7,0.16,0.366,15.1,1.65,0.433,15.0,4.3,0.0,0.0,0.0,100,6983,97.99,31.2
2020-04-07 14:00:00,-9.2,16.7,-10.6,15.3,0.307,16.9,0.16,0.365,15.1,1.63,0.43200000000000005,15.0,4.3,0.0,0.0,0.0,100,6985,97.91,31.8
2020-04-07 15:00:00,-9.2,16.9,-10.6,15.4,0.307,17.1,0.16,0.363,15.2,1.61,0.43200000000000005,15.0,4.3,0.0,0.0,0.0,100,6983,97.86,32.2
2020-04-07 16:00:00,-9.2,17.1,-10.6,15.4,0.307,17.4,0.16,0.363,15.2,1.6,0.43200000000000005,15.0,4.31,0.0,0.0,0.0,100,6974,97.83,31.7
2020-04-07 17:00:00,-9.2,17.3,-10.6,15.5,0.307,17.6,0.16,0.363,15.3,1.58,0.43200000000000005,15.1,4.3,0.0,0.0,0.0,100,6966,97.83,30.0
2020-04-07 18:00:00,-9.3,17.5,-10.6,15.5,0.307,17.8,0.16,0.363,15.4,1.56,0.43200000000000005,15.1,4.3,0.0,0.0,0.0,100,6956,97.84,27.6
2020-04-07 19:00:00,-9.3,17.6,-10.7,15.6,0.307,18.0,0.16,0.363,15.5,1.55,0.43200000000000005,15.1,4.3,0.0,0.0,0.0,100,6946,97.88,23.5
2020-04-07 20:00:00,-9.3,17.7,-10.7,15.7,0.307,18.0,0.16,0.363,15.5,1.55,0.43200000000000005,15.2,4.29,0.0,0.0,0.0,100,6940,97.92,21.2
2020-04-07 21:00:00,-9.3,17.7,-10.7,15.7,0.307,18.1,0.16,0.364,15.6,1.55,0.43200000000000005,15.2,4.29,0.0,0.0,0.0,100,6935,97.94,19.9
2020-04-07 22:00:00,-9.3,17.7,-10.7,15.8,0.307,18.1,0.16,0.364,15.7,1.55,0.433,15.2,4.28,0.0,0.0,0.0,100,6931,97.94,18.9
2020-04-07 23:00:00,-9.3,17.7,-10.7,15.9,0.307,18.1,0.16,0.364,15.8,1.55,0.433,15.2,4.28,0.0,0.0,0.0,100,6929,97.94,18.7
2020-04-08 00:00:00,-9.3,17.7,-10.7,16.0,0.307,18.1,0.16,0.365,15.9,1.54,0.433,15.3,4.28,0.0,0.0,0.0,100,6927,97.91,18.5
2020-04-08 01:00:00,-9.3,17.7,-10.7,16.0,0.306,18.0,0.16,0.365,16.0,1.54,0.433,15.3,4.28,0.0,0.0,0.0,100,6925,97.87,18.4
2020-04-08 02:00:00,-9.3,17.6,-10.7,16.1,0.306,18.0,0.16,0.365,16.0,1.54,0.434,15.4,4.27,0.0,0.0,0.0,100,6921,97.82,17.8
2020-04-08 03:00:00,-9.3,17.6,-10.7,16.1,0.306,17.9,0.16,0.365,16.1,1.54,0.434,15.4,4.27,0.0,0.0,0.0,100,6919,97.79,17.5
2020-04-08 04:00:00,-9.4,17.5,-10.7,16.2,0.306,17.9,0.16,0.365,16.1,1.54,0.434,15.4,4.28,0.0,0.0,0.0,100,6915,97.81,16.5
2020-04-08 05:00:00,-9.4,17.5,-10.7,16.2,0.306,17.9,0.16,0.366,16.2,1.54,0.434,15.5,4.27,0.0,0.0,0.0,100,6913,97.83,15.4
2020-04-08 06:00:00,-9.4,17.4,-10.7,16.3,0.306,17.8,0.16,0.366,16.2,1.54,0.434,15.5,4.28,0.0,0.0,0.0,100,6913,97.89,15.6
2020-04-08 07:00:00,-9.4,17.4,-10.7,16.3,0.307,17.7,0.16,0.365,16.2,1.54,0.434,15.6,4.27,0.0,0.0,0.0,100,6913,97.95,16.6
2020-04-08 08:00:00,-9.4,17.3,-10.7,16.3,0.306,17.7,0.16,0.365,16.3,1.53,0.434,15.6,4.26,0.0,0.0,0.0,100,6907,97.95,19.0
2020-04-08 09:00:00,-9.4,17.3,-10.7,16.4,0.306,17.6,0.16,0.365,16.3,1.53,0.434,15.6,4.27,0.0,0.0,0.0,100,6941,97.94,25.2
2020-04-08 10:00:00,-9.4,17.3,-10.7,16.4,0.306,17.6,0.16,0.365,16.3,1.51,0.434,15.7,4.27,0.0,0.0,0.0,100,6967,97.92,29.3
2020-04-08 11:00:00,-9.4,17.4,-10.7,16.4,0.306,17.6,0.16,0.365,16.3,1.5,0.434,15.7,4.27,0.0,0.0,0.0,100,6983,97.85,31.8
2020-04-08 12:00:00,-9.4,17.6,-10.7,16.4,0.306,17.8,0.16,0.364,16.3,1.48,0.433,15.7,4.28,0.0,0.0,0.0,100,6991,97.81,33.1
2020-04-08 13:00:00,-9.5,17.8,-10.7,16.4,0.305,17.9,0.16,0.364,16.3,1.45,0.433,15.8,4.27,0.0,0.0,0.0,100,6992,97.74,34.0
2020-04-08 14:00:00,-9.5,18.0,-10.7,16.5,0.305,18.1,0.16,0.364,16.4,1.43,0.433,15.8,4.27,0.0,0.0,0.0,100,6992,97.69,34.4
2020-04-08 15:00:00,-9.5,18.2,-10.7,16.5,0.305,18.3,0.16,0.363,16.4,1.41,0.43200000000000005,15.8,4.28,0.0,0.0,0.0,100,6989,97.66,34.0
2020-04-08 16:00:00,-9.5,18.4,-10.7,16.5,0.305,18.5,0.16,0.36200000000000004,16.4,1.39,0.43200000000000005,15.8,4.28,0.0,0.0,0.0,100,6976,97.64,32.7
2020-04-08 17:00:00,-9.6,18.5,-10.8,16.6,0.305,18.7,0.16,0.36200000000000004,16.5,1.37,0.43200000000000005,15.9,4.27,0.0,0.0,0.0,100,6965,97.65,30.3
2020-04-08 18:00:00,-9.6,18.6,-10.8,16.6,0.305,18.8,0.16,0.363,16.5,1.36,0.43200000000000005,15.9,4.27,0.0,0.0,0.0,100,6957,97.69,26.8
2020-04-08 19:00:00,-9.6,18.7,-10.8,16.7,0.304,19.0,0.16,0.363,16.6,1.35,0.43200000000000005,15.9,4.27,0.0,0.0,0.0,100,6945,97.78,20.9
2020-04-08 20:00:00,-9.7,18.7,-10.8,16.7,0.304,19.0,0.16,0.363,16.6,1.35,0.433,16.0,4.27,0.0,0.0,0.0,100,6940,97.9,17.7
2020-04-08 21:00:00,-9.7,18.7,-10.8,16.8,0.305,19.0,0.16,0.363,16.7,1.35,0.433,16.0,4.27,0.0,0.0,0.0,100,6938,98.01,17.2
2020-04-08 22:00:00,-9.7,18.7,-10.8,16.9,0.305,18.9,0.16,0.363,16.8,1.35,0.433,16.0,4.27,0.0,0.0,0.0,100,6938,98.06,19.1
2020-04-08 23:00:00,-9.8,18.6,-10.8,16.9,0.304,18.8,0.16,0.364,16.9,1.35,0.434,16.0,4.26,0.0,0.0,0.0,100,6939,98.1,20.5
2020-04-09 00:00:00,-9.8,18.5,-10.8,17.0,0.304,18.8,0.16,0.364,16.9,1.35,0.434,16.1,4.25,0.0,0.0,0.0,100,6934,98.13,20.7
2020-04-09 01:00:00,-9.8,18.5,-10.8,17.0,0.304,18.7,0.16,0.364,16.9,1.35,0.434,16.1,4.25,0.0,0.0,0.0,100,6930,98.14,19.8
2020-04-09 02:00:00,-9.9,18.4,-10.8,17.1,0.304,18.6,0.16,0.364,17.0,1.34,0.434,16.1,4.25,0.0,0.0,0.0,100,6924,98.11,19.0
2020-04-09 03:00:00,-9.9,18.3,-10.8,17.1,0.304,18.5,0.16,0.364,17.0,1.34,0.434,16.2,4.24,0.0,0.0,0.0,100,6922,98.14,17.5
2020-04-09 04:00:00,-10.0,18.2,-10.8,17.1,0.304,18.4,0.16,0.364,17.0,1.34,0.434,16.2,4.25,0.0,0.0,0.0,100,6919,98.16,16.6
2020-04-09 05:00:00,-10.0,18.1,-10.8,17.2,0.303,18.3,0.16,0.364,17.1,1.33,0.434,16.2,4.25,0.0,0.0,0.0,100,6915,98.23,15.5
2020-04-09 06:00:00,-10.0,17.9,-10.8,17.2,0.303,18.2,0.16,0.364,17.1,1.34,0.435,16.3,4.24,0.0,0.0,0.0,100,6915,98.3,15.3
2020-04-09 07:00:00,-10.0,17.8,-10.8,17.2,0.303,18.1,0.16,0.363,17.1,1.33,0.435,16.3,4.23,0.0,0.0,0.0,100,6919,98.39,16.2
2020-04-09 08:00:00,-10.1,17.7,-10.8,17.2,0.303,18.0,0.16,0.363,17.1,1.33,0.435,16.3,4.24,0.0,0.0,0.0,100,6908,98.44,18.3
2020-04-09 09:00:00,-10.1,17.6,-10.8,17.2,0.303,17.9,0.16,0.363,17.1,1.31,0.435,16.4,4.24,0.0,0.0,0.0,100,6934,98.51,20.4
2020-04-09 10:00:00,-10.2,17.5,-10.8,17.2,0.302,17.8,0.16,0.36200000000000004,17.1,1.31,0.435,16.4,4.24,0.0,0.0,0.0,100,6951,98.58,22.4
2020-04-09 11:00:00,-10.2,17.5,-10.8,17.2,0.302,17.8,0.16,0.36200000000000004,17.0,1.3,0.435,16.4,4.23,0.0,0.0,0.0,100,6969,98.53,23.7
2020-04-09 12:00:00,-10.2,17.6,-10.8,17.2,0.302,17.8,0.16,0.36200000000000004,17.0,1.29,0.434,16.4,4.23,0.0,0.0,0.0,100,6989,98.46,25.5
2020-04-09 13:00:00,-10.3,17.7,-10.8,17.2,0.302,17.8,0.16,0.361,17.0,1.27,0.434,16.5,4.23,0.0,0.0,0.0,100,6997,98.39,25.9
2020-04-09 14:00:00,-10.3,17.7,-10.8,17.2,0.302,17.8,0.16,0.361,17.0,1.26,0.434,16.5,4.23,0.0,0.0,0.0,100,6995,98.33,24.9
2020-04-09 15:00:00,-10.4,17.8,-10.8,17.2,0.301,17.9,0.16,0.36,17.0,1.25,0.434,16.5,4.23,0.0,0.0,0.0,100,6989,98.34,24.1
2020-04-09 16:00:00,-10.4,17.9,-10.8,17.2,0.301,18.0,0.16,0.36,17.0,1.24,0.434,16.5,4.23,0.0,0.0,0.0,100,6984,98.37,23.2
2020-04-09 17:00:00,-10.5,17.9,-10.8,17.2,0.301,18.0,0.16,0.359,17.0,1.23,0.434,16.5,4.23,0.0,0.0,0.0,100,6978,98.35,21.7
2020-04-09 18:00:00,-10.5,17.9,-10.8,17.2,0.301,18.0,0.16,0.36,17.0,1.22,0.434,16.5,4.23,0.0,0.0,0.0,100,6973,98.38,19.7
2020-04-09 19:00:00,-10.6,17.9,-10.8,17.2,0.301,18.0,0.16,0.36,17.0,1.2,0.434,16.5,4.23,0.0,0.0,0.0,100,6967,98.44,18.2
2020-04-09 20:00:00,-10.7,17.8,-10.9,17.2,0.3,18.0,0.16,0.36,17.0,1.2,0.434,16.6,4.23,0.0,0.0,0.0,100,6960,98.56,16.9
2020-04-09 21:00:00,-10.7,17.7,-10.9,17.2,0.3,17.9,0.16,0.36,17.0,1.2,0.434,16.6,4.23,0.0,0.0,0.0,100,6961,98.64,15.3
2020-04-09 22:00:00,-10.8,17.6,-10.9,17.2,0.3,17.8,0.16,0.36,17.0,1.2,0.434,16.6,4.22,0.0,0.0,0.0,100,6954,98.75,14.6
2020-04-09 23:00:00,-10.8,17.5,-10.9,17.2,0.3,17.7,0.16,0.36,17.0,1.2,0.434,16.6,4.23,0.0,0.0,0.0,100,6954,98.82,14.3
2020-04-10 00:00:00,-10.9,17.4,-10.9,17.2,0.3,17.6,0.17,0.36,17.0,1.2,0.434,16.6,4.23,0.0,0.0,0.0,100,6953,98.84,14.0
2020-04-10 01:00:00,-10.9,17.2,-10.9,17.2,0.3,17.5,0.17,0.36,17.0,1.2,0.435,16.6,4.22,0.0,0.0,0.0,100,6948,98.86,13.3
2020-04-10 02:00:00,-11.0,17.1,-10.9,17.2,0.3,17.4,0.17,0.36,17.0,1.2,0.436,16.6,4.22,0.0,0.0,0.0,100,6941,98.89,12.2
2020-04-10 03:00:00,-11.1,17.0,-10.9,17.2,0.299,17.3,0.17,0.361,17.0,1.2,0.436,16.6,4.21,0.0,0.0,0.0,100,6939,98.9,10.5
2020-04-10 04:00:00,-11.1,16.9,-10.9,17.2,0.299,17.2,0.17,0.361,17.0,1.2,0.436,16.6,4.21,0.0,0.0,0.0,100,6935,98.92,9.4
2020-04-10 05:00:00,-11.2,16.8,-10.9,17.2,0.299,17.0,0.17,0.36,16.9,1.2,0.436,16.6,4.21,0.0,0.0,0.0,100,6935,98.95,9.0
2020-04-10 06:00:00,-11.2,16.6,-10.9,17.2,0.299,16.9,0.17,0.36,16.9,1.2,0.436,16.7,4.21,0.0,0.0,0.0,100,6932,99.0,9.0
2020-04-10 07:00:00,-11.2,16.4,-10.9,17.2,0.299,16.8,0.17,0.36,16.9,1.2,0.435,16.7,4.21,0.0,0.0,0.0,100,6945,99.08,10.9
2020-04-10 08:00:00,-11.3,16.3,-10.9,17.1,0.299,16.6,0.17,0.359,16.9,1.2,0.435,16.7,4.21,0.0,0.0,0.0,100,6944,99.11,13.7
2020-04-10 09:00:00,-11.4,16.1,-11.0,17.1,0.298,16.4,0.17,0.358,16.8,1.2,0.436,16.7,4.19,0.0,0.0,0.0,100,6974,99.13,16.4
2020-04-10 10:00:00,-11.4,16.1,-11.0,17.1,0.298,16.4,0.17,0.35700000000000004,16.8,1.19,0.435,16.7,4.21,0.0,0.0,0.0,100,7001,99.1,18.8
2020-04-10 11:00:00,-11.5,16.1,-11.0,17.0,0.298,16.3,0.17,0.35700000000000004,16.7,1.19,0.435,16.7,4.21,0.0,0.0,0.0,100,7016,99.0,20.5
2020-04-10 12:00:00,-11.6,16.2,-11.0,17.0,0.297,16.3,0.17,0.355,16.7,1.19,0.434,16.7,4.21,0.0,0.0,0.0,100,7023,98.91,22.5
2020-04-10 13:00:00,-11.6,16.3,-11.0,16.9,0.297,16.3,0.17,0.355,16.6,1.19,0.435,16.7,4.21,0.46299999999999997,16.3,4.88,100,7025,98.8,23.9
2020-04-10 14:00:00,-11.6,16.4,-11.0,16.9,0.297,16.4,0.17,0.355,16.6,1.18,0.434,16.7,4.21,0.461,16.3,4.91,100,7022,98.69,24.6
2020-04-10 15:00:00,-11.7,16.6,-11.0,16.9,0.297,16.6,0.17,0.354,16.5,1.18,0.434,16.7,4.2,0.45899999999999996,16.3,4.92,100,7017,98.6,24.8
2020-04-10 16:00:00,-11.8,16.7,-11.0,16.9,0.297,16.7,0.17,0.353,16.5,1.17,0.434,16.7,4.2,0.457,16.3,4.96,100,7009,98.56,23.7
2020-04-10 17:00:00,-11.9,16.8,-11.0,16.9,0.297,16.8,0.17,0.353,16.5,1.17,0.434,16.7,4.21,0.456,16.3,4.95,100,7000,98.49,22.8
2020-04-10 18:00:00,-11.9,16.9,-11.1,16.8,0.29600000000000004,17.0,0.17,0.353,16.5,1.16,0.433,16.6,4.22,0.456,16.3,4.97,100,6988,98.43,19.6
2020-04-10 19:00:00,-12.0,16.9,-11.1,16.8,0.29600000000000004,17.0,0.17,0.353,16.5,1.15,0.433,16.6,4.21,0.456,16.3,4.96,100,6983,98.4,16.5
2020-04-10 20:00:00,-12.1,17.0,-11.1,16.9,0.29600000000000004,17.1,0.17,0.353,16.5,1.15,0.433,16.6,4.21,0.455,16.3,4.97,100,6979,98.43,15.3
2020-04-10 21:00:00,-12.2,16.9,-11.1,16.9,0.29600000000000004,17.1,0.17,0.353,16.5,1.15,0.433,16.6,4.21,0.455,16.3,4.98,100,6976,98.41,14.2
2020-04-10 22:00:00,-12.2,16.9,-11.1,16.9,0.29600000000000004,17.1,0.17,0.353,16.5,1.15,0.433,16.6,4.21,0.45399999999999996,16.3,4.97,100,6973,98.4,13.5
2020-04-10 23:00:00,-12.3,16.8,-11.2,16.9,0.29600000000000004,17.0,0.17,0.353,16.5,1.14,0.433,16.6,4.21,0.45299999999999996,16.4,4.98,100,6970,98.4,12.5
2020-04-11 00:00:00,-12.4,16.8,-11.2,16.9,0.29600000000000004,17.0,0.17,0.353,16.6,1.14,0.433,16.6,4.21,0.45299999999999996,16.4,4.99,100,6970,98.4,13.4
2020-04-11 01:00:00,-12.4,16.7,-11.2,16.9,0.29600000000000004,17.0,0.17,0.35200000000000004,16.6,1.14,0.433,16.6,4.21,0.45299999999999996,16.4,4.99,100,6968,98.34,13.6
2020-04-11 02:00:00,-12.5,16.6,-11.2,16.9,0.295,16.9,0.17,0.35200000000000004,16.6,1.14,0.433,16.6,4.22,0.45299999999999996,16.4,4.98,100,6964,98.23,12.8
2020-04-11 03:00:00,-12.5,16.6,-11.2,16.9,0.295,16.8,0.17,0.35200000000000004,16.6,1.14,0.433,16.6,4.22,0.452,16.4,4.98,100,6960,98.17,12.0
2020-04-11 04:00:00,-12.6,16.5,-11.3,16.9,0.295,16.8,0.17,0.35200000000000004,16.6,1.14,0.433,16.6,4.22,0.452,16.4,4.98,100,6960,98.16,11.7
2020-04-11 05:00:00,-12.6,16.4,-11.3,16.9,0.295,16.8,0.17,0.35200000000000004,16.6,1.14,0.433,16.6,4.22,0.452,16.4,4.99,100,6959,98.15,11.9
2020-04-11 06:00:00,-12.6,16.4,-11.3,16.9,0.295,16.7,0.17,0.35200000000000004,16.6,1.13,0.433,16.6,4.22,0.452,16.4,4.99,100,6958,98.14,12.8
2020-04-11 07:00:00,-12.7,16.3,-11.4,16.9,0.295,16.6,0.17,0.35200000000000004,16.6,1.14,0.433,16.6,4.22,0.451,16.4,5.0,100,6968,98.16,15.5
2020-04-11 08:00:00,-12.7,16.3,-11.4,16.9,0.295,16.6,0.17,0.35100000000000003,16.6,1.14,0.433,16.6,4.22,0.451,16.4,5.0,100,6946,98.17,17.0
2020-04-11 09:00:00,-12.8,16.3,-11.4,16.9,0.294,16.6,0.17,0.35100000000000003,16.6,1.14,0.43200000000000005,16.6,4.22,0.45,16.4,4.85,100,6974,98.15,19.2
2020-04-11 10:00:00,-12.9,16.3,-11.5,16.9,0.294,16.6,0.17,0.35,16.6,1.15,0.43200000000000005,16.7,4.22,0.45,16.4,4.84,100,6983,98.08,22.4
2020-04-11 11:00:00,-13.0,16.4,-11.5,16.9,0.294,16.6,0.17,0.35,16.6,1.15,0.43200000000000005,16.7,4.23,0.449,16.4,4.84,100,6972,98.05,20.1
2020-04-11 12:00:00,-13.0,16.5,-11.5,16.9,0.294,16.7,0.17,0.348,16.5,1.14,0.431,16.7,4.23,0.449,16.4,4.84,100,6972,97.98,17.5
2020-04-11 13:00:00,-13.1,16.6,-11.5,16.8,0.294,16.8,0.17,0.34700000000000003,16.5,1.14,0.43200000000000005,16.7,4.22,0.44799999999999995,16.4,4.85,100,6981,97.84,17.8
2020-04-11 14:00:00,-13.1,16.7,-11.6,16.8,0.294,16.8,0.17,0.34700000000000003,16.5,1.13,0.43200000000000005,16.7,4.22,0.447,16.4,4.82,100,6973,97.7,17.3
2020-04-11 15:00:00,-13.1,16.8,-11.6,16.8,0.295,16.9,0.17,0.34600000000000003,16.5,1.13,0.431,16.7,4.23,0.449,16.4,4.79,100,6969,97.67,15.8
2020-04-11 16:00:00,-13.2,16.8,-11.6,16.8,0.295,17.0,0.17,0.34600000000000003,16.5,1.12,0.431,16.7,4.22,0.449,16.4,4.78,100,6967,97.6,15.5
2020-04-11 17:00:00,-13.2,16.8,-11.7,16.9,0.295,17.0,0.17,0.34700000000000003,16.5,1.13,0.431,16.7,4.21,0.44799999999999995,16.4,4.78,100,6965,97.55,15.1
2020-04-11 18:00:00,-13.3,16.8,-11.7,16.9,0.295,17.0,0.17,0.34700000000000003,16.6,1.12,0.431,16.7,4.21,0.44799999999999995,16.4,4.79,100,6961,97.46,14.9
2020-04-11 19:00:00,-13.3,16.8,-11.7,16.9,0.295,17.0,0.17,0.34700000000000003,16.6,1.12,0.431,16.7,4.21,0.447,16.4,4.77,100,6957,97.52,14.8
2020-04-11 20:00:00,-13.3,16.8,-11.8,16.9,0.294,17.0,0.17,0.34700000000000003,16.6,1.12,0.431,16.7,4.21,0.446,16.4,4.78,100,6955,97.51,14.8
2020-04-11 21:00:00,-13.4,16.8,-11.8,16.9,0.294,17.0,0.17,0.34700000000000003,16.6,1.12,0.431,16.7,4.21,0.445,16.4,4.8,100,6954,97.38,14.9
2020-04-11 22:00:00,-13.4,16.7,-11.8,16.9,0.294,17.0,0.17,0.34700000000000003,16.6,1.11,0.431,16.7,4.2,0.445,16.4,4.79,100,6954,97.45,15.5
2020-04-11 23:00:00,-9.8,16.4,-10.7,16.7,0.445,16.6,0.6,0.41100000000000003,16.4,1.44,0.457,16.6,4.0,0.47600000000000003,16.4,4.47,100,6949,97.42,15.4
2020-04-12 00:00:00,-9.1,16.3,-10.5,16.8,0.46299999999999997,16.6,0.74,0.41700000000000004,16.5,1.46,0.461,16.6,3.97,0.48200000000000004,16.4,4.36,100,6948,97.32,15.2
2020-04-12 01:00:00,-9.1,16.3,-10.5,16.8,0.462,16.6,0.81,0.41600000000000004,16.5,1.49,0.46299999999999997,16.7,3.97,0.48200000000000004,16.4,4.32,100,6948,97.26,15.0
2020-04-12 02:00:00,-9.1,16.3,-10.5,16.8,0.462,16.6,0.83,0.41700000000000004,16.5,1.52,0.46399999999999997,16.7,3.97,0.483,16.4,4.32,100,6934,97.13,14.8
2020-04-12 03:00:00,-9.1,16.4,-10.5,16.8,0.461,16.6,0.85,0.41700000000000004,16.5,1.53,0.46399999999999997,16.7,3.95,0.483,16.4,4.3,100,6932,97.1,15.5
2020-04-12 04:00:00,-9.1,16.4,-10.5,16.8,0.461,16.7,0.85,0.41600000000000004,16.5,1.55,0.465,16.7,3.95,0.484,16.4,4.29,100,6933,96.99,15.8
2020-04-12 05:00:00,-9.1,16.4,-10.5,16.8,0.46,16.7,0.87,0.418,16.5,1.54,0.465,16.7,3.95,0.484,16.5,4.3,100,6931,96.95,16.0
2020-04-12 06:00:00,-9.1,16.4,-10.5,16.8,0.46,16.7,0.88,0.42,16.5,1.55,0.466,16.7,3.94,0.484,16.4,4.29,100,6932,97.02,16.8
2020-04-12 07:00:00,-9.1,16.4,-10.5,16.8,0.46,16.7,0.88,0.42,16.5,1.55,0.467,16.7,3.93,0.485,16.5,4.28,100,6935,96.94,17.0
2020-04-12 08:00:00,-9.1,16.4,-10.5,16.8,0.45899999999999996,16.7,0.9,0.419,16.5,1.56,0.467,16.7,3.93,0.485,16.4,4.28,100,6922,96.89,18.6
2020-04-12 09:00:00,-9.1,16.5,-10.5,16.8,0.45799999999999996,16.7,0.91,0.419,16.5,1.58,0.467,16.7,3.93,0.485,16.5,4.27,100,6953,96.86,20.5
2020-04-12 10:00:00,-9.1,16.5,-10.5,16.8,0.45799999999999996,16.8,0.92,0.42100000000000004,16.5,1.58,0.467,16.7,3.93,0.484,16.5,4.27,100,6979,96.84,23.5
2020-04-12 11:00:00,-9.1,16.6,-10.5,16.8,0.449,16.8,0.66,0.42200000000000004,16.5,1.59,0.467,16.7,3.92,0.484,16.5,4.27,100,6982,96.78,25.1
2020-04-12 12:00:00,-9.1,16.8,-10.5,16.8,0.419,16.9,0.27,0.42200000000000004,16.5,1.6,0.467,16.7,3.92,0.484,16.5,4.27,100,6994,96.79,25.9
2020-04-12 13:00:00,-9.1,17.0,-10.5,16.8,0.379,17.1,0.24,0.424,16.5,1.6,0.467,16.7,3.91,0.484,16.5,4.26,100,7000,96.8,23.9
2020-04-12 14:00:00,-9.0,17.1,-10.5,16.8,0.36700000000000005,17.2,0.23,0.424,16.5,1.62,0.469,16.7,3.9,0.483,16.5,4.27,100,7000,96.81,24.9
2020-04-12 15:00:00,-9.0,17.3,-10.5,16.8,0.359,17.4,0.22,0.426,16.5,1.63,0.47,16.7,3.89,0.48100000000000004,16.5,4.29,100,6995,97.11,18.8
2020-04-12 16:00:00,-9.0,17.4,-10.5,16.9,0.353,17.5,0.22,0.42700000000000005,16.5,1.64,0.47,16.7,3.88,0.48100000000000004,16.5,4.28,100,6998,97.32,16.0
2020-04-12 17:00:00,-9.1,17.4,-10.4,16.9,0.348,17.5,0.22,0.428,16.6,1.65,0.47,16.7,3.86,0.48100000000000004,16.5,4.28,100,6995,97.53,13.8
2020-04-12 18:00:00,-9.2,17.4,-10.4,16.9,0.344,17.5,0.23,0.43,16.6,1.66,0.47100000000000003,16.7,3.85,0.48100000000000004,16.5,4.29,100,6987,97.74,10.8
2020-04-12 19:00:00,-9.2,17.2,-10.4,17.0,0.341,17.4,0.22,0.43200000000000005,16.7,1.67,0.47100000000000003,16.7,3.85,0.48100000000000004,16.5,4.28,100,6981,98.0,8.1
2020-04-12 20:00:00,-9.2,17.1,-10.4,17.0,0.33799999999999997,17.3,0.21,0.43200000000000005,16.7,1.68,0.47100000000000003,16.7,3.84,0.48100000000000004,16.5,4.28,100,6979,98.22,6.9
2020-04-12 21:00:00,-9.2,16.8,-10.4,17.0,0.335,17.1,0.22,0.433,16.7,1.68,0.47200000000000003,16.7,3.84,0.48100000000000004,16.5,4.28,100,6976,98.4,6.3
2020-04-12 22:00:00,-9.2,16.6,-10.4,17.0,0.33299999999999996,16.8,0.21,0.434,16.7,1.7,0.47200000000000003,16.7,3.83,0.48100000000000004,16.6,4.27,100,6974,98.54,5.8
2020-04-12 23:00:00,-9.2,16.3,-10.4,17.0,0.332,16.6,0.2,0.435,16.7,1.7,0.47200000000000003,16.7,3.82,0.48100000000000004,16.6,4.26,100,6973,98.72,5.3
2020-04-13 00:00:00,-9.1,16.1,-10.4,17.0,0.33,16.4,0.2,0.435,16.7,1.71,0.473,16.7,3.81,0.48100000000000004,16.6,4.27,100,6972,98.78,4.1
2020-04-13 01:00:00,-9.1,15.8,-10.4,17.0,0.32799999999999996,16.1,0.2,0.436,16.7,1.72,0.473,16.7,3.81,0.48100000000000004,16.6,4.26,100,6967,98.79,2.9
2020-04-13 02:00:00,-9.1,15.6,-10.4,17.0,0.327,15.9,0.2,0.436,16.7,1.72,0.473,16.8,3.81,0.48100000000000004,16.6,4.26,100,6961,98.79,2.6
2020-04-13 03:00:00,-9.1,15.3,-10.3,17.0,0.326,15.6,0.2,0.43700000000000006,16.6,1.72,0.473,16.8,3.8,0.48100000000000004,16.6,4.26,100,6959,98.86,2.0
2020-04-13 04:00:00,-9.1,15.1,-10.3,16.9,0.324,15.4,0.2,0.43700000000000006,16.5,1.73,0.473,16.8,3.8,0.48100000000000004,16.6,4.26,100,6960,98.96,1.6
2020-04-13 05:00:00,-9.1,14.9,-10.3,16.9,0.324,15.1,0.2,0.43700000000000006,16.5,1.73,0.473,16.8,3.8,0.48100000000000004,16.6,4.26,100,6959,99.08,1.9
2020-04-13 06:00:00,-9.1,14.6,-10.3,16.8,0.322,14.9,0.2,0.43700000000000006,16.4,1.74,0.473,16.8,3.8,0.48100000000000004,16.6,4.26,100,6960,99.14,2.3
2020-04-13 07:00:00,-9.1,14.4,-10.3,16.7,0.322,14.7,0.2,0.43700000000000006,16.3,1.75,0.473,16.8,3.8,0.48100000000000004,16.6,4.25,100,6963,99.21,3.0
2020-04-13 08:00:00,-9.1,14.2,-10.3,16.7,0.32,14.5,0.2,0.43700000000000006,16.3,1.74,0.473,16.7,3.8,0.48100000000000004,16.6,4.26,100,6938,99.3,3.9
2020-04-13 09:00:00,-9.1,14.0,-10.3,16.6,0.319,14.3,0.2,0.436,16.2,1.75,0.473,16.7,3.79,0.48100000000000004,16.6,4.25,100,6969,99.37,6.2
2020-04-13 10:00:00,-9.1,13.8,-10.3,16.5,0.319,14.1,0.2,0.435,16.1,1.75,0.473,16.7,3.79,0.48,16.6,4.26,100,7003,99.41,8.4
2020-04-13 11:00:00,-9.1,13.6,-10.3,16.4,0.318,13.9,0.2,0.435,16.0,1.75,0.473,16.7,3.78,0.48,16.6,4.27,100,7033,99.37,10.3
2020-04-13 12:00:00,-9.1,13.6,-10.3,16.4,0.317,13.9,0.2,0.434,15.9,1.76,0.473,16.7,3.78,0.48,16.6,4.27,100,7040,99.3,11.9
2020-04-13 13:00:00,-9.1,13.6,-10.3,16.3,0.316,13.9,0.2,0.434,15.8,1.76,0.473,16.6,3.79,0.479,16.6,4.27,100,7039,99.27,13.0
2020-04-13 14:00:00,-9.1,13.7,-10.3,16.2,0.316,13.9,0.2,0.433,15.7,1.77,0.473,16.6,3.78,0.479,16.6,4.27,100,7035,99.17,11.9
2020-04-13 15:00:00,-9.1,13.7,-10.2,16.1,0.316,14.0,0.2,0.431,15.6,1.77,0.473,16.6,3.78,0.479,16.6,4.27,100,7036,99.06,12.0
2020-04-13 16:00:00,-9.1,13.8,-10.2,16.0,0.315,14.1,0.2,0.426,15.6,1.8,0.473,16.6,3.77,0.479,16.6,4.27,100,7033,99.03,12.2
2020-04-13 17:00:00,-9.1,13.8,-10.2,16.0,0.315,14.1,0.2,0.418,15.5,1.84,0.473,16.5,3.77,0.479,16.6,4.27,100,7020,99.05,11.5
2020-04-13 18:00:00,-9.1,13.7,-10.2,15.9,0.315,14.1,0.2,0.413,15.4,1.86,0.473,16.5,3.77,0.479,16.6,4.27,100,7015,99.06,9.0
2020-04-13 19:00:00,-9.1,13.7,-10.2,15.9,0.314,14.1,0.2,0.41200000000000003,15.3,1.87,0.473,16.5,3.76,0.479,16.6,4.27,100,7011,99.15,7.0
2020-04-13 20:00:00,-9.1,13.6,-10.2,15.8,0.314,14.0,0.2,0.41200000000000003,15.3,1.87,0.473,16.4,3.77,0.479,16.6,4.27,100,7005,99.23,5.5
2020-04-13 21:00:00,-9.1,13.5,-10.2,15.8,0.314,13.9,0.2,0.41100000000000003,15.2,1.86,0.47200000000000003,16.4,3.76,0.479,16.6,4.27,100,7000,99.28,4.2
2020-04-13 22:00:00,-9.1,13.4,-10.2,15.7,0.314,13.8,0.2,0.41100000000000003,15.2,1.86,0.473,16.4,3.76,0.479,16.6,4.27,100,7001,99.31,3.5
2020-04-13 23:00:00,-9.1,13.3,-10.2,15.7,0.313,13.7,0.2,0.41,15.2,1.86,0.473,16.3,3.76,0.479,16.5,4.27,100,6999,99.37,4.1
2020-04-14 00:00:00,-9.1,13.2,-10.2,15.6,0.313,13.6,0.2,0.41,15.1,1.86,0.473,16.3,3.76,0.479,16.5,4.27,100,6998,99.39,5.3
2020-04-14 01:00:00,-9.1,13.0,-10.2,15.6,0.313,13.5,0.2,0.409,15.1,1.8,0.473,16.2,3.76,0.479,16.5,4.27,100,7001,99.37,5.7
2020-04-14 02:00:00,-9.1,12.9,-10.1,15.5,0.313,13.4,0.2,0.40700000000000003,15.0,1.38,0.473,16.2,3.76,0.479,16.4,4.28,100,6991,99.37,5.8
2020-04-14 03:00:00,-9.1,12.8,-10.1,15.5,0.312,13.3,0.2,0.406,15.0,1.36,0.473,16.2,3.75,0.479,16.4,4.28,100,6992,99.39,5.3
2020-04-14 04:00:00,-9.1,12.7,-10.1,15.4,0.312,13.1,0.21,0.406,14.9,1.32,0.473,16.2,3.75,0.479,16.4,4.28,100,6988,99.46,4.5
2020-04-14 05:00:00,-9.1,12.6,-10.1,15.4,0.312,13.1,0.21,0.40399999999999997,14.9,1.27,0.47200000000000003,16.1,3.75,0.479,16.4,4.28,100,6986,99.49,3.6
2020-04-14 06:00:00,-9.1,12.5,-10.1,15.3,0.311,13.0,0.21,0.40299999999999997,14.8,1.25,0.47100000000000003,16.1,3.78,0.48100000000000004,16.4,4.26,100,6988,99.55,2.8
2020-04-14 07:00:00,-9.1,12.4,-10.1,15.3,0.31,12.9,0.21,0.402,14.8,1.24,0.47,16.1,3.78,0.48100000000000004,16.4,4.25,100,6992,99.6,3.1
2020-04-14 08:00:00,-9.1,12.3,-10.1,15.2,0.31,12.7,0.21,0.386,14.7,1.26,0.47,16.0,3.77,0.48,16.4,4.26,100,6963,99.62,4.1
2020-04-14 09:00:00,-9.1,12.2,-10.1,15.1,0.311,12.6,0.21,0.369,14.6,1.26,0.47100000000000003,16.0,3.77,0.479,16.4,4.26,100,6982,99.68,4.8
2020-04-14 10:00:00,-9.1,12.1,-10.1,15.1,0.311,12.6,0.21,0.36700000000000005,14.6,1.26,0.47100000000000003,16.0,3.75,0.479,16.4,4.27,100,7005,99.69,7.5
2020-04-14 11:00:00,-9.1,12.0,-10.1,15.0,0.311,12.5,0.21,0.366,14.5,1.25,0.47200000000000003,16.0,3.75,0.479,16.4,4.27,100,7027,99.62,10.6
2020-04-14 12:00:00,-9.1,12.0,-10.1,15.0,0.31,12.5,0.21,0.365,14.4,1.24,0.47100000000000003,15.9,3.76,0.479,16.3,4.27,100,7025,99.53,11.4
2020-04-14 13:00:00,-9.1,12.1,-10.0,14.9,0.31,12.5,0.21,0.365,14.4,1.23,0.47100000000000003,15.9,3.76,0.479,16.3,4.27,100,7028,99.45,11.3
2020-04-14 14:00:00,-9.1,12.2,-10.0,14.8,0.31,12.6,0.21,0.364,14.3,1.23,0.47100000000000003,15.8,3.75,0.479,16.3,4.26,100,7030,99.37,11.9
2020-04-14 15:00:00,-9.1,12.3,-10.0,14.8,0.31,12.7,0.21,0.363,14.3,1.22,0.47100000000000003,15.8,3.75,0.479,16.3,4.25,100,7030,99.28,12.2
2020-04-14 16:00:00,-9.1,12.3,-10.0,14.7,0.31,12.8,0.21,0.36200000000000004,14.2,1.21,0.47100000000000003,15.8,3.75,0.479,16.3,4.26,100,7024,99.25,11.2
2020-04-14 17:00:00,-9.1,12.4,-10.0,14.7,0.31,12.9,0.21,0.36200000000000004,14.2,1.21,0.47100000000000003,15.7,3.75,0.479,16.2,4.26,100,7016,99.26,10.2
2020-04-14 18:00:00,-9.2,12.5,-10.0,14.7,0.31,12.9,0.21,0.36200000000000004,14.1,1.2,0.47100000000000003,15.7,3.75,0.479,16.2,4.27,100,7008,99.29,8.8
2020-04-14 19:00:00,-9.2,12.5,-10.0,14.6,0.31,13.0,0.21,0.36200000000000004,14.1,1.19,0.47100000000000003,15.7,3.74,0.479,16.2,4.26,100,7005,99.31,7.3
2020-04-14 20:00:00,-9.2,12.5,-10.0,14.6,0.31,13.0,0.21,0.36200000000000004,14.1,1.19,0.47,15.7,3.75,0.479,16.2,4.26,100,7001,99.36,4.9
2020-04-14 21:00:00,-9.2,12.5,-10.1,14.6,0.31,12.9,0.22,0.361,14.1,1.18,0.47,15.6,3.75,0.479,16.2,4.26,100,6997,99.4,2.7
2020-04-14 22:00:00,-9.1,12.4,-10.2,14.6,0.31,12.9,0.21,0.36200000000000004,14.1,1.18,0.47,15.6,3.75,0.479,16.2,4.25,100,6995,99.39,0.9
2020-04-14 23:00:00,-9.2,12.3,-10.2,14.5,0.31,12.8,0.21,0.36200000000000004,14.1,1.18,0.47,15.6,3.75,0.479,16.1,4.25,100,6995,99.37,1.1
2020-04-15 00:00:00,-9.2,12.3,-10.2,14.5,0.31,12.8,0.21,0.361,14.0,1.17,0.47,15.5,3.75,0.48,16.1,4.25,100,6990,99.34,0.4
